met_id	met_name	reaction_id	decision	partner	partner_name
MAM01285	ADP	R_MAR00141	exchange	MAM01371	ATP
MAM01285	ADP	R_MAR00441	exchange	MAM01371	ATP
MAM01285	ADP	R_MAR00448	exchange	MAM01371	ATP
MAM01285	ADP	R_MAR00450	exchange	MAM01371	ATP
MAM01285	ADP	R_MAR00454	exchange	MAM01371	ATP
MAM01285	ADP	R_MAR00457	exchange	MAM01371	ATP
MAM01285	ADP	R_MAR00460	exchange	MAM01371	ATP
MAM01285	ADP	R_MAR00604	exchange	MAM01371	ATP
MAM01285	ADP	R_MAR00636	exchange	MAM01371	ATP
MAM01285	ADP	R_MAR00648	exchange	MAM01371	ATP
MAM01285	ADP	R_MAR00673	exchange	MAM01371	ATP
MAM01285	ADP	R_MAR00674	exchange	MAM01371	ATP
MAM01285	ADP	R_MAR00675	exchange	MAM01371	ATP
MAM01285	ADP	R_MAR00676	exchange	MAM01371	ATP
MAM01285	ADP	R_MAR00677	exchange	MAM01371	ATP
MAM01285	ADP	R_MAR00678	exchange	MAM01371	ATP
MAM01285	ADP	R_MAR00744	exchange	MAM01371	ATP
MAM01285	ADP	R_MAR00760	exchange	MAM01371	ATP
MAM01285	ADP	R_MAR00773	exchange	MAM01371	ATP
MAM01285	ADP	R_MAR01445	exchange	MAM01371	ATP
MAM01285	ADP	R_MAR01448	exchange	MAM01371	ATP
MAM01285	ADP	R_MAR01451	exchange	MAM01371	ATP
MAM01285	ADP	R_MAR01472	exchange	MAM01371	ATP
MAM01285	ADP	R_MAR01520	exchange	MAM01371	ATP
MAM01285	ADP	R_MAR01618	exchange	MAM01371	ATP
MAM01285	ADP	R_MAR01628	exchange	MAM01371	ATP
MAM01285	ADP	R_MAR01634	exchange	MAM01371	ATP
MAM01285	ADP	R_MAR02997	exchange	MAM01371	ATP
MAM01285	ADP	R_MAR03004	exchange	MAM01371	ATP
MAM01285	ADP	R_MAR03208	exchange	MAM01371	ATP
MAM01285	ADP	R_MAR03300	exchange	MAM01371	ATP
MAM01285	ADP	R_MAR03303	exchange	MAM01371	ATP
MAM01285	ADP	R_MAR03308	exchange	MAM01371	ATP
MAM01285	ADP	R_MAR03313	exchange	MAM01371	ATP
MAM01285	ADP	R_MAR03318	exchange	MAM01371	ATP
MAM01285	ADP	R_MAR03324	exchange	MAM01371	ATP
MAM01285	ADP	R_MAR03325	exchange	MAM01371	ATP
MAM01285	ADP	R_MAR03481	exchange	MAM01371	ATP
MAM01285	ADP	R_MAR03773	exchange	MAM01371	ATP
MAM01285	ADP	R_MAR03871	exchange	MAM01371	ATP
MAM01285	ADP	R_MAR03889	exchange	MAM01371	ATP
MAM01285	ADP	R_MAR03890	exchange	MAM01371	ATP
MAM01285	ADP	R_MAR03895	exchange	MAM01371	ATP
MAM01285	ADP	R_MAR03968	exchange	MAM01371	ATP
MAM01285	ADP	R_MAR04034	exchange	MAM01371	ATP
MAM01285	ADP	R_MAR04044	exchange	MAM01371	ATP
MAM01285	ADP	R_MAR04054	exchange	MAM01371	ATP
MAM01285	ADP	R_MAR04058	exchange	MAM01371	ATP
MAM01285	ADP	R_MAR04065	exchange	MAM01371	ATP
MAM01285	ADP	R_MAR04066	exchange	MAM01371	ATP
MAM01285	ADP	R_MAR04068	exchange	MAM01371	ATP
MAM01285	ADP	R_MAR04130	exchange	MAM01371	ATP
MAM01285	ADP	R_MAR04143	exchange	MAM01371	ATP
MAM01285	ADP	R_MAR04149	exchange	MAM01371	ATP
MAM01285	ADP	R_MAR04152	exchange	MAM01371	ATP
MAM01285	ADP	R_MAR04186	exchange	MAM01371	ATP
MAM01285	ADP	R_MAR04194	exchange	MAM01371	ATP
MAM01285	ADP	R_MAR04206	exchange	MAM01371	ATP
MAM01285	ADP	R_MAR04253	exchange	MAM01371	ATP
MAM01285	ADP	R_MAR04265	exchange	MAM01371	ATP
MAM01285	ADP	R_MAR04268	exchange	MAM01371	ATP
MAM01285	ADP	R_MAR04269	exchange	MAM01371	ATP
MAM01285	ADP	R_MAR04291	exchange	MAM01371	ATP
MAM01285	ADP	R_MAR04297	exchange	MAM01371	ATP
MAM01285	ADP	R_MAR04310	exchange	MAM01371	ATP
MAM01285	ADP	R_MAR04317	exchange	MAM01371	ATP
MAM01285	ADP	R_MAR04318	exchange	MAM01371	ATP
MAM01285	ADP	R_MAR04319	exchange	MAM01371	ATP
MAM01285	ADP	R_MAR04320	exchange	MAM01371	ATP
MAM01285	ADP	R_MAR04324	exchange	MAM01371	ATP
MAM01285	ADP	R_MAR04326	exchange	MAM01371	ATP
MAM01285	ADP	R_MAR04338	exchange	MAM01371	ATP
MAM01285	ADP	R_MAR04340	exchange	MAM01371	ATP
MAM01285	ADP	R_MAR04350	exchange	MAM01371	ATP
MAM01285	ADP	R_MAR04358	exchange	MAM01371	ATP
MAM01285	ADP	R_MAR04368	exchange	MAM01371	ATP
MAM01285	ADP	R_MAR04379	exchange	MAM01371	ATP
MAM01285	ADP	R_MAR04394	exchange	MAM01371	ATP
MAM01285	ADP	R_MAR04402	exchange	MAM01371	ATP
MAM01285	ADP	R_MAR04414	exchange	MAM01371	ATP
MAM01285	ADP	R_MAR04420	exchange	MAM01371	ATP
MAM01285	ADP	R_MAR04451	exchange	MAM01371	ATP
MAM01285	ADP	R_MAR04476	exchange	MAM01371	ATP
MAM01285	ADP	R_MAR04480	exchange	MAM01371	ATP
MAM01285	ADP	R_MAR04483	exchange	MAM01371	ATP
MAM01285	ADP	R_MAR04490	exchange	MAM01371	ATP
MAM01285	ADP	R_MAR04494	exchange	MAM01371	ATP
MAM01285	ADP	R_MAR04512	exchange	MAM01371	ATP
MAM01285	ADP	R_MAR04513	exchange	MAM01371	ATP
MAM01285	ADP	R_MAR04524	exchange	MAM01371	ATP
MAM01285	ADP	R_MAR04528	exchange	MAM01371	ATP
MAM01285	ADP	R_MAR04567	exchange	MAM01371	ATP
MAM01285	ADP	R_MAR04570	exchange	MAM01371	ATP
MAM01285	ADP	R_MAR04572	exchange	MAM01371	ATP
MAM01285	ADP	R_MAR04584	exchange	MAM01371	ATP
MAM01285	ADP	R_MAR04595	exchange	MAM01371	ATP
MAM01285	ADP	R_MAR04600	exchange	MAM01371	ATP
MAM01285	ADP	R_MAR04601	exchange	MAM01371	ATP
MAM01285	ADP	R_MAR04633	exchange	MAM01371	ATP
MAM01285	ADP	R_MAR04635	exchange	MAM01371	ATP
MAM01285	ADP	R_MAR04637	exchange	MAM01371	ATP
MAM01285	ADP	R_MAR04640	exchange	MAM01371	ATP
MAM01285	ADP	R_MAR04641	exchange	MAM01371	ATP
MAM01285	ADP	R_MAR04666	exchange	MAM01371	ATP
MAM01285	ADP	R_MAR04670	exchange	MAM01371	ATP
MAM01285	ADP	R_MAR04673	exchange	MAM01371	ATP
MAM01285	ADP	R_MAR04675	exchange	MAM01371	ATP
MAM01285	ADP	R_MAR04714	exchange	MAM01371	ATP
MAM01285	ADP	R_MAR04715	exchange	MAM01371	ATP
MAM01285	ADP	R_MAR04718	exchange	MAM01371	ATP
MAM01285	ADP	R_MAR04730	exchange	MAM01371	ATP
MAM01285	ADP	R_MAR04731	exchange	MAM01371	ATP
MAM01285	ADP	R_MAR04799	exchange	MAM01371	ATP
MAM01285	ADP	R_MAR04802	exchange	MAM01371	ATP
MAM01285	ADP	R_MAR04808	exchange	MAM01371	ATP
MAM01285	ADP	R_MAR04810	exchange	MAM01371	ATP
MAM01285	ADP	R_MAR05266	exchange	MAM01371	ATP
MAM01285	ADP	R_MAR05267	exchange	MAM01371	ATP
MAM01285	ADP	R_MAR05268	exchange	MAM01371	ATP
MAM01285	ADP	R_MAR05269	exchange	MAM01371	ATP
MAM01285	ADP	R_MAR05270	exchange	MAM01371	ATP
MAM01285	ADP	R_MAR05283	exchange	MAM01371	ATP
MAM01285	ADP	R_MAR05284	exchange	MAM01371	ATP
MAM01285	ADP	R_MAR05353	exchange	MAM01371	ATP
MAM01285	ADP	R_MAR05392	exchange	MAM01371	ATP
MAM01285	ADP	R_MAR06506	exchange	MAM01371	ATP
MAM01285	ADP	R_MAR06542	exchange	MAM01371	ATP
MAM01285	ADP	R_MAR06544	exchange	MAM01371	ATP
MAM01285	ADP	R_MAR06546	exchange	MAM01371	ATP
MAM01285	ADP	R_MAR06548	exchange	MAM01371	ATP
MAM01285	ADP	R_MAR06551	exchange	MAM01371	ATP
MAM01285	ADP	R_MAR06554	exchange	MAM01371	ATP
MAM01285	ADP	R_MAR06555	exchange	MAM01371	ATP
MAM01285	ADP	R_MAR06563	exchange	MAM01371	ATP
MAM01285	ADP	R_MAR06566	exchange	MAM01371	ATP
MAM01285	ADP	R_MAR06567	exchange	MAM01371	ATP
MAM01285	ADP	R_MAR06568	exchange	MAM01371	ATP
MAM01285	ADP	R_MAR06573	exchange	MAM01371	ATP
MAM01285	ADP	R_MAR06574	exchange	MAM01371	ATP
MAM01285	ADP	R_MAR06575	exchange	MAM01371	ATP
MAM01285	ADP	R_MAR06576	exchange	MAM01371	ATP
MAM01285	ADP	R_MAR06579	exchange	MAM01371	ATP
MAM01285	ADP	R_MAR06580	exchange	MAM01371	ATP
MAM01285	ADP	R_MAR06581	exchange	MAM01371	ATP
MAM01285	ADP	R_MAR06587	exchange	MAM01371	ATP
MAM01285	ADP	R_MAR06588	exchange	MAM01371	ATP
MAM01285	ADP	R_MAR06589	exchange	MAM01371	ATP
MAM01285	ADP	R_MAR06592	exchange	MAM01371	ATP
MAM01285	ADP	R_MAR06595	exchange	MAM01371	ATP
MAM01285	ADP	R_MAR06625	exchange	MAM01371	ATP
MAM01285	ADP	R_MAR06779	exchange	MAM01371	ATP
MAM01285	ADP	R_MAR06926	exchange	MAM01371	ATP
MAM01285	ADP	R_MAR07129	exchange	MAM01371	ATP
MAM01285	ADP	R_MAR07652	exchange	MAM01371	ATP
MAM01285	ADP	R_MAR07656	exchange	MAM01371	ATP
MAM01285	ADP	R_MAR07672	exchange	MAM01371	ATP
MAM01285	ADP	R_MAR07747	exchange	MAM01334	AMP
MAM01285	ADP	R_MAR07755	exchange	MAM01371	ATP
MAM01285	ADP	R_MAR07878	exchange	MAM01371	ATP
MAM01285	ADP	R_MAR07881	exchange	MAM01371	ATP
MAM01285	ADP	R_MAR07886	exchange	MAM01371	ATP
MAM01285	ADP	R_MAR07887	exchange	MAM01371	ATP
MAM01285	ADP	R_MAR07888	exchange	MAM01371	ATP
MAM01285	ADP	R_MAR07889	exchange	MAM01371	ATP
MAM01285	ADP	R_MAR07890	exchange	MAM01371	ATP
MAM01285	ADP	R_MAR07891	exchange	MAM01371	ATP
MAM01285	ADP	R_MAR07892	exchange	MAM01371	ATP
MAM01285	ADP	R_MAR07893	exchange	MAM01371	ATP
MAM01285	ADP	R_MAR07894	exchange	MAM01371	ATP
MAM01285	ADP	R_MAR07895	exchange	MAM01371	ATP
MAM01285	ADP	R_MAR07908	exchange	MAM01371	ATP
MAM01285	ADP	R_MAR07909	exchange	MAM01371	ATP
MAM01285	ADP	R_MAR07910	exchange	MAM01371	ATP
MAM01285	ADP	R_MAR07911	exchange	MAM01371	ATP
MAM01285	ADP	R_MAR07912	exchange	MAM01371	ATP
MAM01285	ADP	R_MAR07913	exchange	MAM01371	ATP
MAM01285	ADP	R_MAR08074	exchange	MAM01371	ATP
MAM01285	ADP	R_MAR08105	exchange	MAM01371	ATP
MAM01285	ADP	R_MAR08106	exchange	MAM01371	ATP
MAM01285	ADP	R_MAR08107	exchange	MAM01371	ATP
MAM01285	ADP	R_MAR08108	exchange	MAM01371	ATP
MAM01285	ADP	R_MAR08109	exchange	MAM01371	ATP
MAM01285	ADP	R_MAR08110	exchange	MAM01371	ATP
MAM01285	ADP	R_MAR08112	exchange	MAM01371	ATP
MAM01285	ADP	R_MAR08113	exchange	MAM01371	ATP
MAM01285	ADP	R_MAR08114	exchange	MAM01371	ATP
MAM01285	ADP	R_MAR08115	exchange	MAM01371	ATP
MAM01285	ADP	R_MAR08116	exchange	MAM01371	ATP
MAM01285	ADP	R_MAR08117	exchange	MAM01371	ATP
MAM01285	ADP	R_MAR08143	exchange	MAM01371	ATP
MAM01285	ADP	R_MAR08274	exchange	MAM01371	ATP
MAM01285	ADP	R_MAR08366	exchange	MAM01371	ATP
MAM01285	ADP	R_MAR08427	exchange	MAM01371	ATP
MAM01285	ADP	R_MAR08459	exchange	MAM01371	ATP
MAM01285	ADP	R_MAR08477	exchange	MAM01371	ATP
MAM01285	ADP	R_MAR08478	exchange	MAM01371	ATP
MAM01285	ADP	R_MAR08484	exchange	MAM01371	ATP
MAM01285	ADP	R_MAR08663	exchange	MAM01371	ATP
MAM01285	ADP	R_MAR08667	exchange	MAM01371	ATP
MAM01285	ADP	R_MAR08726	exchange	MAM01371	ATP
MAM01285	ADP	R_MAR08761	exchange	MAM01371	ATP
MAM01285	ADP	R_MAR08772	exchange	MAM01371	ATP
MAM01285	ADP	R_MAR08781	exchange	MAM01371	ATP
MAM01285	ADP	R_MAR08799	exchange	MAM01371	ATP
MAM01285	ADP	R_MAR08800	exchange	MAM01371	ATP
MAM01285	ADP	R_MAR08803	exchange	MAM01371	ATP
MAM01285	ADP	R_MAR08804	exchange	MAM01371	ATP
MAM01285	ADP	R_MAR08805	exchange	MAM01371	ATP
MAM01285	ADP	R_MAR08811	exchange	MAM01371	ATP
MAM01285	ADP	R_MAR08813	exchange	MAM01371	ATP
MAM01285	ADP	R_MAR08814	exchange	MAM01371	ATP
MAM01285	ADP	R_MAR08815	exchange	MAM01371	ATP
MAM01285	ADP	R_MAR08816	exchange	MAM01371	ATP
MAM01285	ADP	R_MAR08819	exchange	MAM01371	ATP
MAM01285	ADP	R_MAR08821	exchange	MAM01371	ATP
MAM01285	ADP	R_MAR08824	exchange	MAM01371	ATP
MAM01285	ADP	R_MAR08825	exchange	MAM01371	ATP
MAM01285	ADP	R_MAR08826	exchange	MAM01371	ATP
MAM01285	ADP	R_MAR08827	exchange	MAM01371	ATP
MAM01285	ADP	R_MAR08829	exchange	MAM01371	ATP
MAM01285	ADP	R_MAR08830	exchange	MAM01371	ATP
MAM01285	ADP	R_MAR08831	exchange	MAM01371	ATP
MAM01285	ADP	R_MAR08975	exchange	MAM01371	ATP
MAM01285	ADP	R_MAR09466	exchange	MAM01371	ATP
MAM01285	ADP	R_MAR09467	exchange	MAM01371	ATP
MAM01285	ADP	R_MAR09488	exchange	MAM01371	ATP
MAM01285	ADP	R_MAR09493	exchange	MAM01371	ATP
MAM01285	ADP	R_MAR09503	exchange	MAM01371	ATP
MAM01285	ADP	R_MAR09505	exchange	MAM01371	ATP
MAM01285	ADP	R_MAR09517	exchange	MAM01371	ATP
MAM01285	ADP	R_MAR09528	exchange	MAM01371	ATP
MAM01285	ADP	R_MAR09535	exchange	MAM01371	ATP
MAM01285	ADP	R_MAR09718	exchange	MAM01371	ATP
MAM01285	ADP	R_MAR09798	exchange	MAM01371	ATP
MAM01285	ADP	R_MAR09799	exchange	MAM01371	ATP
MAM01285	ADP	R_MAR09800	exchange	MAM01371	ATP
MAM01285	ADP	R_MAR09817	exchange	MAM01371	ATP
MAM01285	ADP	R_MAR09818	exchange	MAM01371	ATP
MAM01285	ADP	R_MAR11394	exchange	MAM01371	ATP
MAM01285	ADP	R_MAR12081	exchange	MAM01371	ATP
MAM01285	ADP	R_MAR12082	exchange	MAM01371	ATP
MAM01285	ADP	R_MAR12083	exchange	MAM01371	ATP
MAM01285	ADP	R_MAR20112	exchange	MAM01371	ATP
MAM01285	ADP	R_MAR20184	exchange	MAM01371	ATP
MAM01285	ADP	R_MAR20191	exchange	MAM01371	ATP
MAM01285	ADP	R_MAR02352	kept		
MAM01285	ADP	R_MAR04612	kept		
MAM01285	ADP	R_MAR05415	kept		
MAM01285	ADP	R_MAR07162	kept		
MAM01285	ADP	R_MAR09497	kept		
MAM01334	AMP	R_MAR00135	exchange	MAM01371	ATP
MAM01334	AMP	R_MAR00153	exchange	MAM01371	ATP
MAM01334	AMP	R_MAR00156	exchange	MAM01371	ATP
MAM01334	AMP	R_MAR00165	exchange	MAM01371	ATP
MAM01334	AMP	R_MAR00168	exchange	MAM01371	ATP
MAM01334	AMP	R_MAR00171	exchange	MAM01371	ATP
MAM01334	AMP	R_MAR00174	exchange	MAM01371	ATP
MAM01334	AMP	R_MAR00177	exchange	MAM01371	ATP
MAM01334	AMP	R_MAR00180	exchange	MAM01371	ATP
MAM01334	AMP	R_MAR00184	exchange	MAM01371	ATP
MAM01334	AMP	R_MAR00188	exchange	MAM01371	ATP
MAM01334	AMP	R_MAR00192	exchange	MAM01371	ATP
MAM01334	AMP	R_MAR00196	exchange	MAM01371	ATP
MAM01334	AMP	R_MAR00200	exchange	MAM01371	ATP
MAM01334	AMP	R_MAR00204	exchange	MAM01371	ATP
MAM01334	AMP	R_MAR00209	exchange	MAM01371	ATP
MAM01334	AMP	R_MAR00213	exchange	MAM01371	ATP
MAM01334	AMP	R_MAR00217	exchange	MAM01371	ATP
MAM01334	AMP	R_MAR00226	exchange	MAM01371	ATP
MAM01334	AMP	R_MAR00233	exchange	MAM01371	ATP
MAM01334	AMP	R_MAR00237	exchange	MAM01371	ATP
MAM01334	AMP	R_MAR00241	exchange	MAM01371	ATP
MAM01334	AMP	R_MAR00245	exchange	MAM01371	ATP
MAM01334	AMP	R_MAR00249	exchange	MAM01371	ATP
MAM01334	AMP	R_MAR00255	exchange	MAM01371	ATP
MAM01334	AMP	R_MAR00259	exchange	MAM01371	ATP
MAM01334	AMP	R_MAR00263	exchange	MAM01371	ATP
MAM01334	AMP	R_MAR00267	exchange	MAM01371	ATP
MAM01334	AMP	R_MAR00271	exchange	MAM01371	ATP
MAM01334	AMP	R_MAR00275	exchange	MAM01371	ATP
MAM01334	AMP	R_MAR00279	exchange	MAM01371	ATP
MAM01334	AMP	R_MAR00283	exchange	MAM01371	ATP
MAM01334	AMP	R_MAR00289	exchange	MAM01371	ATP
MAM01334	AMP	R_MAR00293	exchange	MAM01371	ATP
MAM01334	AMP	R_MAR00297	exchange	MAM01371	ATP
MAM01334	AMP	R_MAR00301	exchange	MAM01371	ATP
MAM01334	AMP	R_MAR00305	exchange	MAM01371	ATP
MAM01334	AMP	R_MAR00309	exchange	MAM01371	ATP
MAM01334	AMP	R_MAR00313	exchange	MAM01371	ATP
MAM01334	AMP	R_MAR00319	exchange	MAM01371	ATP
MAM01334	AMP	R_MAR00323	exchange	MAM01371	ATP
MAM01334	AMP	R_MAR00327	exchange	MAM01371	ATP
MAM01334	AMP	R_MAR00331	exchange	MAM01371	ATP
MAM01334	AMP	R_MAR00337	exchange	MAM01371	ATP
MAM01334	AMP	R_MAR00341	exchange	MAM01371	ATP
MAM01334	AMP	R_MAR00345	exchange	MAM01371	ATP
MAM01334	AMP	R_MAR00349	exchange	MAM01371	ATP
MAM01334	AMP	R_MAR00353	exchange	MAM01371	ATP
MAM01334	AMP	R_MAR00357	exchange	MAM01371	ATP
MAM01334	AMP	R_MAR00361	exchange	MAM01371	ATP
MAM01334	AMP	R_MAR00365	exchange	MAM01371	ATP
MAM01334	AMP	R_MAR00369	exchange	MAM01371	ATP
MAM01334	AMP	R_MAR00373	exchange	MAM01371	ATP
MAM01334	AMP	R_MAR00377	exchange	MAM01371	ATP
MAM01334	AMP	R_MAR00381	exchange	MAM01371	ATP
MAM01334	AMP	R_MAR00385	exchange	MAM01371	ATP
MAM01334	AMP	R_MAR00389	exchange	MAM01371	ATP
MAM01334	AMP	R_MAR00393	exchange	MAM01371	ATP
MAM01334	AMP	R_MAR00397	exchange	MAM01371	ATP
MAM01334	AMP	R_MAR00401	exchange	MAM01371	ATP
MAM01334	AMP	R_MAR00405	exchange	MAM01371	ATP
MAM01334	AMP	R_MAR00409	exchange	MAM01371	ATP
MAM01334	AMP	R_MAR00413	exchange	MAM01371	ATP
MAM01334	AMP	R_MAR00417	exchange	MAM01371	ATP
MAM01334	AMP	R_MAR00421	exchange	MAM01371	ATP
MAM01334	AMP	R_MAR00425	exchange	MAM01371	ATP
MAM01334	AMP	R_MAR00429	exchange	MAM01371	ATP
MAM01334	AMP	R_MAR00433	exchange	MAM01371	ATP
MAM01334	AMP	R_MAR00437	exchange	MAM01371	ATP
MAM01334	AMP	R_MAR00737	exchange	MAM01371	ATP
MAM01334	AMP	R_MAR00739	exchange	MAM01371	ATP
MAM01334	AMP	R_MAR00742	exchange	MAM01371	ATP
MAM01334	AMP	R_MAR01065	exchange	MAM01371	ATP
MAM01334	AMP	R_MAR01066	exchange	MAM01371	ATP
MAM01334	AMP	R_MAR01067	exchange	MAM01371	ATP
MAM01334	AMP	R_MAR01068	exchange	MAM01371	ATP
MAM01334	AMP	R_MAR01069	exchange	MAM01371	ATP
MAM01334	AMP	R_MAR01070	exchange	MAM01371	ATP
MAM01334	AMP	R_MAR01157	exchange	MAM01371	ATP
MAM01334	AMP	R_MAR01158	exchange	MAM01371	ATP
MAM01334	AMP	R_MAR01159	exchange	MAM01371	ATP
MAM01334	AMP	R_MAR01160	exchange	MAM01371	ATP
MAM01334	AMP	R_MAR01200	exchange	MAM01371	ATP
MAM01334	AMP	R_MAR01201	exchange	MAM01371	ATP
MAM01334	AMP	R_MAR01202	exchange	MAM01371	ATP
MAM01334	AMP	R_MAR01203	exchange	MAM01371	ATP
MAM01334	AMP	R_MAR01248	exchange	MAM01371	ATP
MAM01334	AMP	R_MAR01249	exchange	MAM01371	ATP
MAM01334	AMP	R_MAR01250	exchange	MAM01371	ATP
MAM01334	AMP	R_MAR01251	exchange	MAM01371	ATP
MAM01334	AMP	R_MAR01263	exchange	MAM01371	ATP
MAM01334	AMP	R_MAR01264	exchange	MAM01371	ATP
MAM01334	AMP	R_MAR01265	exchange	MAM01371	ATP
MAM01334	AMP	R_MAR01266	exchange	MAM01371	ATP
MAM01334	AMP	R_MAR01290	exchange	MAM01371	ATP
MAM01334	AMP	R_MAR01436	exchange	MAM01371	ATP
MAM01334	AMP	R_MAR01576	exchange	MAM01371	ATP
MAM01334	AMP	R_MAR01591	exchange	MAM01371	ATP
MAM01334	AMP	R_MAR01624	exchange	MAM01371	ATP
MAM01334	AMP	R_MAR01625	exchange	MAM01371	ATP
MAM01334	AMP	R_MAR01627	exchange	MAM01371	ATP
MAM01334	AMP	R_MAR01697	exchange	MAM01371	ATP
MAM01334	AMP	R_MAR01699	exchange	MAM01371	ATP
MAM01334	AMP	R_MAR01700	exchange	MAM01371	ATP
MAM01334	AMP	R_MAR01726	exchange	MAM01371	ATP
MAM01334	AMP	R_MAR01727	exchange	MAM01371	ATP
MAM01334	AMP	R_MAR01754	exchange	MAM01371	ATP
MAM01334	AMP	R_MAR01756	exchange	MAM01371	ATP
MAM01334	AMP	R_MAR01832	exchange	MAM01371	ATP
MAM01334	AMP	R_MAR01833	exchange	MAM01371	ATP
MAM01334	AMP	R_MAR01841	exchange	MAM01371	ATP
MAM01334	AMP	R_MAR01842	exchange	MAM01371	ATP
MAM01334	AMP	R_MAR01844	exchange	MAM01371	ATP
MAM01334	AMP	R_MAR01845	exchange	MAM01371	ATP
MAM01334	AMP	R_MAR01848	exchange	MAM01371	ATP
MAM01334	AMP	R_MAR02310	exchange	MAM01371	ATP
MAM01334	AMP	R_MAR02312	exchange	MAM01371	ATP
MAM01334	AMP	R_MAR02313	exchange	MAM01371	ATP
MAM01334	AMP	R_MAR02314	exchange	MAM01371	ATP
MAM01334	AMP	R_MAR02786	exchange	MAM01371	ATP
MAM01334	AMP	R_MAR02802	exchange	MAM01371	ATP
MAM01334	AMP	R_MAR02942	exchange	MAM01371	ATP
MAM01334	AMP	R_MAR02943	exchange	MAM01371	ATP
MAM01334	AMP	R_MAR02944	exchange	MAM01371	ATP
MAM01334	AMP	R_MAR02945	exchange	MAM01371	ATP
MAM01334	AMP	R_MAR02946	exchange	MAM01371	ATP
MAM01334	AMP	R_MAR02947	exchange	MAM01371	ATP
MAM01334	AMP	R_MAR02948	exchange	MAM01371	ATP
MAM01334	AMP	R_MAR02949	exchange	MAM01371	ATP
MAM01334	AMP	R_MAR02951	exchange	MAM01371	ATP
MAM01334	AMP	R_MAR02952	exchange	MAM01371	ATP
MAM01334	AMP	R_MAR02954	exchange	MAM01371	ATP
MAM01334	AMP	R_MAR02955	exchange	MAM01371	ATP
MAM01334	AMP	R_MAR02956	exchange	MAM01371	ATP
MAM01334	AMP	R_MAR02957	exchange	MAM01371	ATP
MAM01334	AMP	R_MAR02959	exchange	MAM01371	ATP
MAM01334	AMP	R_MAR02961	exchange	MAM01371	ATP
MAM01334	AMP	R_MAR02962	exchange	MAM01371	ATP
MAM01334	AMP	R_MAR02963	exchange	MAM01371	ATP
MAM01334	AMP	R_MAR02964	exchange	MAM01371	ATP
MAM01334	AMP	R_MAR02965	exchange	MAM01371	ATP
MAM01334	AMP	R_MAR02966	exchange	MAM01371	ATP
MAM01334	AMP	R_MAR02967	exchange	MAM01371	ATP
MAM01334	AMP	R_MAR02968	exchange	MAM01371	ATP
MAM01334	AMP	R_MAR02969	exchange	MAM01371	ATP
MAM01334	AMP	R_MAR02970	exchange	MAM01371	ATP
MAM01334	AMP	R_MAR02971	exchange	MAM01371	ATP
MAM01334	AMP	R_MAR02972	exchange	MAM01371	ATP
MAM01334	AMP	R_MAR02973	exchange	MAM01371	ATP
MAM01334	AMP	R_MAR02974	exchange	MAM01371	ATP
MAM01334	AMP	R_MAR02975	exchange	MAM01371	ATP
MAM01334	AMP	R_MAR02976	exchange	MAM01371	ATP
MAM01334	AMP	R_MAR02977	exchange	MAM01371	ATP
MAM01334	AMP	R_MAR02978	exchange	MAM01371	ATP
MAM01334	AMP	R_MAR02979	exchange	MAM01371	ATP
MAM01334	AMP	R_MAR02980	exchange	MAM01371	ATP
MAM01334	AMP	R_MAR02981	exchange	MAM01371	ATP
MAM01334	AMP	R_MAR02982	exchange	MAM01371	ATP
MAM01334	AMP	R_MAR02983	exchange	MAM01371	ATP
MAM01334	AMP	R_MAR02984	exchange	MAM01371	ATP
MAM01334	AMP	R_MAR02985	exchange	MAM01371	ATP
MAM01334	AMP	R_MAR02986	exchange	MAM01371	ATP
MAM01334	AMP	R_MAR02987	exchange	MAM01371	ATP
MAM01334	AMP	R_MAR02988	exchange	MAM01371	ATP
MAM01334	AMP	R_MAR02989	exchange	MAM01371	ATP
MAM01334	AMP	R_MAR02990	exchange	MAM01371	ATP
MAM01334	AMP	R_MAR02991	exchange	MAM01371	ATP
MAM01334	AMP	R_MAR02992	exchange	MAM01371	ATP
MAM01334	AMP	R_MAR02994	exchange	MAM01371	ATP
MAM01334	AMP	R_MAR02996	exchange	MAM01371	ATP
MAM01334	AMP	R_MAR02998	exchange	MAM01371	ATP
MAM01334	AMP	R_MAR02999	exchange	MAM01371	ATP
MAM01334	AMP	R_MAR03000	exchange	MAM01371	ATP
MAM01334	AMP	R_MAR03001	exchange	MAM01371	ATP
MAM01334	AMP	R_MAR03002	exchange	MAM01371	ATP
MAM01334	AMP	R_MAR03003	exchange	MAM01371	ATP
MAM01334	AMP	R_MAR03273	exchange	MAM01371	ATP
MAM01334	AMP	R_MAR03274	exchange	MAM01371	ATP
MAM01334	AMP	R_MAR03387	exchange	MAM01371	ATP
MAM01334	AMP	R_MAR03388	exchange	MAM01371	ATP
MAM01334	AMP	R_MAR03389	exchange	MAM01371	ATP
MAM01334	AMP	R_MAR03390	exchange	MAM01371	ATP
MAM01334	AMP	R_MAR03480	exchange	MAM01371	ATP
MAM01334	AMP	R_MAR03482	exchange	MAM01371	ATP
MAM01334	AMP	R_MAR03493	exchange	MAM01371	ATP
MAM01334	AMP	R_MAR03797	exchange	MAM01371	ATP
MAM01334	AMP	R_MAR03801	exchange	MAM01371	ATP
MAM01334	AMP	R_MAR03803	exchange	MAM01371	ATP
MAM01334	AMP	R_MAR03805	exchange	MAM01371	ATP
MAM01334	AMP	R_MAR03811	exchange	MAM01371	ATP
MAM01334	AMP	R_MAR03846	exchange	MAM01371	ATP
MAM01334	AMP	R_MAR03872	exchange	MAM01371	ATP
MAM01334	AMP	R_MAR03874	exchange	MAM01371	ATP
MAM01334	AMP	R_MAR03903	exchange	MAM01371	ATP
MAM01334	AMP	R_MAR04046	exchange	MAM01371	ATP
MAM01334	AMP	R_MAR04052	exchange	MAM01371	ATP
MAM01334	AMP	R_MAR04097	exchange	MAM01371	ATP
MAM01334	AMP	R_MAR04099	exchange	MAM01371	ATP
MAM01334	AMP	R_MAR04204	exchange	MAM01371	ATP
MAM01334	AMP	R_MAR04260	exchange	MAM01371	ATP
MAM01334	AMP	R_MAR04261	exchange	MAM01371	ATP
MAM01334	AMP	R_MAR04278	exchange	MAM01371	ATP
MAM01334	AMP	R_MAR04425	exchange	MAM01371	ATP
MAM01334	AMP	R_MAR04441	exchange	MAM01371	ATP
MAM01334	AMP	R_MAR04453	exchange	MAM01371	ATP
MAM01334	AMP	R_MAR04511	exchange	MAM01371	ATP
MAM01334	AMP	R_MAR04606	exchange	MAM01371	ATP
MAM01334	AMP	R_MAR04805	exchange	MAM01371	ATP
MAM01334	AMP	R_MAR05130	exchange	MAM01371	ATP
MAM01334	AMP	R_MAR05131	exchange	MAM01371	ATP
MAM01334	AMP	R_MAR05132	exchange	MAM01371	ATP
MAM01334	AMP	R_MAR05133	exchange	MAM01371	ATP
MAM01334	AMP	R_MAR05134	exchange	MAM01371	ATP
MAM01334	AMP	R_MAR05135	exchange	MAM01371	ATP
MAM01334	AMP	R_MAR05136	exchange	MAM01371	ATP
MAM01334	AMP	R_MAR05137	exchange	MAM01371	ATP
MAM01334	AMP	R_MAR05138	exchange	MAM01371	ATP
MAM01334	AMP	R_MAR05139	exchange	MAM01371	ATP
MAM01334	AMP	R_MAR05140	exchange	MAM01371	ATP
MAM01334	AMP	R_MAR05141	exchange	MAM01371	ATP
MAM01334	AMP	R_MAR05142	exchange	MAM01371	ATP
MAM01334	AMP	R_MAR05143	exchange	MAM01371	ATP
MAM01334	AMP	R_MAR05145	exchange	MAM01371	ATP
MAM01334	AMP	R_MAR05146	exchange	MAM01371	ATP
MAM01334	AMP	R_MAR05147	exchange	MAM01371	ATP
MAM01334	AMP	R_MAR05148	exchange	MAM01371	ATP
MAM01334	AMP	R_MAR05149	exchange	MAM01371	ATP
MAM01334	AMP	R_MAR05150	exchange	MAM01371	ATP
MAM01334	AMP	R_MAR05183	exchange	MAM01371	ATP
MAM01334	AMP	R_MAR05334	exchange	MAM01371	ATP
MAM01334	AMP	R_MAR06432	exchange	MAM01371	ATP
MAM01334	AMP	R_MAR06433	exchange	MAM01371	ATP
MAM01334	AMP	R_MAR06434	exchange	MAM01371	ATP
MAM01334	AMP	R_MAR06435	exchange	MAM01371	ATP
MAM01334	AMP	R_MAR06436	exchange	MAM01371	ATP
MAM01334	AMP	R_MAR06447	exchange	MAM01371	ATP
MAM01334	AMP	R_MAR06448	exchange	MAM01371	ATP
MAM01334	AMP	R_MAR06450	exchange	MAM01371	ATP
MAM01334	AMP	R_MAR06451	exchange	MAM01371	ATP
MAM01334	AMP	R_MAR06453	exchange	MAM01371	ATP
MAM01334	AMP	R_MAR06470	exchange	MAM01371	ATP
MAM01334	AMP	R_MAR06471	exchange	MAM01371	ATP
MAM01334	AMP	R_MAR06472	exchange	MAM01371	ATP
MAM01334	AMP	R_MAR06473	exchange	MAM01371	ATP
MAM01334	AMP	R_MAR06482	exchange	MAM01371	ATP
MAM01334	AMP	R_MAR06484	exchange	MAM01371	ATP
MAM01334	AMP	R_MAR06486	exchange	MAM01371	ATP
MAM01334	AMP	R_MAR06488	exchange	MAM01371	ATP
MAM01334	AMP	R_MAR06604	exchange	MAM01371	ATP
MAM01334	AMP	R_MAR06784	exchange	MAM01371	ATP
MAM01334	AMP	R_MAR06804	exchange	MAM01371	ATP
MAM01334	AMP	R_MAR06833	exchange	MAM01371	ATP
MAM01334	AMP	R_MAR06846	exchange	MAM01371	ATP
MAM01334	AMP	R_MAR07132	exchange	MAM01371	ATP
MAM01334	AMP	R_MAR07152	exchange	MAM01371	ATP
MAM01334	AMP	R_MAR07156	exchange	MAM01371	ATP
MAM01334	AMP	R_MAR07157	exchange	MAM01371	ATP
MAM01334	AMP	R_MAR07620	exchange	MAM01371	ATP
MAM01334	AMP	R_MAR07747	exchange	MAM01285	ADP
MAM01334	AMP	R_MAR07807	exchange	MAM01371	ATP
MAM01334	AMP	R_MAR08712	exchange	MAM01371	ATP
MAM01334	AMP	R_MAR08794	exchange	MAM01371	ATP
MAM01334	AMP	R_MAR08983	exchange	MAM01371	ATP
MAM01334	AMP	R_MAR08996	exchange	MAM01371	ATP
MAM01334	AMP	R_MAR09491	exchange	MAM01371	ATP
MAM01334	AMP	R_MAR09546	exchange	MAM01371	ATP
MAM01334	AMP	R_MAR09870	exchange	MAM01371	ATP
MAM01334	AMP	R_MAR09894	exchange	MAM01371	ATP
MAM01334	AMP	R_MAR10080	exchange	MAM01371	ATP
MAM01334	AMP	R_MAR10094	exchange	MAM01371	ATP
MAM01334	AMP	R_MAR10097	exchange	MAM01371	ATP
MAM01334	AMP	R_MAR10105	exchange	MAM01371	ATP
MAM01334	AMP	R_MAR10111	exchange	MAM01371	ATP
MAM01334	AMP	R_MAR10121	exchange	MAM01371	ATP
MAM01334	AMP	R_MAR10128	exchange	MAM01371	ATP
MAM01334	AMP	R_MAR10450	exchange	MAM01371	ATP
MAM01334	AMP	R_MAR10457	exchange	MAM01371	ATP
MAM01334	AMP	R_MAR11295	exchange	MAM01371	ATP
MAM01334	AMP	R_MAR11416	exchange	MAM01371	ATP
MAM01334	AMP	R_MAR12339	exchange	MAM01371	ATP
MAM01334	AMP	R_MAR12398	exchange	MAM01371	ATP
MAM01334	AMP	R_MAR12520	exchange	MAM01371	ATP
MAM01334	AMP	R_MAR12737	exchange	MAM01371	ATP
MAM01334	AMP	R_MAR12774	exchange	MAM01371	ATP
MAM01334	AMP	R_MAR12845	exchange	MAM01371	ATP
MAM01334	AMP	R_MAR12991	exchange	MAM01371	ATP
MAM01334	AMP	R_MAR12994	exchange	MAM01371	ATP
MAM01334	AMP	R_MAR00062	kept		
MAM01334	AMP	R_MAR00092	kept		
MAM01334	AMP	R_MAR03796	kept		
MAM01334	AMP	R_MAR04010	kept		
MAM01334	AMP	R_MAR04014	kept		
MAM01334	AMP	R_MAR04080	kept		
MAM01334	AMP	R_MAR04081	kept		
MAM01334	AMP	R_MAR04082	kept		
MAM01334	AMP	R_MAR04084	kept		
MAM01334	AMP	R_MAR04085	kept		
MAM01334	AMP	R_MAR04086	kept		
MAM01334	AMP	R_MAR04108	kept		
MAM01334	AMP	R_MAR04255	kept		
MAM01334	AMP	R_MAR04263	kept		
MAM01334	AMP	R_MAR04331	kept		
MAM01334	AMP	R_MAR04412	kept		
MAM01334	AMP	R_MAR04732	kept		
MAM01334	AMP	R_MAR06509	kept		
MAM01334	AMP	R_MAR07144	kept		
MAM01334	AMP	R_MAR07164	kept		
MAM01334	AMP	R_MAR07670	kept		
MAM01334	AMP	R_MAR07713	kept		
MAM01334	AMP	R_MAR07754	kept		
MAM01334	AMP	R_MAR07803	kept		
MAM01334	AMP	R_MAR08087	kept		
MAM01334	AMP	R_MAR08204	kept		
MAM01334	AMP	R_MAR08443	kept		
MAM01334	AMP	R_MAR08444	kept		
MAM01334	AMP	R_MAR08968	kept		
MAM01334	AMP	R_MAR09497	kept		
MAM01334	AMP	R_MAR09570	kept		
MAM01334	AMP	R_MAR20117	kept		
MAM01371	ATP	R_MAR00135	exchange	MAM01334	AMP
MAM01371	ATP	R_MAR00141	exchange	MAM01285	ADP
MAM01371	ATP	R_MAR00153	exchange	MAM01334	AMP
MAM01371	ATP	R_MAR00156	exchange	MAM01334	AMP
MAM01371	ATP	R_MAR00165	exchange	MAM01334	AMP
MAM01371	ATP	R_MAR00168	exchange	MAM01334	AMP
MAM01371	ATP	R_MAR00171	exchange	MAM01334	AMP
MAM01371	ATP	R_MAR00174	exchange	MAM01334	AMP
MAM01371	ATP	R_MAR00177	exchange	MAM01334	AMP
MAM01371	ATP	R_MAR00180	exchange	MAM01334	AMP
MAM01371	ATP	R_MAR00184	exchange	MAM01334	AMP
MAM01371	ATP	R_MAR00188	exchange	MAM01334	AMP
MAM01371	ATP	R_MAR00192	exchange	MAM01334	AMP
MAM01371	ATP	R_MAR00196	exchange	MAM01334	AMP
MAM01371	ATP	R_MAR00200	exchange	MAM01334	AMP
MAM01371	ATP	R_MAR00204	exchange	MAM01334	AMP
MAM01371	ATP	R_MAR00209	exchange	MAM01334	AMP
MAM01371	ATP	R_MAR00213	exchange	MAM01334	AMP
MAM01371	ATP	R_MAR00217	exchange	MAM01334	AMP
MAM01371	ATP	R_MAR00226	exchange	MAM01334	AMP
MAM01371	ATP	R_MAR00233	exchange	MAM01334	AMP
MAM01371	ATP	R_MAR00237	exchange	MAM01334	AMP
MAM01371	ATP	R_MAR00241	exchange	MAM01334	AMP
MAM01371	ATP	R_MAR00245	exchange	MAM01334	AMP
MAM01371	ATP	R_MAR00249	exchange	MAM01334	AMP
MAM01371	ATP	R_MAR00255	exchange	MAM01334	AMP
MAM01371	ATP	R_MAR00259	exchange	MAM01334	AMP
MAM01371	ATP	R_MAR00263	exchange	MAM01334	AMP
MAM01371	ATP	R_MAR00267	exchange	MAM01334	AMP
MAM01371	ATP	R_MAR00271	exchange	MAM01334	AMP
MAM01371	ATP	R_MAR00275	exchange	MAM01334	AMP
MAM01371	ATP	R_MAR00279	exchange	MAM01334	AMP
MAM01371	ATP	R_MAR00283	exchange	MAM01334	AMP
MAM01371	ATP	R_MAR00289	exchange	MAM01334	AMP
MAM01371	ATP	R_MAR00293	exchange	MAM01334	AMP
MAM01371	ATP	R_MAR00297	exchange	MAM01334	AMP
MAM01371	ATP	R_MAR00301	exchange	MAM01334	AMP
MAM01371	ATP	R_MAR00305	exchange	MAM01334	AMP
MAM01371	ATP	R_MAR00309	exchange	MAM01334	AMP
MAM01371	ATP	R_MAR00313	exchange	MAM01334	AMP
MAM01371	ATP	R_MAR00319	exchange	MAM01334	AMP
MAM01371	ATP	R_MAR00323	exchange	MAM01334	AMP
MAM01371	ATP	R_MAR00327	exchange	MAM01334	AMP
MAM01371	ATP	R_MAR00331	exchange	MAM01334	AMP
MAM01371	ATP	R_MAR00337	exchange	MAM01334	AMP
MAM01371	ATP	R_MAR00341	exchange	MAM01334	AMP
MAM01371	ATP	R_MAR00345	exchange	MAM01334	AMP
MAM01371	ATP	R_MAR00349	exchange	MAM01334	AMP
MAM01371	ATP	R_MAR00353	exchange	MAM01334	AMP
MAM01371	ATP	R_MAR00357	exchange	MAM01334	AMP
MAM01371	ATP	R_MAR00361	exchange	MAM01334	AMP
MAM01371	ATP	R_MAR00365	exchange	MAM01334	AMP
MAM01371	ATP	R_MAR00369	exchange	MAM01334	AMP
MAM01371	ATP	R_MAR00373	exchange	MAM01334	AMP
MAM01371	ATP	R_MAR00377	exchange	MAM01334	AMP
MAM01371	ATP	R_MAR00381	exchange	MAM01334	AMP
MAM01371	ATP	R_MAR00385	exchange	MAM01334	AMP
MAM01371	ATP	R_MAR00389	exchange	MAM01334	AMP
MAM01371	ATP	R_MAR00393	exchange	MAM01334	AMP
MAM01371	ATP	R_MAR00397	exchange	MAM01334	AMP
MAM01371	ATP	R_MAR00401	exchange	MAM01334	AMP
MAM01371	ATP	R_MAR00405	exchange	MAM01334	AMP
MAM01371	ATP	R_MAR00409	exchange	MAM01334	AMP
MAM01371	ATP	R_MAR00413	exchange	MAM01334	AMP
MAM01371	ATP	R_MAR00417	exchange	MAM01334	AMP
MAM01371	ATP	R_MAR00421	exchange	MAM01334	AMP
MAM01371	ATP	R_MAR00425	exchange	MAM01334	AMP
MAM01371	ATP	R_MAR00429	exchange	MAM01334	AMP
MAM01371	ATP	R_MAR00433	exchange	MAM01334	AMP
MAM01371	ATP	R_MAR00437	exchange	MAM01334	AMP
MAM01371	ATP	R_MAR00441	exchange	MAM01285	ADP
MAM01371	ATP	R_MAR00448	exchange	MAM01285	ADP
MAM01371	ATP	R_MAR00450	exchange	MAM01285	ADP
MAM01371	ATP	R_MAR00454	exchange	MAM01285	ADP
MAM01371	ATP	R_MAR00457	exchange	MAM01285	ADP
MAM01371	ATP	R_MAR00460	exchange	MAM01285	ADP
MAM01371	ATP	R_MAR00604	exchange	MAM01285	ADP
MAM01371	ATP	R_MAR00636	exchange	MAM01285	ADP
MAM01371	ATP	R_MAR00648	exchange	MAM01285	ADP
MAM01371	ATP	R_MAR00673	exchange	MAM01285	ADP
MAM01371	ATP	R_MAR00674	exchange	MAM01285	ADP
MAM01371	ATP	R_MAR00675	exchange	MAM01285	ADP
MAM01371	ATP	R_MAR00676	exchange	MAM01285	ADP
MAM01371	ATP	R_MAR00677	exchange	MAM01285	ADP
MAM01371	ATP	R_MAR00678	exchange	MAM01285	ADP
MAM01371	ATP	R_MAR00737	exchange	MAM01334	AMP
MAM01371	ATP	R_MAR00739	exchange	MAM01334	AMP
MAM01371	ATP	R_MAR00742	exchange	MAM01334	AMP
MAM01371	ATP	R_MAR00744	exchange	MAM01285	ADP
MAM01371	ATP	R_MAR00760	exchange	MAM01285	ADP
MAM01371	ATP	R_MAR00773	exchange	MAM01285	ADP
MAM01371	ATP	R_MAR01065	exchange	MAM01334	AMP
MAM01371	ATP	R_MAR01066	exchange	MAM01334	AMP
MAM01371	ATP	R_MAR01067	exchange	MAM01334	AMP
MAM01371	ATP	R_MAR01068	exchange	MAM01334	AMP
MAM01371	ATP	R_MAR01069	exchange	MAM01334	AMP
MAM01371	ATP	R_MAR01070	exchange	MAM01334	AMP
MAM01371	ATP	R_MAR01157	exchange	MAM01334	AMP
MAM01371	ATP	R_MAR01158	exchange	MAM01334	AMP
MAM01371	ATP	R_MAR01159	exchange	MAM01334	AMP
MAM01371	ATP	R_MAR01160	exchange	MAM01334	AMP
MAM01371	ATP	R_MAR01200	exchange	MAM01334	AMP
MAM01371	ATP	R_MAR01201	exchange	MAM01334	AMP
MAM01371	ATP	R_MAR01202	exchange	MAM01334	AMP
MAM01371	ATP	R_MAR01203	exchange	MAM01334	AMP
MAM01371	ATP	R_MAR01248	exchange	MAM01334	AMP
MAM01371	ATP	R_MAR01249	exchange	MAM01334	AMP
MAM01371	ATP	R_MAR01250	exchange	MAM01334	AMP
MAM01371	ATP	R_MAR01251	exchange	MAM01334	AMP
MAM01371	ATP	R_MAR01263	exchange	MAM01334	AMP
MAM01371	ATP	R_MAR01264	exchange	MAM01334	AMP
MAM01371	ATP	R_MAR01265	exchange	MAM01334	AMP
MAM01371	ATP	R_MAR01266	exchange	MAM01334	AMP
MAM01371	ATP	R_MAR01290	exchange	MAM01334	AMP
MAM01371	ATP	R_MAR01436	exchange	MAM01334	AMP
MAM01371	ATP	R_MAR01445	exchange	MAM01285	ADP
MAM01371	ATP	R_MAR01448	exchange	MAM01285	ADP
MAM01371	ATP	R_MAR01451	exchange	MAM01285	ADP
MAM01371	ATP	R_MAR01472	exchange	MAM01285	ADP
MAM01371	ATP	R_MAR01520	exchange	MAM01285	ADP
MAM01371	ATP	R_MAR01576	exchange	MAM01334	AMP
MAM01371	ATP	R_MAR01591	exchange	MAM01334	AMP
MAM01371	ATP	R_MAR01618	exchange	MAM01285	ADP
MAM01371	ATP	R_MAR01624	exchange	MAM01334	AMP
MAM01371	ATP	R_MAR01625	exchange	MAM01334	AMP
MAM01371	ATP	R_MAR01627	exchange	MAM01334	AMP
MAM01371	ATP	R_MAR01628	exchange	MAM01285	ADP
MAM01371	ATP	R_MAR01634	exchange	MAM01285	ADP
MAM01371	ATP	R_MAR01697	exchange	MAM01334	AMP
MAM01371	ATP	R_MAR01699	exchange	MAM01334	AMP
MAM01371	ATP	R_MAR01700	exchange	MAM01334	AMP
MAM01371	ATP	R_MAR01726	exchange	MAM01334	AMP
MAM01371	ATP	R_MAR01727	exchange	MAM01334	AMP
MAM01371	ATP	R_MAR01754	exchange	MAM01334	AMP
MAM01371	ATP	R_MAR01756	exchange	MAM01334	AMP
MAM01371	ATP	R_MAR01832	exchange	MAM01334	AMP
MAM01371	ATP	R_MAR01833	exchange	MAM01334	AMP
MAM01371	ATP	R_MAR01841	exchange	MAM01334	AMP
MAM01371	ATP	R_MAR01842	exchange	MAM01334	AMP
MAM01371	ATP	R_MAR01844	exchange	MAM01334	AMP
MAM01371	ATP	R_MAR01845	exchange	MAM01334	AMP
MAM01371	ATP	R_MAR01848	exchange	MAM01334	AMP
MAM01371	ATP	R_MAR02310	exchange	MAM01334	AMP
MAM01371	ATP	R_MAR02312	exchange	MAM01334	AMP
MAM01371	ATP	R_MAR02313	exchange	MAM01334	AMP
MAM01371	ATP	R_MAR02314	exchange	MAM01334	AMP
MAM01371	ATP	R_MAR02786	exchange	MAM01334	AMP
MAM01371	ATP	R_MAR02802	exchange	MAM01334	AMP
MAM01371	ATP	R_MAR02942	exchange	MAM01334	AMP
MAM01371	ATP	R_MAR02943	exchange	MAM01334	AMP
MAM01371	ATP	R_MAR02944	exchange	MAM01334	AMP
MAM01371	ATP	R_MAR02945	exchange	MAM01334	AMP
MAM01371	ATP	R_MAR02946	exchange	MAM01334	AMP
MAM01371	ATP	R_MAR02947	exchange	MAM01334	AMP
MAM01371	ATP	R_MAR02948	exchange	MAM01334	AMP
MAM01371	ATP	R_MAR02949	exchange	MAM01334	AMP
MAM01371	ATP	R_MAR02951	exchange	MAM01334	AMP
MAM01371	ATP	R_MAR02952	exchange	MAM01334	AMP
MAM01371	ATP	R_MAR02954	exchange	MAM01334	AMP
MAM01371	ATP	R_MAR02955	exchange	MAM01334	AMP
MAM01371	ATP	R_MAR02956	exchange	MAM01334	AMP
MAM01371	ATP	R_MAR02957	exchange	MAM01334	AMP
MAM01371	ATP	R_MAR02959	exchange	MAM01334	AMP
MAM01371	ATP	R_MAR02961	exchange	MAM01334	AMP
MAM01371	ATP	R_MAR02962	exchange	MAM01334	AMP
MAM01371	ATP	R_MAR02963	exchange	MAM01334	AMP
MAM01371	ATP	R_MAR02964	exchange	MAM01334	AMP
MAM01371	ATP	R_MAR02965	exchange	MAM01334	AMP
MAM01371	ATP	R_MAR02966	exchange	MAM01334	AMP
MAM01371	ATP	R_MAR02967	exchange	MAM01334	AMP
MAM01371	ATP	R_MAR02968	exchange	MAM01334	AMP
MAM01371	ATP	R_MAR02969	exchange	MAM01334	AMP
MAM01371	ATP	R_MAR02970	exchange	MAM01334	AMP
MAM01371	ATP	R_MAR02971	exchange	MAM01334	AMP
MAM01371	ATP	R_MAR02972	exchange	MAM01334	AMP
MAM01371	ATP	R_MAR02973	exchange	MAM01334	AMP
MAM01371	ATP	R_MAR02974	exchange	MAM01334	AMP
MAM01371	ATP	R_MAR02975	exchange	MAM01334	AMP
MAM01371	ATP	R_MAR02976	exchange	MAM01334	AMP
MAM01371	ATP	R_MAR02977	exchange	MAM01334	AMP
MAM01371	ATP	R_MAR02978	exchange	MAM01334	AMP
MAM01371	ATP	R_MAR02979	exchange	MAM01334	AMP
MAM01371	ATP	R_MAR02980	exchange	MAM01334	AMP
MAM01371	ATP	R_MAR02981	exchange	MAM01334	AMP
MAM01371	ATP	R_MAR02982	exchange	MAM01334	AMP
MAM01371	ATP	R_MAR02983	exchange	MAM01334	AMP
MAM01371	ATP	R_MAR02984	exchange	MAM01334	AMP
MAM01371	ATP	R_MAR02985	exchange	MAM01334	AMP
MAM01371	ATP	R_MAR02986	exchange	MAM01334	AMP
MAM01371	ATP	R_MAR02987	exchange	MAM01334	AMP
MAM01371	ATP	R_MAR02988	exchange	MAM01334	AMP
MAM01371	ATP	R_MAR02989	exchange	MAM01334	AMP
MAM01371	ATP	R_MAR02990	exchange	MAM01334	AMP
MAM01371	ATP	R_MAR02991	exchange	MAM01334	AMP
MAM01371	ATP	R_MAR02992	exchange	MAM01334	AMP
MAM01371	ATP	R_MAR02994	exchange	MAM01334	AMP
MAM01371	ATP	R_MAR02996	exchange	MAM01334	AMP
MAM01371	ATP	R_MAR02997	exchange	MAM01285	ADP
MAM01371	ATP	R_MAR02998	exchange	MAM01334	AMP
MAM01371	ATP	R_MAR02999	exchange	MAM01334	AMP
MAM01371	ATP	R_MAR03000	exchange	MAM01334	AMP
MAM01371	ATP	R_MAR03001	exchange	MAM01334	AMP
MAM01371	ATP	R_MAR03002	exchange	MAM01334	AMP
MAM01371	ATP	R_MAR03003	exchange	MAM01334	AMP
MAM01371	ATP	R_MAR03004	exchange	MAM01285	ADP
MAM01371	ATP	R_MAR03208	exchange	MAM01285	ADP
MAM01371	ATP	R_MAR03273	exchange	MAM01334	AMP
MAM01371	ATP	R_MAR03274	exchange	MAM01334	AMP
MAM01371	ATP	R_MAR03300	exchange	MAM01285	ADP
MAM01371	ATP	R_MAR03303	exchange	MAM01285	ADP
MAM01371	ATP	R_MAR03308	exchange	MAM01285	ADP
MAM01371	ATP	R_MAR03313	exchange	MAM01285	ADP
MAM01371	ATP	R_MAR03318	exchange	MAM01285	ADP
MAM01371	ATP	R_MAR03324	exchange	MAM01285	ADP
MAM01371	ATP	R_MAR03325	exchange	MAM01285	ADP
MAM01371	ATP	R_MAR03387	exchange	MAM01334	AMP
MAM01371	ATP	R_MAR03388	exchange	MAM01334	AMP
MAM01371	ATP	R_MAR03389	exchange	MAM01334	AMP
MAM01371	ATP	R_MAR03390	exchange	MAM01334	AMP
MAM01371	ATP	R_MAR03480	exchange	MAM01334	AMP
MAM01371	ATP	R_MAR03481	exchange	MAM01285	ADP
MAM01371	ATP	R_MAR03482	exchange	MAM01334	AMP
MAM01371	ATP	R_MAR03493	exchange	MAM01334	AMP
MAM01371	ATP	R_MAR03773	exchange	MAM01285	ADP
MAM01371	ATP	R_MAR03797	exchange	MAM01334	AMP
MAM01371	ATP	R_MAR03801	exchange	MAM01334	AMP
MAM01371	ATP	R_MAR03803	exchange	MAM01334	AMP
MAM01371	ATP	R_MAR03805	exchange	MAM01334	AMP
MAM01371	ATP	R_MAR03811	exchange	MAM01334	AMP
MAM01371	ATP	R_MAR03846	exchange	MAM01334	AMP
MAM01371	ATP	R_MAR03871	exchange	MAM01285	ADP
MAM01371	ATP	R_MAR03872	exchange	MAM01334	AMP
MAM01371	ATP	R_MAR03874	exchange	MAM01334	AMP
MAM01371	ATP	R_MAR03889	exchange	MAM01285	ADP
MAM01371	ATP	R_MAR03890	exchange	MAM01285	ADP
MAM01371	ATP	R_MAR03895	exchange	MAM01285	ADP
MAM01371	ATP	R_MAR03903	exchange	MAM01334	AMP
MAM01371	ATP	R_MAR03968	exchange	MAM01285	ADP
MAM01371	ATP	R_MAR04034	exchange	MAM01285	ADP
MAM01371	ATP	R_MAR04044	exchange	MAM01285	ADP
MAM01371	ATP	R_MAR04046	exchange	MAM01334	AMP
MAM01371	ATP	R_MAR04052	exchange	MAM01334	AMP
MAM01371	ATP	R_MAR04054	exchange	MAM01285	ADP
MAM01371	ATP	R_MAR04058	exchange	MAM01285	ADP
MAM01371	ATP	R_MAR04065	exchange	MAM01285	ADP
MAM01371	ATP	R_MAR04066	exchange	MAM01285	ADP
MAM01371	ATP	R_MAR04068	exchange	MAM01285	ADP
MAM01371	ATP	R_MAR04097	exchange	MAM01334	AMP
MAM01371	ATP	R_MAR04099	exchange	MAM01334	AMP
MAM01371	ATP	R_MAR04130	exchange	MAM01285	ADP
MAM01371	ATP	R_MAR04143	exchange	MAM01285	ADP
MAM01371	ATP	R_MAR04149	exchange	MAM01285	ADP
MAM01371	ATP	R_MAR04152	exchange	MAM01285	ADP
MAM01371	ATP	R_MAR04186	exchange	MAM01285	ADP
MAM01371	ATP	R_MAR04194	exchange	MAM01285	ADP
MAM01371	ATP	R_MAR04204	exchange	MAM01334	AMP
MAM01371	ATP	R_MAR04206	exchange	MAM01285	ADP
MAM01371	ATP	R_MAR04253	exchange	MAM01285	ADP
MAM01371	ATP	R_MAR04260	exchange	MAM01334	AMP
MAM01371	ATP	R_MAR04261	exchange	MAM01334	AMP
MAM01371	ATP	R_MAR04265	exchange	MAM01285	ADP
MAM01371	ATP	R_MAR04268	exchange	MAM01285	ADP
MAM01371	ATP	R_MAR04269	exchange	MAM01285	ADP
MAM01371	ATP	R_MAR04278	exchange	MAM01334	AMP
MAM01371	ATP	R_MAR04291	exchange	MAM01285	ADP
MAM01371	ATP	R_MAR04297	exchange	MAM01285	ADP
MAM01371	ATP	R_MAR04310	exchange	MAM01285	ADP
MAM01371	ATP	R_MAR04317	exchange	MAM01285	ADP
MAM01371	ATP	R_MAR04318	exchange	MAM01285	ADP
MAM01371	ATP	R_MAR04319	exchange	MAM01285	ADP
MAM01371	ATP	R_MAR04320	exchange	MAM01285	ADP
MAM01371	ATP	R_MAR04324	exchange	MAM01285	ADP
MAM01371	ATP	R_MAR04326	exchange	MAM01285	ADP
MAM01371	ATP	R_MAR04338	exchange	MAM01285	ADP
MAM01371	ATP	R_MAR04340	exchange	MAM01285	ADP
MAM01371	ATP	R_MAR04350	exchange	MAM01285	ADP
MAM01371	ATP	R_MAR04358	exchange	MAM01285	ADP
MAM01371	ATP	R_MAR04368	exchange	MAM01285	ADP
MAM01371	ATP	R_MAR04379	exchange	MAM01285	ADP
MAM01371	ATP	R_MAR04394	exchange	MAM01285	ADP
MAM01371	ATP	R_MAR04402	exchange	MAM01285	ADP
MAM01371	ATP	R_MAR04414	exchange	MAM01285	ADP
MAM01371	ATP	R_MAR04420	exchange	MAM01285	ADP
MAM01371	ATP	R_MAR04425	exchange	MAM01334	AMP
MAM01371	ATP	R_MAR04441	exchange	MAM01334	AMP
MAM01371	ATP	R_MAR04451	exchange	MAM01285	ADP
MAM01371	ATP	R_MAR04453	exchange	MAM01334	AMP
MAM01371	ATP	R_MAR04476	exchange	MAM01285	ADP
MAM01371	ATP	R_MAR04480	exchange	MAM01285	ADP
MAM01371	ATP	R_MAR04483	exchange	MAM01285	ADP
MAM01371	ATP	R_MAR04490	exchange	MAM01285	ADP
MAM01371	ATP	R_MAR04494	exchange	MAM01285	ADP
MAM01371	ATP	R_MAR04511	exchange	MAM01334	AMP
MAM01371	ATP	R_MAR04512	exchange	MAM01285	ADP
MAM01371	ATP	R_MAR04513	exchange	MAM01285	ADP
MAM01371	ATP	R_MAR04524	exchange	MAM01285	ADP
MAM01371	ATP	R_MAR04528	exchange	MAM01285	ADP
MAM01371	ATP	R_MAR04567	exchange	MAM01285	ADP
MAM01371	ATP	R_MAR04570	exchange	MAM01285	ADP
MAM01371	ATP	R_MAR04572	exchange	MAM01285	ADP
MAM01371	ATP	R_MAR04584	exchange	MAM01285	ADP
MAM01371	ATP	R_MAR04595	exchange	MAM01285	ADP
MAM01371	ATP	R_MAR04600	exchange	MAM01285	ADP
MAM01371	ATP	R_MAR04601	exchange	MAM01285	ADP
MAM01371	ATP	R_MAR04606	exchange	MAM01334	AMP
MAM01371	ATP	R_MAR04633	exchange	MAM01285	ADP
MAM01371	ATP	R_MAR04635	exchange	MAM01285	ADP
MAM01371	ATP	R_MAR04637	exchange	MAM01285	ADP
MAM01371	ATP	R_MAR04640	exchange	MAM01285	ADP
MAM01371	ATP	R_MAR04641	exchange	MAM01285	ADP
MAM01371	ATP	R_MAR04666	exchange	MAM01285	ADP
MAM01371	ATP	R_MAR04670	exchange	MAM01285	ADP
MAM01371	ATP	R_MAR04673	exchange	MAM01285	ADP
MAM01371	ATP	R_MAR04675	exchange	MAM01285	ADP
MAM01371	ATP	R_MAR04714	exchange	MAM01285	ADP
MAM01371	ATP	R_MAR04715	exchange	MAM01285	ADP
MAM01371	ATP	R_MAR04718	exchange	MAM01285	ADP
MAM01371	ATP	R_MAR04730	exchange	MAM01285	ADP
MAM01371	ATP	R_MAR04731	exchange	MAM01285	ADP
MAM01371	ATP	R_MAR04799	exchange	MAM01285	ADP
MAM01371	ATP	R_MAR04802	exchange	MAM01285	ADP
MAM01371	ATP	R_MAR04805	exchange	MAM01334	AMP
MAM01371	ATP	R_MAR04808	exchange	MAM01285	ADP
MAM01371	ATP	R_MAR04810	exchange	MAM01285	ADP
MAM01371	ATP	R_MAR05130	exchange	MAM01334	AMP
MAM01371	ATP	R_MAR05131	exchange	MAM01334	AMP
MAM01371	ATP	R_MAR05132	exchange	MAM01334	AMP
MAM01371	ATP	R_MAR05133	exchange	MAM01334	AMP
MAM01371	ATP	R_MAR05134	exchange	MAM01334	AMP
MAM01371	ATP	R_MAR05135	exchange	MAM01334	AMP
MAM01371	ATP	R_MAR05136	exchange	MAM01334	AMP
MAM01371	ATP	R_MAR05137	exchange	MAM01334	AMP
MAM01371	ATP	R_MAR05138	exchange	MAM01334	AMP
MAM01371	ATP	R_MAR05139	exchange	MAM01334	AMP
MAM01371	ATP	R_MAR05140	exchange	MAM01334	AMP
MAM01371	ATP	R_MAR05141	exchange	MAM01334	AMP
MAM01371	ATP	R_MAR05142	exchange	MAM01334	AMP
MAM01371	ATP	R_MAR05143	exchange	MAM01334	AMP
MAM01371	ATP	R_MAR05145	exchange	MAM01334	AMP
MAM01371	ATP	R_MAR05146	exchange	MAM01334	AMP
MAM01371	ATP	R_MAR05147	exchange	MAM01334	AMP
MAM01371	ATP	R_MAR05148	exchange	MAM01334	AMP
MAM01371	ATP	R_MAR05149	exchange	MAM01334	AMP
MAM01371	ATP	R_MAR05150	exchange	MAM01334	AMP
MAM01371	ATP	R_MAR05183	exchange	MAM01334	AMP
MAM01371	ATP	R_MAR05266	exchange	MAM01285	ADP
MAM01371	ATP	R_MAR05267	exchange	MAM01285	ADP
MAM01371	ATP	R_MAR05268	exchange	MAM01285	ADP
MAM01371	ATP	R_MAR05269	exchange	MAM01285	ADP
MAM01371	ATP	R_MAR05270	exchange	MAM01285	ADP
MAM01371	ATP	R_MAR05283	exchange	MAM01285	ADP
MAM01371	ATP	R_MAR05284	exchange	MAM01285	ADP
MAM01371	ATP	R_MAR05334	exchange	MAM01334	AMP
MAM01371	ATP	R_MAR05353	exchange	MAM01285	ADP
MAM01371	ATP	R_MAR05392	exchange	MAM01285	ADP
MAM01371	ATP	R_MAR06432	exchange	MAM01334	AMP
MAM01371	ATP	R_MAR06433	exchange	MAM01334	AMP
MAM01371	ATP	R_MAR06434	exchange	MAM01334	AMP
MAM01371	ATP	R_MAR06435	exchange	MAM01334	AMP
MAM01371	ATP	R_MAR06436	exchange	MAM01334	AMP
MAM01371	ATP	R_MAR06447	exchange	MAM01334	AMP
MAM01371	ATP	R_MAR06448	exchange	MAM01334	AMP
MAM01371	ATP	R_MAR06450	exchange	MAM01334	AMP
MAM01371	ATP	R_MAR06451	exchange	MAM01334	AMP
MAM01371	ATP	R_MAR06453	exchange	MAM01334	AMP
MAM01371	ATP	R_MAR06470	exchange	MAM01334	AMP
MAM01371	ATP	R_MAR06471	exchange	MAM01334	AMP
MAM01371	ATP	R_MAR06472	exchange	MAM01334	AMP
MAM01371	ATP	R_MAR06473	exchange	MAM01334	AMP
MAM01371	ATP	R_MAR06482	exchange	MAM01334	AMP
MAM01371	ATP	R_MAR06484	exchange	MAM01334	AMP
MAM01371	ATP	R_MAR06486	exchange	MAM01334	AMP
MAM01371	ATP	R_MAR06488	exchange	MAM01334	AMP
MAM01371	ATP	R_MAR06506	exchange	MAM01285	ADP
MAM01371	ATP	R_MAR06542	exchange	MAM01285	ADP
MAM01371	ATP	R_MAR06544	exchange	MAM01285	ADP
MAM01371	ATP	R_MAR06546	exchange	MAM01285	ADP
MAM01371	ATP	R_MAR06548	exchange	MAM01285	ADP
MAM01371	ATP	R_MAR06551	exchange	MAM01285	ADP
MAM01371	ATP	R_MAR06554	exchange	MAM01285	ADP
MAM01371	ATP	R_MAR06555	exchange	MAM01285	ADP
MAM01371	ATP	R_MAR06563	exchange	MAM01285	ADP
MAM01371	ATP	R_MAR06566	exchange	MAM01285	ADP
MAM01371	ATP	R_MAR06567	exchange	MAM01285	ADP
MAM01371	ATP	R_MAR06568	exchange	MAM01285	ADP
MAM01371	ATP	R_MAR06573	exchange	MAM01285	ADP
MAM01371	ATP	R_MAR06574	exchange	MAM01285	ADP
MAM01371	ATP	R_MAR06575	exchange	MAM01285	ADP
MAM01371	ATP	R_MAR06576	exchange	MAM01285	ADP
MAM01371	ATP	R_MAR06579	exchange	MAM01285	ADP
MAM01371	ATP	R_MAR06580	exchange	MAM01285	ADP
MAM01371	ATP	R_MAR06581	exchange	MAM01285	ADP
MAM01371	ATP	R_MAR06587	exchange	MAM01285	ADP
MAM01371	ATP	R_MAR06588	exchange	MAM01285	ADP
MAM01371	ATP	R_MAR06589	exchange	MAM01285	ADP
MAM01371	ATP	R_MAR06592	exchange	MAM01285	ADP
MAM01371	ATP	R_MAR06595	exchange	MAM01285	ADP
MAM01371	ATP	R_MAR06604	exchange	MAM01334	AMP
MAM01371	ATP	R_MAR06625	exchange	MAM01285	ADP
MAM01371	ATP	R_MAR06779	exchange	MAM01285	ADP
MAM01371	ATP	R_MAR06784	exchange	MAM01334	AMP
MAM01371	ATP	R_MAR06804	exchange	MAM01334	AMP
MAM01371	ATP	R_MAR06833	exchange	MAM01334	AMP
MAM01371	ATP	R_MAR06846	exchange	MAM01334	AMP
MAM01371	ATP	R_MAR06926	exchange	MAM01285	ADP
MAM01371	ATP	R_MAR07129	exchange	MAM01285	ADP
MAM01371	ATP	R_MAR07132	exchange	MAM01334	AMP
MAM01371	ATP	R_MAR07152	exchange	MAM01334	AMP
MAM01371	ATP	R_MAR07156	exchange	MAM01334	AMP
MAM01371	ATP	R_MAR07157	exchange	MAM01334	AMP
MAM01371	ATP	R_MAR07620	exchange	MAM01334	AMP
MAM01371	ATP	R_MAR07652	exchange	MAM01285	ADP
MAM01371	ATP	R_MAR07656	exchange	MAM01285	ADP
MAM01371	ATP	R_MAR07672	exchange	MAM01285	ADP
MAM01371	ATP	R_MAR07755	exchange	MAM01285	ADP
MAM01371	ATP	R_MAR07807	exchange	MAM01334	AMP
MAM01371	ATP	R_MAR07878	exchange	MAM01285	ADP
MAM01371	ATP	R_MAR07881	exchange	MAM01285	ADP
MAM01371	ATP	R_MAR07886	exchange	MAM01285	ADP
MAM01371	ATP	R_MAR07887	exchange	MAM01285	ADP
MAM01371	ATP	R_MAR07888	exchange	MAM01285	ADP
MAM01371	ATP	R_MAR07889	exchange	MAM01285	ADP
MAM01371	ATP	R_MAR07890	exchange	MAM01285	ADP
MAM01371	ATP	R_MAR07891	exchange	MAM01285	ADP
MAM01371	ATP	R_MAR07892	exchange	MAM01285	ADP
MAM01371	ATP	R_MAR07893	exchange	MAM01285	ADP
MAM01371	ATP	R_MAR07894	exchange	MAM01285	ADP
MAM01371	ATP	R_MAR07895	exchange	MAM01285	ADP
MAM01371	ATP	R_MAR07908	exchange	MAM01285	ADP
MAM01371	ATP	R_MAR07909	exchange	MAM01285	ADP
MAM01371	ATP	R_MAR07910	exchange	MAM01285	ADP
MAM01371	ATP	R_MAR07911	exchange	MAM01285	ADP
MAM01371	ATP	R_MAR07912	exchange	MAM01285	ADP
MAM01371	ATP	R_MAR07913	exchange	MAM01285	ADP
MAM01371	ATP	R_MAR08074	exchange	MAM01285	ADP
MAM01371	ATP	R_MAR08105	exchange	MAM01285	ADP
MAM01371	ATP	R_MAR08106	exchange	MAM01285	ADP
MAM01371	ATP	R_MAR08107	exchange	MAM01285	ADP
MAM01371	ATP	R_MAR08108	exchange	MAM01285	ADP
MAM01371	ATP	R_MAR08109	exchange	MAM01285	ADP
MAM01371	ATP	R_MAR08110	exchange	MAM01285	ADP
MAM01371	ATP	R_MAR08112	exchange	MAM01285	ADP
MAM01371	ATP	R_MAR08113	exchange	MAM01285	ADP
MAM01371	ATP	R_MAR08114	exchange	MAM01285	ADP
MAM01371	ATP	R_MAR08115	exchange	MAM01285	ADP
MAM01371	ATP	R_MAR08116	exchange	MAM01285	ADP
MAM01371	ATP	R_MAR08117	exchange	MAM01285	ADP
MAM01371	ATP	R_MAR08143	exchange	MAM01285	ADP
MAM01371	ATP	R_MAR08274	exchange	MAM01285	ADP
MAM01371	ATP	R_MAR08366	exchange	MAM01285	ADP
MAM01371	ATP	R_MAR08427	exchange	MAM01285	ADP
MAM01371	ATP	R_MAR08459	exchange	MAM01285	ADP
MAM01371	ATP	R_MAR08477	exchange	MAM01285	ADP
MAM01371	ATP	R_MAR08478	exchange	MAM01285	ADP
MAM01371	ATP	R_MAR08484	exchange	MAM01285	ADP
MAM01371	ATP	R_MAR08663	exchange	MAM01285	ADP
MAM01371	ATP	R_MAR08667	exchange	MAM01285	ADP
MAM01371	ATP	R_MAR08712	exchange	MAM01334	AMP
MAM01371	ATP	R_MAR08726	exchange	MAM01285	ADP
MAM01371	ATP	R_MAR08761	exchange	MAM01285	ADP
MAM01371	ATP	R_MAR08772	exchange	MAM01285	ADP
MAM01371	ATP	R_MAR08781	exchange	MAM01285	ADP
MAM01371	ATP	R_MAR08794	exchange	MAM01334	AMP
MAM01371	ATP	R_MAR08799	exchange	MAM01285	ADP
MAM01371	ATP	R_MAR08800	exchange	MAM01285	ADP
MAM01371	ATP	R_MAR08803	exchange	MAM01285	ADP
MAM01371	ATP	R_MAR08804	exchange	MAM01285	ADP
MAM01371	ATP	R_MAR08805	exchange	MAM01285	ADP
MAM01371	ATP	R_MAR08811	exchange	MAM01285	ADP
MAM01371	ATP	R_MAR08813	exchange	MAM01285	ADP
MAM01371	ATP	R_MAR08814	exchange	MAM01285	ADP
MAM01371	ATP	R_MAR08815	exchange	MAM01285	ADP
MAM01371	ATP	R_MAR08816	exchange	MAM01285	ADP
MAM01371	ATP	R_MAR08819	exchange	MAM01285	ADP
MAM01371	ATP	R_MAR08821	exchange	MAM01285	ADP
MAM01371	ATP	R_MAR08824	exchange	MAM01285	ADP
MAM01371	ATP	R_MAR08825	exchange	MAM01285	ADP
MAM01371	ATP	R_MAR08826	exchange	MAM01285	ADP
MAM01371	ATP	R_MAR08827	exchange	MAM01285	ADP
MAM01371	ATP	R_MAR08829	exchange	MAM01285	ADP
MAM01371	ATP	R_MAR08830	exchange	MAM01285	ADP
MAM01371	ATP	R_MAR08831	exchange	MAM01285	ADP
MAM01371	ATP	R_MAR08975	exchange	MAM01285	ADP
MAM01371	ATP	R_MAR08983	exchange	MAM01334	AMP
MAM01371	ATP	R_MAR08996	exchange	MAM01334	AMP
MAM01371	ATP	R_MAR09466	exchange	MAM01285	ADP
MAM01371	ATP	R_MAR09467	exchange	MAM01285	ADP
MAM01371	ATP	R_MAR09488	exchange	MAM01285	ADP
MAM01371	ATP	R_MAR09491	exchange	MAM01334	AMP
MAM01371	ATP	R_MAR09493	exchange	MAM01285	ADP
MAM01371	ATP	R_MAR09503	exchange	MAM01285	ADP
MAM01371	ATP	R_MAR09505	exchange	MAM01285	ADP
MAM01371	ATP	R_MAR09517	exchange	MAM01285	ADP
MAM01371	ATP	R_MAR09528	exchange	MAM01285	ADP
MAM01371	ATP	R_MAR09535	exchange	MAM01285	ADP
MAM01371	ATP	R_MAR09546	exchange	MAM01334	AMP
MAM01371	ATP	R_MAR09718	exchange	MAM01285	ADP
MAM01371	ATP	R_MAR09798	exchange	MAM01285	ADP
MAM01371	ATP	R_MAR09799	exchange	MAM01285	ADP
MAM01371	ATP	R_MAR09800	exchange	MAM01285	ADP
MAM01371	ATP	R_MAR09817	exchange	MAM01285	ADP
MAM01371	ATP	R_MAR09818	exchange	MAM01285	ADP
MAM01371	ATP	R_MAR09870	exchange	MAM01334	AMP
MAM01371	ATP	R_MAR09894	exchange	MAM01334	AMP
MAM01371	ATP	R_MAR10080	exchange	MAM01334	AMP
MAM01371	ATP	R_MAR10094	exchange	MAM01334	AMP
MAM01371	ATP	R_MAR10097	exchange	MAM01334	AMP
MAM01371	ATP	R_MAR10105	exchange	MAM01334	AMP
MAM01371	ATP	R_MAR10111	exchange	MAM01334	AMP
MAM01371	ATP	R_MAR10121	exchange	MAM01334	AMP
MAM01371	ATP	R_MAR10128	exchange	MAM01334	AMP
MAM01371	ATP	R_MAR10450	exchange	MAM01334	AMP
MAM01371	ATP	R_MAR10457	exchange	MAM01334	AMP
MAM01371	ATP	R_MAR11295	exchange	MAM01334	AMP
MAM01371	ATP	R_MAR11394	exchange	MAM01285	ADP
MAM01371	ATP	R_MAR11416	exchange	MAM01334	AMP
MAM01371	ATP	R_MAR12081	exchange	MAM01285	ADP
MAM01371	ATP	R_MAR12082	exchange	MAM01285	ADP
MAM01371	ATP	R_MAR12083	exchange	MAM01285	ADP
MAM01371	ATP	R_MAR12339	exchange	MAM01334	AMP
MAM01371	ATP	R_MAR12398	exchange	MAM01334	AMP
MAM01371	ATP	R_MAR12520	exchange	MAM01334	AMP
MAM01371	ATP	R_MAR12737	exchange	MAM01334	AMP
MAM01371	ATP	R_MAR12774	exchange	MAM01334	AMP
MAM01371	ATP	R_MAR12845	exchange	MAM01334	AMP
MAM01371	ATP	R_MAR12991	exchange	MAM01334	AMP
MAM01371	ATP	R_MAR12994	exchange	MAM01334	AMP
MAM01371	ATP	R_MAR20112	exchange	MAM01285	ADP
MAM01371	ATP	R_MAR20184	exchange	MAM01285	ADP
MAM01371	ATP	R_MAR20191	exchange	MAM01285	ADP
MAM01371	ATP	R_MAR00086	kept		
MAM01371	ATP	R_MAR01542	kept		
MAM01371	ATP	R_MAR01554	kept		
MAM01371	ATP	R_MAR03875	kept		
MAM01371	ATP	R_MAR04000	kept		
MAM01371	ATP	R_MAR04133	kept		
MAM01371	ATP	R_MAR04185	kept		
MAM01371	ATP	R_MAR04257	kept		
MAM01371	ATP	R_MAR04267	kept		
MAM01371	ATP	R_MAR04276	kept		
MAM01371	ATP	R_MAR04459	kept		
MAM01371	ATP	R_MAR04460	kept		
MAM01371	ATP	R_MAR04611	kept		
MAM01371	ATP	R_MAR04727	kept		
MAM01371	ATP	R_MAR04734	kept		
MAM01371	ATP	R_MAR06508	kept		
MAM01371	ATP	R_MAR07128	kept		
MAM01371	ATP	R_MAR07139	kept		
MAM01371	ATP	R_MAR07147	kept		
MAM01371	ATP	R_MAR07161	kept		
MAM01371	ATP	R_MAR07668	kept		
MAM01371	ATP	R_MAR08616	kept		
MAM01371	ATP	R_MAR08790	kept		
MAM01371	ATP	R_MAR09570	kept		
MAM01424	CDP	R_MAR04193	exchange	MAM01623	CTP
MAM01424	CDP	R_MAR07263	exchange	MAM01623	CTP
MAM01424	CDP	R_MAR08448	exchange	MAM01590	CMP
MAM01424	CDP	R_MAR08449	exchange	MAM01590	CMP
MAM01424	CDP	R_MAR08460	exchange	MAM01623	CTP
MAM01424	CDP	R_MAR08463	exchange	MAM01623	CTP
MAM01424	CDP	R_MAR08469	exchange	MAM01590	CMP
MAM01424	CDP	R_MAR08470	exchange	MAM01590	CMP
MAM01424	CDP	R_MAR08471	exchange	MAM01590	CMP
MAM01424	CDP	R_MAR08472	exchange	MAM01590	CMP
MAM01424	CDP	R_MAR04619	kept		
MAM01424	CDP	R_MAR07162	kept		
MAM01590	CMP	R_MAR00129	exchange	MAM01426	CDP-diacylglycerol-CL pool
MAM01590	CMP	R_MAR00468	exchange	MAM01425	CDP-choline
MAM01590	CMP	R_MAR00484	exchange	MAM01429	CDP-glycerol
MAM01590	CMP	R_MAR00582	exchange	MAM01426	CDP-diacylglycerol-CL pool
MAM01590	CMP	R_MAR00586	exchange	MAM01426	CDP-diacylglycerol-CL pool
MAM01590	CMP	R_MAR00610	exchange	MAM01427	CDP-diacylglycerol-LD-PI pool
MAM01590	CMP	R_MAR00613	exchange	MAM01427	CDP-diacylglycerol-LD-PI pool
MAM01590	CMP	R_MAR00614	exchange	MAM01428	CDP-ethanolamine
MAM01590	CMP	R_MAR00615	exchange	MAM01428	CDP-ethanolamine
MAM01590	CMP	R_MAR00625	exchange	MAM01425	CDP-choline
MAM01590	CMP	R_MAR00763	exchange	MAM01425	CDP-choline
MAM01590	CMP	R_MAR00812	exchange	MAM01592	CMP-N-acetylneuraminate
MAM01590	CMP	R_MAR00817	exchange	MAM01592	CMP-N-acetylneuraminate
MAM01590	CMP	R_MAR00820	exchange	MAM01592	CMP-N-acetylneuraminate
MAM01590	CMP	R_MAR00822	exchange	MAM01592	CMP-N-acetylneuraminate
MAM01590	CMP	R_MAR00823	exchange	MAM01592	CMP-N-acetylneuraminate
MAM01590	CMP	R_MAR00824	exchange	MAM01592	CMP-N-acetylneuraminate
MAM01590	CMP	R_MAR00837	exchange	MAM01592	CMP-N-acetylneuraminate
MAM01590	CMP	R_MAR00839	exchange	MAM01592	CMP-N-acetylneuraminate
MAM01590	CMP	R_MAR00840	exchange	MAM01592	CMP-N-acetylneuraminate
MAM01590	CMP	R_MAR00841	exchange	MAM01592	CMP-N-acetylneuraminate
MAM01590	CMP	R_MAR00844	exchange	MAM01592	CMP-N-acetylneuraminate
MAM01590	CMP	R_MAR00846	exchange	MAM01592	CMP-N-acetylneuraminate
MAM01590	CMP	R_MAR00848	exchange	MAM01592	CMP-N-acetylneuraminate
MAM01590	CMP	R_MAR00849	exchange	MAM01592	CMP-N-acetylneuraminate
MAM01590	CMP	R_MAR00851	exchange	MAM01592	CMP-N-acetylneuraminate
MAM01590	CMP	R_MAR00852	exchange	MAM01592	CMP-N-acetylneuraminate
MAM01590	CMP	R_MAR00853	exchange	MAM01592	CMP-N-acetylneuraminate
MAM01590	CMP	R_MAR00854	exchange	MAM01592	CMP-N-acetylneuraminate
MAM01590	CMP	R_MAR00855	exchange	MAM01592	CMP-N-acetylneuraminate
MAM01590	CMP	R_MAR00858	exchange	MAM01592	CMP-N-acetylneuraminate
MAM01590	CMP	R_MAR00861	exchange	MAM01592	CMP-N-acetylneuraminate
MAM01590	CMP	R_MAR00876	exchange	MAM01592	CMP-N-acetylneuraminate
MAM01590	CMP	R_MAR00877	exchange	MAM01592	CMP-N-acetylneuraminate
MAM01590	CMP	R_MAR00910	exchange	MAM01592	CMP-N-acetylneuraminate
MAM01590	CMP	R_MAR01615	exchange	MAM01426	CDP-diacylglycerol-CL pool
MAM01590	CMP	R_MAR04723	exchange	MAM01623	CTP
MAM01590	CMP	R_MAR07171	exchange	MAM01592	CMP-N-acetylneuraminate
MAM01590	CMP	R_MAR07172	exchange	MAM01592	CMP-N-acetylneuraminate
MAM01590	CMP	R_MAR07183	exchange	MAM01592	CMP-N-acetylneuraminate
MAM01590	CMP	R_MAR07334	exchange	MAM01592	CMP-N-acetylneuraminate
MAM01590	CMP	R_MAR07335	exchange	MAM01592	CMP-N-acetylneuraminate
MAM01590	CMP	R_MAR07442	exchange	MAM01592	CMP-N-acetylneuraminate
MAM01590	CMP	R_MAR07472	exchange	MAM01592	CMP-N-acetylneuraminate
MAM01590	CMP	R_MAR07599	exchange	MAM01428	CDP-ethanolamine
MAM01590	CMP	R_MAR07600	exchange	MAM01425	CDP-choline
MAM01590	CMP	R_MAR07604	exchange	MAM01428	CDP-ethanolamine
MAM01590	CMP	R_MAR07610	exchange	MAM01425	CDP-choline
MAM01590	CMP	R_MAR08155	exchange	MAM01592	CMP-N-acetylneuraminate
MAM01590	CMP	R_MAR08156	exchange	MAM01592	CMP-N-acetylneuraminate
MAM01590	CMP	R_MAR08159	exchange	MAM01592	CMP-N-acetylneuraminate
MAM01590	CMP	R_MAR08162	exchange	MAM01592	CMP-N-acetylneuraminate
MAM01590	CMP	R_MAR08167	exchange	MAM01592	CMP-N-acetylneuraminate
MAM01590	CMP	R_MAR08168	exchange	MAM01592	CMP-N-acetylneuraminate
MAM01590	CMP	R_MAR08169	exchange	MAM01592	CMP-N-acetylneuraminate
MAM01590	CMP	R_MAR08170	exchange	MAM01592	CMP-N-acetylneuraminate
MAM01590	CMP	R_MAR08171	exchange	MAM01592	CMP-N-acetylneuraminate
MAM01590	CMP	R_MAR08172	exchange	MAM01592	CMP-N-acetylneuraminate
MAM01590	CMP	R_MAR08174	exchange	MAM01592	CMP-N-acetylneuraminate
MAM01590	CMP	R_MAR08175	exchange	MAM01592	CMP-N-acetylneuraminate
MAM01590	CMP	R_MAR08176	exchange	MAM01592	CMP-N-acetylneuraminate
MAM01590	CMP	R_MAR08177	exchange	MAM01592	CMP-N-acetylneuraminate
MAM01590	CMP	R_MAR08178	exchange	MAM01592	CMP-N-acetylneuraminate
MAM01590	CMP	R_MAR08179	exchange	MAM01592	CMP-N-acetylneuraminate
MAM01590	CMP	R_MAR08180	exchange	MAM01592	CMP-N-acetylneuraminate
MAM01590	CMP	R_MAR08181	exchange	MAM01592	CMP-N-acetylneuraminate
MAM01590	CMP	R_MAR08182	exchange	MAM01592	CMP-N-acetylneuraminate
MAM01590	CMP	R_MAR08183	exchange	MAM01592	CMP-N-acetylneuraminate
MAM01590	CMP	R_MAR08184	exchange	MAM01592	CMP-N-acetylneuraminate
MAM01590	CMP	R_MAR08188	exchange	MAM01592	CMP-N-acetylneuraminate
MAM01590	CMP	R_MAR08189	exchange	MAM01592	CMP-N-acetylneuraminate
MAM01590	CMP	R_MAR08318	exchange	MAM01592	CMP-N-acetylneuraminate
MAM01590	CMP	R_MAR08325	exchange	MAM01592	CMP-N-acetylneuraminate
MAM01590	CMP	R_MAR08327	exchange	MAM01592	CMP-N-acetylneuraminate
MAM01590	CMP	R_MAR08337	exchange	MAM01592	CMP-N-acetylneuraminate
MAM01590	CMP	R_MAR08448	exchange	MAM01424	CDP
MAM01590	CMP	R_MAR08449	exchange	MAM01424	CDP
MAM01590	CMP	R_MAR08469	exchange	MAM01424	CDP
MAM01590	CMP	R_MAR08470	exchange	MAM01424	CDP
MAM01590	CMP	R_MAR08471	exchange	MAM01424	CDP
MAM01590	CMP	R_MAR08472	exchange	MAM01424	CDP
MAM01590	CMP	R_MAR12087	exchange	MAM01592	CMP-N-acetylneuraminate
MAM01590	CMP	R_MAR04177	kept		
MAM01590	CMP	R_MAR04179	kept		
MAM01590	CMP	R_MAR04676	kept		
MAM01590	CMP	R_MAR07164	kept		
MAM01590	CMP	R_MAR07721	kept		
MAM01623	CTP	R_MAR00121	exchange	MAM01427	CDP-diacylglycerol-LD-PI pool
MAM01623	CTP	R_MAR00122	exchange	MAM01427	CDP-diacylglycerol-LD-PI pool
MAM01623	CTP	R_MAR00581	exchange	MAM01426	CDP-diacylglycerol-CL pool
MAM01623	CTP	R_MAR00638	exchange	MAM01425	CDP-choline
MAM01623	CTP	R_MAR00651	exchange	MAM01428	CDP-ethanolamine
MAM01623	CTP	R_MAR04193	exchange	MAM01424	CDP
MAM01623	CTP	R_MAR04194	exchange	MAM01371	ATP
MAM01623	CTP	R_MAR04532	exchange	MAM01593	CMP-neuNGc
MAM01623	CTP	R_MAR04536	exchange	MAM01592	CMP-N-acetylneuraminate
MAM01623	CTP	R_MAR04723	exchange	MAM01590	CMP
MAM01623	CTP	R_MAR07263	exchange	MAM01424	CDP
MAM01623	CTP	R_MAR08377	exchange	MAM01592	CMP-N-acetylneuraminate
MAM01623	CTP	R_MAR08460	exchange	MAM01424	CDP
MAM01623	CTP	R_MAR08463	exchange	MAM01424	CDP
MAM01623	CTP	R_MAR09559	exchange	MAM01594	CMP-N-trimethyl-2-aminoethylphosphonate
MAM01623	CTP	R_MAR09560	exchange	MAM01591	CMP-2-aminoethylphosphonate
MAM01623	CTP	R_MAR04617	kept		
MAM01623	CTP	R_MAR07161	kept		
MAM01597	CoA	R_MAR00043	exchange	MAM00799	3-hydroxypropionyl-CoA
MAM01597	CoA	R_MAR00047	exchange	MAM00996	4-hydroxybenzoyl-CoA
MAM01597	CoA	R_MAR00048	exchange	MAM00996	4-hydroxybenzoyl-CoA
MAM01597	CoA	R_MAR00083	exchange	MAM01514	choloyl-CoA
MAM01597	CoA	R_MAR00084	exchange	MAM03548	chenodeoxyglycocholoyl-CoA
MAM01597	CoA	R_MAR00085	exchange	MAM01434	chenodeoxycholoyl-CoA
MAM01597	CoA	R_MAR00103	exchange	MAM00051	(2E)-hexadecenoyl-CoA
MAM01597	CoA	R_MAR00104	exchange	MAM00051	(2E)-hexadecenoyl-CoA
MAM01597	CoA	R_MAR00108	exchange	MAM02647	oleoyl-CoA
MAM01597	CoA	R_MAR00109	exchange	MAM02647	oleoyl-CoA
MAM01597	CoA	R_MAR00135	exchange	MAM00982	4-coumaroyl-CoA
MAM01597	CoA	R_MAR00139	exchange	MAM03554	4,8-dimethylnonanoyl-CoA
MAM01597	CoA	R_MAR00153	exchange	MAM02774	propanoyl-CoA
MAM01597	CoA	R_MAR00154	exchange	MAM02774	propanoyl-CoA
MAM01597	CoA	R_MAR00156	exchange	MAM01412	butyryl-CoA
MAM01597	CoA	R_MAR00159	exchange	MAM01412	butyryl-CoA
MAM01597	CoA	R_MAR00161	exchange	MAM01412	butyryl-CoA
MAM01597	CoA	R_MAR00163	exchange	MAM02644	octanoyl-CoA
MAM01597	CoA	R_MAR00165	exchange	MAM02694	pentanoyl-CoA
MAM01597	CoA	R_MAR00168	exchange	MAM02122	hexanoyl-CoA
MAM01597	CoA	R_MAR00171	exchange	MAM02107	heptanoyl-CoA
MAM01597	CoA	R_MAR00174	exchange	MAM02644	octanoyl-CoA
MAM01597	CoA	R_MAR00177	exchange	MAM02616	nonanoyl-CoA
MAM01597	CoA	R_MAR00180	exchange	MAM01650	decanoyl-CoA
MAM01597	CoA	R_MAR00184	exchange	MAM03116	undecanoyl-CoA
MAM01597	CoA	R_MAR00188	exchange	MAM02345	lauroyl-CoA
MAM01597	CoA	R_MAR00189	exchange	MAM02345	lauroyl-CoA
MAM01597	CoA	R_MAR00192	exchange	MAM03050	tridecanoyl-CoA
MAM01597	CoA	R_MAR00193	exchange	MAM03050	tridecanoyl-CoA
MAM01597	CoA	R_MAR00196	exchange	MAM02495	myristoyl-CoA
MAM01597	CoA	R_MAR00197	exchange	MAM02495	myristoyl-CoA
MAM01597	CoA	R_MAR00200	exchange	MAM00129	(9E)-tetradecenoyl-CoA
MAM01597	CoA	R_MAR00201	exchange	MAM00129	(9E)-tetradecenoyl-CoA
MAM01597	CoA	R_MAR00204	exchange	MAM00118	(7Z)-tetradecenoyl-CoA
MAM01597	CoA	R_MAR00206	exchange	MAM00118	(7Z)-tetradecenoyl-CoA
MAM01597	CoA	R_MAR00209	exchange	MAM01141	5-tetradecenoyl-CoA
MAM01597	CoA	R_MAR00210	exchange	MAM01141	5-tetradecenoyl-CoA
MAM01597	CoA	R_MAR00213	exchange	MAM02689	pentadecanoyl-CoA
MAM01597	CoA	R_MAR00214	exchange	MAM02689	pentadecanoyl-CoA
MAM01597	CoA	R_MAR00217	exchange	MAM02678	palmitoyl-CoA
MAM01597	CoA	R_MAR00223	exchange	MAM02678	palmitoyl-CoA
MAM01597	CoA	R_MAR00226	exchange	MAM02677	palmitoleoyl-CoA
MAM01597	CoA	R_MAR00230	exchange	MAM02677	palmitoleoyl-CoA
MAM01597	CoA	R_MAR00233	exchange	MAM01191	7-hexadecenoyl-CoA
MAM01597	CoA	R_MAR00234	exchange	MAM01191	7-hexadecenoyl-CoA
MAM01597	CoA	R_MAR00237	exchange	MAM02101	heptadecanoyl-CoA
MAM01597	CoA	R_MAR00238	exchange	MAM02101	heptadecanoyl-CoA
MAM01597	CoA	R_MAR00241	exchange	MAM00004	(10Z)-heptadecenoyl-CoA
MAM01597	CoA	R_MAR00242	exchange	MAM00004	(10Z)-heptadecenoyl-CoA
MAM01597	CoA	R_MAR00245	exchange	MAM01237	9-heptadecenoyl-CoA
MAM01597	CoA	R_MAR00246	exchange	MAM01237	9-heptadecenoyl-CoA
MAM01597	CoA	R_MAR00249	exchange	MAM02941	stearoyl-CoA
MAM01597	CoA	R_MAR00250	exchange	MAM02941	stearoyl-CoA
MAM01597	CoA	R_MAR00255	exchange	MAM00020	(13Z)-octadecenoyl-CoA
MAM01597	CoA	R_MAR00256	exchange	MAM00020	(13Z)-octadecenoyl-CoA
MAM01597	CoA	R_MAR00259	exchange	MAM01586	cis-vaccenoyl-CoA
MAM01597	CoA	R_MAR00260	exchange	MAM01586	cis-vaccenoyl-CoA
MAM01597	CoA	R_MAR00263	exchange	MAM02647	oleoyl-CoA
MAM01597	CoA	R_MAR00264	exchange	MAM02647	oleoyl-CoA
MAM01597	CoA	R_MAR00267	exchange	MAM00127	(9E)-octadecenoyl-CoA
MAM01597	CoA	R_MAR00268	exchange	MAM00127	(9E)-octadecenoyl-CoA
MAM01597	CoA	R_MAR00271	exchange	MAM00020	(13Z)-octadecenoyl-CoA
MAM01597	CoA	R_MAR00272	exchange	MAM00116	(7Z)-octadecenoyl-CoA
MAM01597	CoA	R_MAR00275	exchange	MAM00106	(6Z,9Z)-octadecadienoyl-CoA
MAM01597	CoA	R_MAR00276	exchange	MAM00106	(6Z,9Z)-octadecadienoyl-CoA
MAM01597	CoA	R_MAR00279	exchange	MAM02612	nonadecanoyl-CoA
MAM01597	CoA	R_MAR00280	exchange	MAM02612	nonadecanoyl-CoA
MAM01597	CoA	R_MAR00283	exchange	MAM01773	eicosanoyl-CoA
MAM01597	CoA	R_MAR00284	exchange	MAM01773	eicosanoyl-CoA
MAM01597	CoA	R_MAR00289	exchange	MAM00018	(13Z)-eicosenoyl-CoA
MAM01597	CoA	R_MAR00290	exchange	MAM00018	(13Z)-eicosenoyl-CoA
MAM01597	CoA	R_MAR00293	exchange	MAM00007	(11Z)-eicosenoyl-CoA
MAM01597	CoA	R_MAR00294	exchange	MAM00007	(11Z)-eicosenoyl-CoA
MAM01597	CoA	R_MAR00297	exchange	MAM01236	9-eicosenoyl-CoA
MAM01597	CoA	R_MAR00298	exchange	MAM01236	9-eicosenoyl-CoA
MAM01597	CoA	R_MAR00301	exchange	MAM00123	(8Z,11Z)-eicosadienoyl-CoA
MAM01597	CoA	R_MAR00302	exchange	MAM00123	(8Z,11Z)-eicosadienoyl-CoA
MAM01597	CoA	R_MAR00305	exchange	MAM00101	(5Z,8Z,11Z)-eicosatrienoyl-CoA
MAM01597	CoA	R_MAR00306	exchange	MAM00101	(5Z,8Z,11Z)-eicosatrienoyl-CoA
MAM01597	CoA	R_MAR00309	exchange	MAM02052	heneicosanoyl-CoA
MAM01597	CoA	R_MAR00310	exchange	MAM02052	heneicosanoyl-CoA
MAM01597	CoA	R_MAR00313	exchange	MAM01725	docosanoyl-CoA
MAM01597	CoA	R_MAR00314	exchange	MAM01725	docosanoyl-CoA
MAM01597	CoA	R_MAR00319	exchange	MAM00016	(13Z)-docosenoyl-CoA
MAM01597	CoA	R_MAR00320	exchange	MAM00016	(13Z)-docosenoyl-CoA
MAM01597	CoA	R_MAR00323	exchange	MAM00006	(11Z)-docosenoyl-CoA
MAM01597	CoA	R_MAR00324	exchange	MAM00006	(11Z)-docosenoyl-CoA
MAM01597	CoA	R_MAR00327	exchange	MAM03047	tricosanoyl-CoA
MAM01597	CoA	R_MAR00328	exchange	MAM03047	tricosanoyl-CoA
MAM01597	CoA	R_MAR00331	exchange	MAM02971	tetracosanoyl-CoA
MAM01597	CoA	R_MAR00332	exchange	MAM02971	tetracosanoyl-CoA
MAM01597	CoA	R_MAR00337	exchange	MAM00025	(15Z)-tetracosenoyl-CoA
MAM01597	CoA	R_MAR00338	exchange	MAM00025	(15Z)-tetracosenoyl-CoA
MAM01597	CoA	R_MAR00341	exchange	MAM02110	hexacosanoyl-CoA
MAM01597	CoA	R_MAR00342	exchange	MAM02110	hexacosanoyl-CoA
MAM01597	CoA	R_MAR00345	exchange	MAM02112	hexacosenoyl-CoA
MAM01597	CoA	R_MAR00346	exchange	MAM02112	hexacosenoyl-CoA
MAM01597	CoA	R_MAR00349	exchange	MAM02390	linolenoyl-CoA
MAM01597	CoA	R_MAR00350	exchange	MAM02390	linolenoyl-CoA
MAM01597	CoA	R_MAR00353	exchange	MAM00108	(6Z,9Z,12Z,15Z)-octadecatetraenoyl-CoA
MAM01597	CoA	R_MAR00354	exchange	MAM00108	(6Z,9Z,12Z,15Z)-octadecatetraenoyl-CoA
MAM01597	CoA	R_MAR00357	exchange	MAM00125	(8Z,11Z,14Z,17Z)-eicosatetraenoyl-CoA
MAM01597	CoA	R_MAR00358	exchange	MAM00125	(8Z,11Z,14Z,17Z)-eicosatetraenoyl-CoA
MAM01597	CoA	R_MAR00361	exchange	MAM00103	(5Z,8Z,11Z,14Z,17Z)-eicosapentaenoyl-CoA
MAM01597	CoA	R_MAR00362	exchange	MAM00103	(5Z,8Z,11Z,14Z,17Z)-eicosapentaenoyl-CoA
MAM01597	CoA	R_MAR00365	exchange	MAM00121	(7Z,10Z,13Z,16Z,19Z)-docosapentaenoyl-CoA
MAM01597	CoA	R_MAR00366	exchange	MAM00121	(7Z,10Z,13Z,16Z,19Z)-docosapentaenoyl-CoA
MAM01597	CoA	R_MAR00369	exchange	MAM00134	(9Z,12Z,15Z,18Z,21Z)-tetracosapentaenoyl-CoA
MAM01597	CoA	R_MAR00370	exchange	MAM00134	(9Z,12Z,15Z,18Z,21Z)-tetracosapentaenoyl-CoA
MAM01597	CoA	R_MAR00373	exchange	MAM00113	(6Z,9Z,12Z,15Z,18Z,21Z)-tetracosahexaenoyl-CoA
MAM01597	CoA	R_MAR00374	exchange	MAM00113	(6Z,9Z,12Z,15Z,18Z,21Z)-tetracosahexaenoyl-CoA
MAM01597	CoA	R_MAR00377	exchange	MAM00095	(4Z,7Z,10Z,13Z,16Z,19Z)-docosahexaenoyl-CoA
MAM01597	CoA	R_MAR00378	exchange	MAM00095	(4Z,7Z,10Z,13Z,16Z,19Z)-docosahexaenoyl-CoA
MAM01597	CoA	R_MAR00381	exchange	MAM00012	(11Z,14Z,17Z)-eicosatrienoyl-CoA
MAM01597	CoA	R_MAR00382	exchange	MAM00012	(11Z,14Z,17Z)-eicosatrienoyl-CoA
MAM01597	CoA	R_MAR00385	exchange	MAM00343	13,16,19-docosatrienoyl-CoA
MAM01597	CoA	R_MAR00386	exchange	MAM00343	13,16,19-docosatrienoyl-CoA
MAM01597	CoA	R_MAR00389	exchange	MAM00262	10,13,16,19-docosatetraenoyl-CoA
MAM01597	CoA	R_MAR00390	exchange	MAM00262	10,13,16,19-docosatetraenoyl-CoA
MAM01597	CoA	R_MAR00393	exchange	MAM00317	12,15,18,21-tetracosatetraenoyl-CoA
MAM01597	CoA	R_MAR00394	exchange	MAM00317	12,15,18,21-tetracosatetraenoyl-CoA
MAM01597	CoA	R_MAR00397	exchange	MAM02391	linoleoyl-CoA
MAM01597	CoA	R_MAR00398	exchange	MAM02391	linoleoyl-CoA
MAM01597	CoA	R_MAR00401	exchange	MAM01934	gamma-linolenoyl-CoA
MAM01597	CoA	R_MAR00402	exchange	MAM01934	gamma-linolenoyl-CoA
MAM01597	CoA	R_MAR00405	exchange	MAM01697	dihomo-gamma-linolenoyl-CoA
MAM01597	CoA	R_MAR00406	exchange	MAM01697	dihomo-gamma-linolenoyl-CoA
MAM01597	CoA	R_MAR00409	exchange	MAM01364	arachidonyl-CoA
MAM01597	CoA	R_MAR00410	exchange	MAM01364	arachidonyl-CoA
MAM01597	CoA	R_MAR00413	exchange	MAM00119	(7Z,10Z,13Z,16Z)-docosatetraenoyl-CoA
MAM01597	CoA	R_MAR00414	exchange	MAM00119	(7Z,10Z,13Z,16Z)-docosatetraenoyl-CoA
MAM01597	CoA	R_MAR00417	exchange	MAM00131	(9Z,12Z,15Z,18Z)-tetracosatetraenoyl-CoA
MAM01597	CoA	R_MAR00418	exchange	MAM00131	(9Z,12Z,15Z,18Z)-tetracosatetraenoyl-CoA
MAM01597	CoA	R_MAR00421	exchange	MAM00110	(6Z,9Z,12Z,15Z,18Z)-tetracosapentaenoyl-CoA
MAM01597	CoA	R_MAR00422	exchange	MAM00110	(6Z,9Z,12Z,15Z,18Z)-tetracosapentaenoyl-CoA
MAM01597	CoA	R_MAR00425	exchange	MAM00093	(4Z,7Z,10Z,13Z,16Z)-docosapentaenoyl-CoA
MAM01597	CoA	R_MAR00426	exchange	MAM00093	(4Z,7Z,10Z,13Z,16Z)-docosapentaenoyl-CoA
MAM01597	CoA	R_MAR00429	exchange	MAM00009	(11Z,14Z)-eicosadienoyl-CoA
MAM01597	CoA	R_MAR00430	exchange	MAM00009	(11Z,14Z)-eicosadienoyl-CoA
MAM01597	CoA	R_MAR00433	exchange	MAM00023	(13Z,16Z)-docosadienoyl-CoA
MAM01597	CoA	R_MAR00434	exchange	MAM00023	(13Z,16Z)-docosadienoyl-CoA
MAM01597	CoA	R_MAR00437	exchange	MAM00264	10,13,16-docosatrienoyl-CoA
MAM01597	CoA	R_MAR00438	exchange	MAM00264	10,13,16-docosatrienoyl-CoA
MAM01597	CoA	R_MAR00452	exchange	MAM00057	(2E)-octadecenoyl-CoA
MAM01597	CoA	R_MAR00455	exchange	MAM00057	(2E)-octadecenoyl-CoA
MAM01597	CoA	R_MAR00486	exchange	MAM02345	lauroyl-CoA
MAM01597	CoA	R_MAR00487	exchange	MAM03050	tridecanoyl-CoA
MAM01597	CoA	R_MAR00488	exchange	MAM02495	myristoyl-CoA
MAM01597	CoA	R_MAR00489	exchange	MAM00129	(9E)-tetradecenoyl-CoA
MAM01597	CoA	R_MAR00490	exchange	MAM00118	(7Z)-tetradecenoyl-CoA
MAM01597	CoA	R_MAR00491	exchange	MAM01141	5-tetradecenoyl-CoA
MAM01597	CoA	R_MAR00492	exchange	MAM02689	pentadecanoyl-CoA
MAM01597	CoA	R_MAR00493	exchange	MAM02678	palmitoyl-CoA
MAM01597	CoA	R_MAR00494	exchange	MAM02677	palmitoleoyl-CoA
MAM01597	CoA	R_MAR00495	exchange	MAM01191	7-hexadecenoyl-CoA
MAM01597	CoA	R_MAR00496	exchange	MAM02101	heptadecanoyl-CoA
MAM01597	CoA	R_MAR00497	exchange	MAM00004	(10Z)-heptadecenoyl-CoA
MAM01597	CoA	R_MAR00498	exchange	MAM01237	9-heptadecenoyl-CoA
MAM01597	CoA	R_MAR00499	exchange	MAM02941	stearoyl-CoA
MAM01597	CoA	R_MAR00500	exchange	MAM00020	(13Z)-octadecenoyl-CoA
MAM01597	CoA	R_MAR00501	exchange	MAM01586	cis-vaccenoyl-CoA
MAM01597	CoA	R_MAR00502	exchange	MAM02647	oleoyl-CoA
MAM01597	CoA	R_MAR00503	exchange	MAM00127	(9E)-octadecenoyl-CoA
MAM01597	CoA	R_MAR00504	exchange	MAM00116	(7Z)-octadecenoyl-CoA
MAM01597	CoA	R_MAR00505	exchange	MAM00106	(6Z,9Z)-octadecadienoyl-CoA
MAM01597	CoA	R_MAR00506	exchange	MAM02612	nonadecanoyl-CoA
MAM01597	CoA	R_MAR00507	exchange	MAM01773	eicosanoyl-CoA
MAM01597	CoA	R_MAR00508	exchange	MAM00018	(13Z)-eicosenoyl-CoA
MAM01597	CoA	R_MAR00509	exchange	MAM00007	(11Z)-eicosenoyl-CoA
MAM01597	CoA	R_MAR00510	exchange	MAM01236	9-eicosenoyl-CoA
MAM01597	CoA	R_MAR00511	exchange	MAM00123	(8Z,11Z)-eicosadienoyl-CoA
MAM01597	CoA	R_MAR00512	exchange	MAM00101	(5Z,8Z,11Z)-eicosatrienoyl-CoA
MAM01597	CoA	R_MAR00513	exchange	MAM02052	heneicosanoyl-CoA
MAM01597	CoA	R_MAR00514	exchange	MAM01725	docosanoyl-CoA
MAM01597	CoA	R_MAR00515	exchange	MAM00016	(13Z)-docosenoyl-CoA
MAM01597	CoA	R_MAR00516	exchange	MAM00006	(11Z)-docosenoyl-CoA
MAM01597	CoA	R_MAR00517	exchange	MAM03047	tricosanoyl-CoA
MAM01597	CoA	R_MAR00518	exchange	MAM02971	tetracosanoyl-CoA
MAM01597	CoA	R_MAR00519	exchange	MAM00025	(15Z)-tetracosenoyl-CoA
MAM01597	CoA	R_MAR00520	exchange	MAM02110	hexacosanoyl-CoA
MAM01597	CoA	R_MAR00521	exchange	MAM02112	hexacosenoyl-CoA
MAM01597	CoA	R_MAR00522	exchange	MAM02390	linolenoyl-CoA
MAM01597	CoA	R_MAR00523	exchange	MAM00108	(6Z,9Z,12Z,15Z)-octadecatetraenoyl-CoA
MAM01597	CoA	R_MAR00524	exchange	MAM00125	(8Z,11Z,14Z,17Z)-eicosatetraenoyl-CoA
MAM01597	CoA	R_MAR00525	exchange	MAM00103	(5Z,8Z,11Z,14Z,17Z)-eicosapentaenoyl-CoA
MAM01597	CoA	R_MAR00526	exchange	MAM00121	(7Z,10Z,13Z,16Z,19Z)-docosapentaenoyl-CoA
MAM01597	CoA	R_MAR00527	exchange	MAM00134	(9Z,12Z,15Z,18Z,21Z)-tetracosapentaenoyl-CoA
MAM01597	CoA	R_MAR00528	exchange	MAM00113	(6Z,9Z,12Z,15Z,18Z,21Z)-tetracosahexaenoyl-CoA
MAM01597	CoA	R_MAR00529	exchange	MAM00095	(4Z,7Z,10Z,13Z,16Z,19Z)-docosahexaenoyl-CoA
MAM01597	CoA	R_MAR00530	exchange	MAM00012	(11Z,14Z,17Z)-eicosatrienoyl-CoA
MAM01597	CoA	R_MAR00531	exchange	MAM00343	13,16,19-docosatrienoyl-CoA
MAM01597	CoA	R_MAR00532	exchange	MAM00262	10,13,16,19-docosatetraenoyl-CoA
MAM01597	CoA	R_MAR00533	exchange	MAM00317	12,15,18,21-tetracosatetraenoyl-CoA
MAM01597	CoA	R_MAR00534	exchange	MAM02391	linoleoyl-CoA
MAM01597	CoA	R_MAR00535	exchange	MAM01934	gamma-linolenoyl-CoA
MAM01597	CoA	R_MAR00536	exchange	MAM01697	dihomo-gamma-linolenoyl-CoA
MAM01597	CoA	R_MAR00537	exchange	MAM01364	arachidonyl-CoA
MAM01597	CoA	R_MAR00538	exchange	MAM00119	(7Z,10Z,13Z,16Z)-docosatetraenoyl-CoA
MAM01597	CoA	R_MAR00539	exchange	MAM00131	(9Z,12Z,15Z,18Z)-tetracosatetraenoyl-CoA
MAM01597	CoA	R_MAR00540	exchange	MAM00110	(6Z,9Z,12Z,15Z,18Z)-tetracosapentaenoyl-CoA
MAM01597	CoA	R_MAR00541	exchange	MAM00093	(4Z,7Z,10Z,13Z,16Z)-docosapentaenoyl-CoA
MAM01597	CoA	R_MAR00542	exchange	MAM00009	(11Z,14Z)-eicosadienoyl-CoA
MAM01597	CoA	R_MAR00543	exchange	MAM00023	(13Z,16Z)-docosadienoyl-CoA
MAM01597	CoA	R_MAR00544	exchange	MAM00264	10,13,16-docosatrienoyl-CoA
MAM01597	CoA	R_MAR00579	exchange	MAM10007	acyl-CoA pool
MAM01597	CoA	R_MAR00580	exchange	MAM10007	acyl-CoA pool
MAM01597	CoA	R_MAR00588	exchange	MAM10007	acyl-CoA pool
MAM01597	CoA	R_MAR00589	exchange	MAM10007	acyl-CoA pool
MAM01597	CoA	R_MAR00590	exchange	MAM10007	acyl-CoA pool
MAM01597	CoA	R_MAR00591	exchange	MAM10007	acyl-CoA pool
MAM01597	CoA	R_MAR00592	exchange	MAM10007	acyl-CoA pool
MAM01597	CoA	R_MAR00593	exchange	MAM10007	acyl-CoA pool
MAM01597	CoA	R_MAR00594	exchange	MAM01269	acyl-CoA-bile-PC pool
MAM01597	CoA	R_MAR00605	exchange	MAM10007	acyl-CoA pool
MAM01597	CoA	R_MAR00632	exchange	MAM10007	acyl-CoA pool
MAM01597	CoA	R_MAR00640	exchange	MAM01261	acetyl-CoA
MAM01597	CoA	R_MAR00644	exchange	MAM10007	acyl-CoA pool
MAM01597	CoA	R_MAR00703	exchange	MAM02678	palmitoyl-CoA
MAM01597	CoA	R_MAR00705	exchange	MAM02678	palmitoyl-CoA
MAM01597	CoA	R_MAR00709	exchange	MAM02678	palmitoyl-CoA
MAM01597	CoA	R_MAR00733	exchange	MAM10007	acyl-CoA pool
MAM01597	CoA	R_MAR00737	exchange	MAM00057	(2E)-octadecenoyl-CoA
MAM01597	CoA	R_MAR00738	exchange	MAM02678	palmitoyl-CoA
MAM01597	CoA	R_MAR00739	exchange	MAM03887	pristanoyl-CoA
MAM01597	CoA	R_MAR00742	exchange	MAM01412	butyryl-CoA
MAM01597	CoA	R_MAR00743	exchange	MAM01934	gamma-linolenoyl-CoA
MAM01597	CoA	R_MAR00745	exchange	MAM00108	(6Z,9Z,12Z,15Z)-octadecatetraenoyl-CoA
MAM01597	CoA	R_MAR00747	exchange	MAM01364	arachidonyl-CoA
MAM01597	CoA	R_MAR00749	exchange	MAM00103	(5Z,8Z,11Z,14Z,17Z)-eicosapentaenoyl-CoA
MAM01597	CoA	R_MAR00750	exchange	MAM10007	acyl-CoA pool
MAM01597	CoA	R_MAR00751	exchange	MAM01261	acetyl-CoA
MAM01597	CoA	R_MAR00752	exchange	MAM01261	acetyl-CoA
MAM01597	CoA	R_MAR00755	exchange	MAM01261	acetyl-CoA
MAM01597	CoA	R_MAR00756	exchange	MAM01261	acetyl-CoA
MAM01597	CoA	R_MAR00757	exchange	MAM01261	acetyl-CoA
MAM01597	CoA	R_MAR00758	exchange	MAM10007	acyl-CoA pool
MAM01597	CoA	R_MAR00759	exchange	MAM01261	acetyl-CoA
MAM01597	CoA	R_MAR00764	exchange	MAM01261	acetyl-CoA
MAM01597	CoA	R_MAR00772	exchange	MAM01261	acetyl-CoA
MAM01597	CoA	R_MAR00774	exchange	MAM01261	acetyl-CoA
MAM01597	CoA	R_MAR00777	exchange	MAM01261	acetyl-CoA
MAM01597	CoA	R_MAR00780	exchange	MAM01261	acetyl-CoA
MAM01597	CoA	R_MAR00784	exchange	MAM01261	acetyl-CoA
MAM01597	CoA	R_MAR00785	exchange	MAM01261	acetyl-CoA
MAM01597	CoA	R_MAR00788	exchange	MAM01261	acetyl-CoA
MAM01597	CoA	R_MAR00799	exchange	MAM01261	acetyl-CoA
MAM01597	CoA	R_MAR00800	exchange	MAM01261	acetyl-CoA
MAM01597	CoA	R_MAR00818	exchange	MAM01261	acetyl-CoA
MAM01597	CoA	R_MAR00833	exchange	MAM01261	acetyl-CoA
MAM01597	CoA	R_MAR00869	exchange	MAM01261	acetyl-CoA
MAM01597	CoA	R_MAR00872	exchange	MAM01261	acetyl-CoA
MAM01597	CoA	R_MAR00874	exchange	MAM01261	acetyl-CoA
MAM01597	CoA	R_MAR00916	exchange	MAM01261	acetyl-CoA
MAM01597	CoA	R_MAR00922	exchange	MAM00108	(6Z,9Z,12Z,15Z)-octadecatetraenoyl-CoA
MAM01597	CoA	R_MAR00923	exchange	MAM00108	(6Z,9Z,12Z,15Z)-octadecatetraenoyl-CoA
MAM01597	CoA	R_MAR00927	exchange	MAM00108	(6Z,9Z,12Z,15Z)-octadecatetraenoyl-CoA
MAM01597	CoA	R_MAR00930	exchange	MAM01261	acetyl-CoA
MAM01597	CoA	R_MAR00952	exchange	MAM01261	acetyl-CoA
MAM01597	CoA	R_MAR00968	exchange	MAM00103	(5Z,8Z,11Z,14Z,17Z)-eicosapentaenoyl-CoA
MAM01597	CoA	R_MAR00970	exchange	MAM00103	(5Z,8Z,11Z,14Z,17Z)-eicosapentaenoyl-CoA
MAM01597	CoA	R_MAR00972	exchange	MAM00103	(5Z,8Z,11Z,14Z,17Z)-eicosapentaenoyl-CoA
MAM01597	CoA	R_MAR00974	exchange	MAM01261	acetyl-CoA
MAM01597	CoA	R_MAR00975	exchange	MAM01261	acetyl-CoA
MAM01597	CoA	R_MAR00977	exchange	MAM00119	(7Z,10Z,13Z,16Z)-docosatetraenoyl-CoA
MAM01597	CoA	R_MAR00978	exchange	MAM00121	(7Z,10Z,13Z,16Z,19Z)-docosapentaenoyl-CoA
MAM01597	CoA	R_MAR00982	exchange	MAM00093	(4Z,7Z,10Z,13Z,16Z)-docosapentaenoyl-CoA
MAM01597	CoA	R_MAR01001	exchange	MAM00095	(4Z,7Z,10Z,13Z,16Z,19Z)-docosahexaenoyl-CoA
MAM01597	CoA	R_MAR01005	exchange	MAM01261	acetyl-CoA
MAM01597	CoA	R_MAR01012	exchange	MAM02444	malonyl-CoA
MAM01597	CoA	R_MAR01019	exchange	MAM01650	decanoyl-CoA
MAM01597	CoA	R_MAR01024	exchange	MAM02345	lauroyl-CoA
MAM01597	CoA	R_MAR01031	exchange	MAM02444	malonyl-CoA
MAM01597	CoA	R_MAR01032	exchange	MAM02444	malonyl-CoA
MAM01597	CoA	R_MAR01036	exchange	MAM01261	acetyl-CoA
MAM01597	CoA	R_MAR01065	exchange	MAM01261	acetyl-CoA
MAM01597	CoA	R_MAR01066	exchange	MAM01261	acetyl-CoA
MAM01597	CoA	R_MAR01067	exchange	MAM01261	acetyl-CoA
MAM01597	CoA	R_MAR01068	exchange	MAM01261	acetyl-CoA
MAM01597	CoA	R_MAR01069	exchange	MAM01261	acetyl-CoA
MAM01597	CoA	R_MAR01070	exchange	MAM01261	acetyl-CoA
MAM01597	CoA	R_MAR01088	exchange	MAM01261	acetyl-CoA
MAM01597	CoA	R_MAR01091	exchange	MAM01261	acetyl-CoA
MAM01597	CoA	R_MAR01157	exchange	MAM01120	5-oxo-12(R)-hydroxy-eicosa-(8E,10E,14Z)-trienoyl-CoA
MAM01597	CoA	R_MAR01158	exchange	MAM01120	5-oxo-12(R)-hydroxy-eicosa-(8E,10E,14Z)-trienoyl-CoA
MAM01597	CoA	R_MAR01159	exchange	MAM01120	5-oxo-12(R)-hydroxy-eicosa-(8E,10E,14Z)-trienoyl-CoA
MAM01597	CoA	R_MAR01160	exchange	MAM01120	5-oxo-12(R)-hydroxy-eicosa-(8E,10E,14Z)-trienoyl-CoA
MAM01597	CoA	R_MAR01167	exchange	MAM00836	3-oxo-10(R)-hydroxy-octadeca-(6E,8E,12Z)-trienoyl-CoA
MAM01597	CoA	R_MAR01168	exchange	MAM00836	3-oxo-10(R)-hydroxy-octadeca-(6E,8E,12Z)-trienoyl-CoA
MAM01597	CoA	R_MAR01170	exchange	MAM00836	3-oxo-10(R)-hydroxy-octadeca-(6E,8E,12Z)-trienoyl-CoA
MAM01597	CoA	R_MAR01171	exchange	MAM00836	3-oxo-10(R)-hydroxy-octadeca-(6E,8E,12Z)-trienoyl-CoA
MAM01597	CoA	R_MAR01174	exchange	MAM01261	acetyl-CoA
MAM01597	CoA	R_MAR01179	exchange	MAM01261	acetyl-CoA
MAM01597	CoA	R_MAR01184	exchange	MAM01261	acetyl-CoA
MAM01597	CoA	R_MAR01185	exchange	MAM00042	(2E)-dodecenoyl-CoA
MAM01597	CoA	R_MAR01200	exchange	MAM01122	5-oxo-12(S)-hydroxy-eicosa-(8E,10E,14Z)-trienoyl-CoA
MAM01597	CoA	R_MAR01201	exchange	MAM01122	5-oxo-12(S)-hydroxy-eicosa-(8E,10E,14Z)-trienoyl-CoA
MAM01597	CoA	R_MAR01202	exchange	MAM01122	5-oxo-12(S)-hydroxy-eicosa-(8E,10E,14Z)-trienoyl-CoA
MAM01597	CoA	R_MAR01203	exchange	MAM01122	5-oxo-12(S)-hydroxy-eicosa-(8E,10E,14Z)-trienoyl-CoA
MAM01597	CoA	R_MAR01210	exchange	MAM00838	3-oxo-10(S)-hydroxy-octadeca-(6E,8E,12Z)-trienoyl-CoA
MAM01597	CoA	R_MAR01211	exchange	MAM00838	3-oxo-10(S)-hydroxy-octadeca-(6E,8E,12Z)-trienoyl-CoA
MAM01597	CoA	R_MAR01212	exchange	MAM00838	3-oxo-10(S)-hydroxy-octadeca-(6E,8E,12Z)-trienoyl-CoA
MAM01597	CoA	R_MAR01213	exchange	MAM00838	3-oxo-10(S)-hydroxy-octadeca-(6E,8E,12Z)-trienoyl-CoA
MAM01597	CoA	R_MAR01216	exchange	MAM01261	acetyl-CoA
MAM01597	CoA	R_MAR01221	exchange	MAM01261	acetyl-CoA
MAM01597	CoA	R_MAR01226	exchange	MAM01261	acetyl-CoA
MAM01597	CoA	R_MAR01227	exchange	MAM00042	(2E)-dodecenoyl-CoA
MAM01597	CoA	R_MAR01247	exchange	MAM01261	acetyl-CoA
MAM01597	CoA	R_MAR01248	exchange	MAM00582	20-CoA-20-oxo-LTB4
MAM01597	CoA	R_MAR01249	exchange	MAM00582	20-CoA-20-oxo-LTB4
MAM01597	CoA	R_MAR01250	exchange	MAM00582	20-CoA-20-oxo-LTB4
MAM01597	CoA	R_MAR01251	exchange	MAM00582	20-CoA-20-oxo-LTB4
MAM01597	CoA	R_MAR01259	exchange	MAM00421	18-CoA-18-oxo-dinor-LTB4
MAM01597	CoA	R_MAR01260	exchange	MAM00421	18-CoA-18-oxo-dinor-LTB4
MAM01597	CoA	R_MAR01261	exchange	MAM00421	18-CoA-18-oxo-dinor-LTB4
MAM01597	CoA	R_MAR01262	exchange	MAM00421	18-CoA-18-oxo-dinor-LTB4
MAM01597	CoA	R_MAR01263	exchange	MAM00258	10,11-dihydro-LTB4-CoA
MAM01597	CoA	R_MAR01264	exchange	MAM00258	10,11-dihydro-LTB4-CoA
MAM01597	CoA	R_MAR01265	exchange	MAM00258	10,11-dihydro-LTB4-CoA
MAM01597	CoA	R_MAR01266	exchange	MAM00258	10,11-dihydro-LTB4-CoA
MAM01597	CoA	R_MAR01276	exchange	MAM00688	3(S),10(R)-OH-octadeca-6-trans-4,12-cis-trienoyl-CoA
MAM01597	CoA	R_MAR01277	exchange	MAM00688	3(S),10(R)-OH-octadeca-6-trans-4,12-cis-trienoyl-CoA
MAM01597	CoA	R_MAR01278	exchange	MAM00688	3(S),10(R)-OH-octadeca-6-trans-4,12-cis-trienoyl-CoA
MAM01597	CoA	R_MAR01279	exchange	MAM00688	3(S),10(R)-OH-octadeca-6-trans-4,12-cis-trienoyl-CoA
MAM01597	CoA	R_MAR01290	exchange	MAM00587	20-COOH-LTE4-CoA
MAM01597	CoA	R_MAR01294	exchange	MAM01261	acetyl-CoA
MAM01597	CoA	R_MAR01295	exchange	MAM02650	omega-COOH-dinor-LTE4-CoA
MAM01597	CoA	R_MAR01301	exchange	MAM01261	acetyl-CoA
MAM01597	CoA	R_MAR01302	exchange	MAM02652	omega-COOH-tetranor-LTE3-CoA
MAM01597	CoA	R_MAR01304	exchange	MAM00015	(13E)-tetranor-16-oxo-16-CoA-LTE4
MAM01597	CoA	R_MAR01434	exchange	MAM01261	acetyl-CoA
MAM01597	CoA	R_MAR01436	exchange	MAM01255	acetoacetyl-CoA
MAM01597	CoA	R_MAR01437	exchange	MAM01255	acetoacetyl-CoA
MAM01597	CoA	R_MAR01439	exchange	MAM02110	hexacosanoyl-CoA
MAM01597	CoA	R_MAR01440	exchange	MAM02131	HMG-CoA
MAM01597	CoA	R_MAR01446	exchange	MAM02131	HMG-CoA
MAM01597	CoA	R_MAR01471	exchange	MAM01261	acetyl-CoA
MAM01597	CoA	R_MAR01481	exchange	MAM02971	tetracosanoyl-CoA
MAM01597	CoA	R_MAR01488	exchange	MAM02390	linolenoyl-CoA
MAM01597	CoA	R_MAR01489	exchange	MAM02390	linolenoyl-CoA
MAM01597	CoA	R_MAR01517	exchange	MAM02444	malonyl-CoA
MAM01597	CoA	R_MAR01556	exchange	MAM00025	(15Z)-tetracosenoyl-CoA
MAM01597	CoA	R_MAR01573	exchange	MAM01255	acetoacetyl-CoA
MAM01597	CoA	R_MAR01576	exchange	MAM01255	acetoacetyl-CoA
MAM01597	CoA	R_MAR01591	exchange	MAM03850	pseudoecgonyl-CoA
MAM01597	CoA	R_MAR01600	exchange	MAM01261	acetyl-CoA
MAM01597	CoA	R_MAR01624	exchange	MAM00616	25(R)THCA-CoA
MAM01597	CoA	R_MAR01625	exchange	MAM00616	25(R)THCA-CoA
MAM01597	CoA	R_MAR01627	exchange	MAM00616	25(R)THCA-CoA
MAM01597	CoA	R_MAR01652	exchange	MAM01514	choloyl-CoA
MAM01597	CoA	R_MAR01660	exchange	MAM01514	choloyl-CoA
MAM01597	CoA	R_MAR01663	exchange	MAM01514	choloyl-CoA
MAM01597	CoA	R_MAR01667	exchange	MAM01514	choloyl-CoA
MAM01597	CoA	R_MAR01668	exchange	MAM01514	choloyl-CoA
MAM01597	CoA	R_MAR01670	exchange	MAM01514	choloyl-CoA
MAM01597	CoA	R_MAR01674	exchange	MAM03887	pristanoyl-CoA
MAM01597	CoA	R_MAR01675	exchange	MAM02747	(3R)-phytanoyl-CoA
MAM01597	CoA	R_MAR01677	exchange	MAM00119	(7Z,10Z,13Z,16Z)-docosatetraenoyl-CoA
MAM01597	CoA	R_MAR01697	exchange	MAM00614	25(R)DHCA-CoA
MAM01597	CoA	R_MAR01699	exchange	MAM00614	25(R)DHCA-CoA
MAM01597	CoA	R_MAR01700	exchange	MAM00614	25(R)DHCA-CoA
MAM01597	CoA	R_MAR01710	exchange	MAM01434	chenodeoxycholoyl-CoA
MAM01597	CoA	R_MAR01711	exchange	MAM02774	propanoyl-CoA
MAM01597	CoA	R_MAR01716	exchange	MAM01434	chenodeoxycholoyl-CoA
MAM01597	CoA	R_MAR01718	exchange	MAM01434	chenodeoxycholoyl-CoA
MAM01597	CoA	R_MAR01720	exchange	MAM01434	chenodeoxycholoyl-CoA
MAM01597	CoA	R_MAR01722	exchange	MAM01434	chenodeoxycholoyl-CoA
MAM01597	CoA	R_MAR01723	exchange	MAM01434	chenodeoxycholoyl-CoA
MAM01597	CoA	R_MAR01726	exchange	MAM01434	chenodeoxycholoyl-CoA
MAM01597	CoA	R_MAR01727	exchange	MAM01434	chenodeoxycholoyl-CoA
MAM01597	CoA	R_MAR01736	exchange	MAM00134	(9Z,12Z,15Z,18Z,21Z)-tetracosapentaenoyl-CoA
MAM01597	CoA	R_MAR01754	exchange	MAM00615	25(R)TetraHCA-CoA
MAM01597	CoA	R_MAR01756	exchange	MAM00743	3,7,24THCA-CoA
MAM01597	CoA	R_MAR01757	exchange	MAM00110	(6Z,9Z,12Z,15Z,18Z)-tetracosapentaenoyl-CoA
MAM01597	CoA	R_MAR01773	exchange	MAM00131	(9Z,12Z,15Z,18Z)-tetracosatetraenoyl-CoA
MAM01597	CoA	R_MAR01832	exchange	MAM01667	deoxycholoyl-CoA
MAM01597	CoA	R_MAR01833	exchange	MAM01667	deoxycholoyl-CoA
MAM01597	CoA	R_MAR01835	exchange	MAM01667	deoxycholoyl-CoA
MAM01597	CoA	R_MAR01837	exchange	MAM01667	deoxycholoyl-CoA
MAM01597	CoA	R_MAR01848	exchange	MAM01514	choloyl-CoA
MAM01597	CoA	R_MAR02121	exchange	MAM02678	palmitoyl-CoA
MAM01597	CoA	R_MAR02122	exchange	MAM02391	linoleoyl-CoA
MAM01597	CoA	R_MAR02123	exchange	MAM01364	arachidonyl-CoA
MAM01597	CoA	R_MAR02146	exchange	MAM02480	methylmalonyl-CoA
MAM01597	CoA	R_MAR02150	exchange	MAM01261	acetyl-CoA
MAM01597	CoA	R_MAR02151	exchange	MAM02444	malonyl-CoA
MAM01597	CoA	R_MAR02190	exchange	MAM02444	malonyl-CoA
MAM01597	CoA	R_MAR02201	exchange	MAM02444	malonyl-CoA
MAM01597	CoA	R_MAR02205	exchange	MAM01773	eicosanoyl-CoA
MAM01597	CoA	R_MAR02211	exchange	MAM01725	docosanoyl-CoA
MAM01597	CoA	R_MAR02215	exchange	MAM02444	malonyl-CoA
MAM01597	CoA	R_MAR02227	exchange	MAM02774	propanoyl-CoA
MAM01597	CoA	R_MAR02259	exchange	MAM02101	heptadecanoyl-CoA
MAM01597	CoA	R_MAR02263	exchange	MAM02444	malonyl-CoA
MAM01597	CoA	R_MAR02267	exchange	MAM02052	heneicosanoyl-CoA
MAM01597	CoA	R_MAR02305	exchange	MAM02444	malonyl-CoA
MAM01597	CoA	R_MAR02306	exchange	MAM00051	(2E)-hexadecenoyl-CoA
MAM01597	CoA	R_MAR02308	exchange	MAM00051	(2E)-hexadecenoyl-CoA
MAM01597	CoA	R_MAR02310	exchange	MAM00051	(2E)-hexadecenoyl-CoA
MAM01597	CoA	R_MAR02312	exchange	MAM00051	(2E)-hexadecenoyl-CoA
MAM01597	CoA	R_MAR02313	exchange	MAM02941	stearoyl-CoA
MAM01597	CoA	R_MAR02314	exchange	MAM01934	gamma-linolenoyl-CoA
MAM01597	CoA	R_MAR02315	exchange	MAM00007	(11Z)-eicosenoyl-CoA
MAM01597	CoA	R_MAR02324	exchange	MAM00016	(13Z)-docosenoyl-CoA
MAM01597	CoA	R_MAR02332	exchange	MAM00025	(15Z)-tetracosenoyl-CoA
MAM01597	CoA	R_MAR02342	exchange	MAM01586	cis-vaccenoyl-CoA
MAM01597	CoA	R_MAR02347	exchange	MAM00116	(7Z)-octadecenoyl-CoA
MAM01597	CoA	R_MAR02353	exchange	MAM01236	9-eicosenoyl-CoA
MAM01597	CoA	R_MAR02361	exchange	MAM00106	(6Z,9Z)-octadecadienoyl-CoA
MAM01597	CoA	R_MAR02371	exchange	MAM01934	gamma-linolenoyl-CoA
MAM01597	CoA	R_MAR02375	exchange	MAM01934	gamma-linolenoyl-CoA
MAM01597	CoA	R_MAR02381	exchange	MAM01261	acetyl-CoA
MAM01597	CoA	R_MAR02383	exchange	MAM01364	arachidonyl-CoA
MAM01597	CoA	R_MAR02395	exchange	MAM00119	(7Z,10Z,13Z,16Z)-docosatetraenoyl-CoA
MAM01597	CoA	R_MAR02411	exchange	MAM00093	(4Z,7Z,10Z,13Z,16Z)-docosapentaenoyl-CoA
MAM01597	CoA	R_MAR02415	exchange	MAM01697	dihomo-gamma-linolenoyl-CoA
MAM01597	CoA	R_MAR02423	exchange	MAM02391	linoleoyl-CoA
MAM01597	CoA	R_MAR02433	exchange	MAM00009	(11Z,14Z)-eicosadienoyl-CoA
MAM01597	CoA	R_MAR02475	exchange	MAM00108	(6Z,9Z,12Z,15Z)-octadecatetraenoyl-CoA
MAM01597	CoA	R_MAR02486	exchange	MAM00103	(5Z,8Z,11Z,14Z,17Z)-eicosapentaenoyl-CoA
MAM01597	CoA	R_MAR02487	exchange	MAM02941	stearoyl-CoA
MAM01597	CoA	R_MAR02488	exchange	MAM02941	stearoyl-CoA
MAM01597	CoA	R_MAR02494	exchange	MAM01773	eicosanoyl-CoA
MAM01597	CoA	R_MAR02497	exchange	MAM00121	(7Z,10Z,13Z,16Z,19Z)-docosapentaenoyl-CoA
MAM01597	CoA	R_MAR02498	exchange	MAM01725	docosanoyl-CoA
MAM01597	CoA	R_MAR02500	exchange	MAM01773	eicosanoyl-CoA
MAM01597	CoA	R_MAR02502	exchange	MAM01773	eicosanoyl-CoA
MAM01597	CoA	R_MAR02504	exchange	MAM01725	docosanoyl-CoA
MAM01597	CoA	R_MAR02506	exchange	MAM01725	docosanoyl-CoA
MAM01597	CoA	R_MAR02507	exchange	MAM02971	tetracosanoyl-CoA
MAM01597	CoA	R_MAR02508	exchange	MAM02971	tetracosanoyl-CoA
MAM01597	CoA	R_MAR02513	exchange	MAM00095	(4Z,7Z,10Z,13Z,16Z,19Z)-docosahexaenoyl-CoA
MAM01597	CoA	R_MAR02515	exchange	MAM00125	(8Z,11Z,14Z,17Z)-eicosatetraenoyl-CoA
MAM01597	CoA	R_MAR02519	exchange	MAM02444	malonyl-CoA
MAM01597	CoA	R_MAR02522	exchange	MAM00262	10,13,16,19-docosatetraenoyl-CoA
MAM01597	CoA	R_MAR02530	exchange	MAM02390	linolenoyl-CoA
MAM01597	CoA	R_MAR02540	exchange	MAM00012	(11Z,14Z,17Z)-eicosatrienoyl-CoA
MAM01597	CoA	R_MAR02591	exchange	MAM01261	acetyl-CoA
MAM01597	CoA	R_MAR02593	exchange	MAM01261	acetyl-CoA
MAM01597	CoA	R_MAR02594	exchange	MAM02774	propanoyl-CoA
MAM01597	CoA	R_MAR02598	exchange	MAM02774	propanoyl-CoA
MAM01597	CoA	R_MAR02599	exchange	MAM02444	malonyl-CoA
MAM01597	CoA	R_MAR02601	exchange	MAM02444	malonyl-CoA
MAM01597	CoA	R_MAR02602	exchange	MAM02345	lauroyl-CoA
MAM01597	CoA	R_MAR02604	exchange	MAM02345	lauroyl-CoA
MAM01597	CoA	R_MAR02605	exchange	MAM03050	tridecanoyl-CoA
MAM01597	CoA	R_MAR02607	exchange	MAM03050	tridecanoyl-CoA
MAM01597	CoA	R_MAR02608	exchange	MAM02495	myristoyl-CoA
MAM01597	CoA	R_MAR02610	exchange	MAM02495	myristoyl-CoA
MAM01597	CoA	R_MAR02611	exchange	MAM00129	(9E)-tetradecenoyl-CoA
MAM01597	CoA	R_MAR02613	exchange	MAM00129	(9E)-tetradecenoyl-CoA
MAM01597	CoA	R_MAR02614	exchange	MAM00118	(7Z)-tetradecenoyl-CoA
MAM01597	CoA	R_MAR02618	exchange	MAM00118	(7Z)-tetradecenoyl-CoA
MAM01597	CoA	R_MAR02620	exchange	MAM01141	5-tetradecenoyl-CoA
MAM01597	CoA	R_MAR02622	exchange	MAM01141	5-tetradecenoyl-CoA
MAM01597	CoA	R_MAR02623	exchange	MAM02689	pentadecanoyl-CoA
MAM01597	CoA	R_MAR02625	exchange	MAM02689	pentadecanoyl-CoA
MAM01597	CoA	R_MAR02626	exchange	MAM02678	palmitoyl-CoA
MAM01597	CoA	R_MAR02630	exchange	MAM02678	palmitoyl-CoA
MAM01597	CoA	R_MAR02633	exchange	MAM01191	7-hexadecenoyl-CoA
MAM01597	CoA	R_MAR02635	exchange	MAM01191	7-hexadecenoyl-CoA
MAM01597	CoA	R_MAR02636	exchange	MAM02677	palmitoleoyl-CoA
MAM01597	CoA	R_MAR02640	exchange	MAM02677	palmitoleoyl-CoA
MAM01597	CoA	R_MAR02642	exchange	MAM02101	heptadecanoyl-CoA
MAM01597	CoA	R_MAR02646	exchange	MAM02101	heptadecanoyl-CoA
MAM01597	CoA	R_MAR02648	exchange	MAM00004	(10Z)-heptadecenoyl-CoA
MAM01597	CoA	R_MAR02650	exchange	MAM00004	(10Z)-heptadecenoyl-CoA
MAM01597	CoA	R_MAR02651	exchange	MAM01237	9-heptadecenoyl-CoA
MAM01597	CoA	R_MAR02653	exchange	MAM01237	9-heptadecenoyl-CoA
MAM01597	CoA	R_MAR02654	exchange	MAM02941	stearoyl-CoA
MAM01597	CoA	R_MAR02656	exchange	MAM02941	stearoyl-CoA
MAM01597	CoA	R_MAR02657	exchange	MAM00020	(13Z)-octadecenoyl-CoA
MAM01597	CoA	R_MAR02659	exchange	MAM00020	(13Z)-octadecenoyl-CoA
MAM01597	CoA	R_MAR02660	exchange	MAM01586	cis-vaccenoyl-CoA
MAM01597	CoA	R_MAR02662	exchange	MAM01586	cis-vaccenoyl-CoA
MAM01597	CoA	R_MAR02663	exchange	MAM02647	oleoyl-CoA
MAM01597	CoA	R_MAR02665	exchange	MAM02647	oleoyl-CoA
MAM01597	CoA	R_MAR02666	exchange	MAM00127	(9E)-octadecenoyl-CoA
MAM01597	CoA	R_MAR02668	exchange	MAM00127	(9E)-octadecenoyl-CoA
MAM01597	CoA	R_MAR02669	exchange	MAM00116	(7Z)-octadecenoyl-CoA
MAM01597	CoA	R_MAR02671	exchange	MAM00116	(7Z)-octadecenoyl-CoA
MAM01597	CoA	R_MAR02672	exchange	MAM00106	(6Z,9Z)-octadecadienoyl-CoA
MAM01597	CoA	R_MAR02674	exchange	MAM00106	(6Z,9Z)-octadecadienoyl-CoA
MAM01597	CoA	R_MAR02675	exchange	MAM02612	nonadecanoyl-CoA
MAM01597	CoA	R_MAR02677	exchange	MAM02612	nonadecanoyl-CoA
MAM01597	CoA	R_MAR02678	exchange	MAM01773	eicosanoyl-CoA
MAM01597	CoA	R_MAR02680	exchange	MAM01773	eicosanoyl-CoA
MAM01597	CoA	R_MAR02681	exchange	MAM00018	(13Z)-eicosenoyl-CoA
MAM01597	CoA	R_MAR02683	exchange	MAM00018	(13Z)-eicosenoyl-CoA
MAM01597	CoA	R_MAR02684	exchange	MAM00007	(11Z)-eicosenoyl-CoA
MAM01597	CoA	R_MAR02686	exchange	MAM00007	(11Z)-eicosenoyl-CoA
MAM01597	CoA	R_MAR02687	exchange	MAM01236	9-eicosenoyl-CoA
MAM01597	CoA	R_MAR02689	exchange	MAM01236	9-eicosenoyl-CoA
MAM01597	CoA	R_MAR02690	exchange	MAM00123	(8Z,11Z)-eicosadienoyl-CoA
MAM01597	CoA	R_MAR02692	exchange	MAM00123	(8Z,11Z)-eicosadienoyl-CoA
MAM01597	CoA	R_MAR02693	exchange	MAM00101	(5Z,8Z,11Z)-eicosatrienoyl-CoA
MAM01597	CoA	R_MAR02697	exchange	MAM00101	(5Z,8Z,11Z)-eicosatrienoyl-CoA
MAM01597	CoA	R_MAR02699	exchange	MAM02052	heneicosanoyl-CoA
MAM01597	CoA	R_MAR02701	exchange	MAM02052	heneicosanoyl-CoA
MAM01597	CoA	R_MAR02702	exchange	MAM01725	docosanoyl-CoA
MAM01597	CoA	R_MAR02704	exchange	MAM01725	docosanoyl-CoA
MAM01597	CoA	R_MAR02705	exchange	MAM00016	(13Z)-docosenoyl-CoA
MAM01597	CoA	R_MAR02707	exchange	MAM00016	(13Z)-docosenoyl-CoA
MAM01597	CoA	R_MAR02708	exchange	MAM00006	(11Z)-docosenoyl-CoA
MAM01597	CoA	R_MAR02710	exchange	MAM00006	(11Z)-docosenoyl-CoA
MAM01597	CoA	R_MAR02711	exchange	MAM02390	linolenoyl-CoA
MAM01597	CoA	R_MAR02713	exchange	MAM02390	linolenoyl-CoA
MAM01597	CoA	R_MAR02714	exchange	MAM00108	(6Z,9Z,12Z,15Z)-octadecatetraenoyl-CoA
MAM01597	CoA	R_MAR02716	exchange	MAM00108	(6Z,9Z,12Z,15Z)-octadecatetraenoyl-CoA
MAM01597	CoA	R_MAR02717	exchange	MAM00125	(8Z,11Z,14Z,17Z)-eicosatetraenoyl-CoA
MAM01597	CoA	R_MAR02719	exchange	MAM00125	(8Z,11Z,14Z,17Z)-eicosatetraenoyl-CoA
MAM01597	CoA	R_MAR02720	exchange	MAM00103	(5Z,8Z,11Z,14Z,17Z)-eicosapentaenoyl-CoA
MAM01597	CoA	R_MAR02724	exchange	MAM00103	(5Z,8Z,11Z,14Z,17Z)-eicosapentaenoyl-CoA
MAM01597	CoA	R_MAR02726	exchange	MAM00121	(7Z,10Z,13Z,16Z,19Z)-docosapentaenoyl-CoA
MAM01597	CoA	R_MAR02729	exchange	MAM00121	(7Z,10Z,13Z,16Z,19Z)-docosapentaenoyl-CoA
MAM01597	CoA	R_MAR02730	exchange	MAM00095	(4Z,7Z,10Z,13Z,16Z,19Z)-docosahexaenoyl-CoA
MAM01597	CoA	R_MAR02732	exchange	MAM00095	(4Z,7Z,10Z,13Z,16Z,19Z)-docosahexaenoyl-CoA
MAM01597	CoA	R_MAR02733	exchange	MAM00012	(11Z,14Z,17Z)-eicosatrienoyl-CoA
MAM01597	CoA	R_MAR02735	exchange	MAM00012	(11Z,14Z,17Z)-eicosatrienoyl-CoA
MAM01597	CoA	R_MAR02736	exchange	MAM00343	13,16,19-docosatrienoyl-CoA
MAM01597	CoA	R_MAR02738	exchange	MAM00343	13,16,19-docosatrienoyl-CoA
MAM01597	CoA	R_MAR02739	exchange	MAM00262	10,13,16,19-docosatetraenoyl-CoA
MAM01597	CoA	R_MAR02741	exchange	MAM00262	10,13,16,19-docosatetraenoyl-CoA
MAM01597	CoA	R_MAR02742	exchange	MAM02391	linoleoyl-CoA
MAM01597	CoA	R_MAR02745	exchange	MAM02391	linoleoyl-CoA
MAM01597	CoA	R_MAR02746	exchange	MAM01934	gamma-linolenoyl-CoA
MAM01597	CoA	R_MAR02750	exchange	MAM01934	gamma-linolenoyl-CoA
MAM01597	CoA	R_MAR02752	exchange	MAM01697	dihomo-gamma-linolenoyl-CoA
MAM01597	CoA	R_MAR02754	exchange	MAM01697	dihomo-gamma-linolenoyl-CoA
MAM01597	CoA	R_MAR02755	exchange	MAM01364	arachidonyl-CoA
MAM01597	CoA	R_MAR02758	exchange	MAM01364	arachidonyl-CoA
MAM01597	CoA	R_MAR02759	exchange	MAM00119	(7Z,10Z,13Z,16Z)-docosatetraenoyl-CoA
MAM01597	CoA	R_MAR02761	exchange	MAM00119	(7Z,10Z,13Z,16Z)-docosatetraenoyl-CoA
MAM01597	CoA	R_MAR02762	exchange	MAM00093	(4Z,7Z,10Z,13Z,16Z)-docosapentaenoyl-CoA
MAM01597	CoA	R_MAR02766	exchange	MAM00093	(4Z,7Z,10Z,13Z,16Z)-docosapentaenoyl-CoA
MAM01597	CoA	R_MAR02768	exchange	MAM00009	(11Z,14Z)-eicosadienoyl-CoA
MAM01597	CoA	R_MAR02770	exchange	MAM00009	(11Z,14Z)-eicosadienoyl-CoA
MAM01597	CoA	R_MAR02771	exchange	MAM00023	(13Z,16Z)-docosadienoyl-CoA
MAM01597	CoA	R_MAR02773	exchange	MAM00023	(13Z,16Z)-docosadienoyl-CoA
MAM01597	CoA	R_MAR02774	exchange	MAM00264	10,13,16-docosatrienoyl-CoA
MAM01597	CoA	R_MAR02776	exchange	MAM00264	10,13,16-docosatrienoyl-CoA
MAM01597	CoA	R_MAR02780	exchange	MAM01261	acetyl-CoA
MAM01597	CoA	R_MAR02785	exchange	MAM02444	malonyl-CoA
MAM01597	CoA	R_MAR02786	exchange	MAM02391	linoleoyl-CoA
MAM01597	CoA	R_MAR02788	exchange	MAM02345	lauroyl-CoA
MAM01597	CoA	R_MAR02790	exchange	MAM03050	tridecanoyl-CoA
MAM01597	CoA	R_MAR02792	exchange	MAM02495	myristoyl-CoA
MAM01597	CoA	R_MAR02794	exchange	MAM00129	(9E)-tetradecenoyl-CoA
MAM01597	CoA	R_MAR02796	exchange	MAM00118	(7Z)-tetradecenoyl-CoA
MAM01597	CoA	R_MAR02798	exchange	MAM01141	5-tetradecenoyl-CoA
MAM01597	CoA	R_MAR02800	exchange	MAM02689	pentadecanoyl-CoA
MAM01597	CoA	R_MAR02802	exchange	MAM02391	linoleoyl-CoA
MAM01597	CoA	R_MAR02803	exchange	MAM02678	palmitoyl-CoA
MAM01597	CoA	R_MAR02806	exchange	MAM01191	7-hexadecenoyl-CoA
MAM01597	CoA	R_MAR02809	exchange	MAM02677	palmitoleoyl-CoA
MAM01597	CoA	R_MAR02812	exchange	MAM02101	heptadecanoyl-CoA
MAM01597	CoA	R_MAR02814	exchange	MAM00004	(10Z)-heptadecenoyl-CoA
MAM01597	CoA	R_MAR02816	exchange	MAM01237	9-heptadecenoyl-CoA
MAM01597	CoA	R_MAR02819	exchange	MAM02941	stearoyl-CoA
MAM01597	CoA	R_MAR02822	exchange	MAM00020	(13Z)-octadecenoyl-CoA
MAM01597	CoA	R_MAR02824	exchange	MAM01586	cis-vaccenoyl-CoA
MAM01597	CoA	R_MAR02827	exchange	MAM02647	oleoyl-CoA
MAM01597	CoA	R_MAR02830	exchange	MAM00127	(9E)-octadecenoyl-CoA
MAM01597	CoA	R_MAR02832	exchange	MAM00116	(7Z)-octadecenoyl-CoA
MAM01597	CoA	R_MAR02834	exchange	MAM00106	(6Z,9Z)-octadecadienoyl-CoA
MAM01597	CoA	R_MAR02836	exchange	MAM02612	nonadecanoyl-CoA
MAM01597	CoA	R_MAR02838	exchange	MAM01773	eicosanoyl-CoA
MAM01597	CoA	R_MAR02840	exchange	MAM00007	(11Z)-eicosenoyl-CoA
MAM01597	CoA	R_MAR02842	exchange	MAM01236	9-eicosenoyl-CoA
MAM01597	CoA	R_MAR02844	exchange	MAM00018	(13Z)-eicosenoyl-CoA
MAM01597	CoA	R_MAR02846	exchange	MAM00123	(8Z,11Z)-eicosadienoyl-CoA
MAM01597	CoA	R_MAR02848	exchange	MAM00101	(5Z,8Z,11Z)-eicosatrienoyl-CoA
MAM01597	CoA	R_MAR02850	exchange	MAM02052	heneicosanoyl-CoA
MAM01597	CoA	R_MAR02852	exchange	MAM01725	docosanoyl-CoA
MAM01597	CoA	R_MAR02854	exchange	MAM00016	(13Z)-docosenoyl-CoA
MAM01597	CoA	R_MAR02856	exchange	MAM00006	(11Z)-docosenoyl-CoA
MAM01597	CoA	R_MAR02859	exchange	MAM02390	linolenoyl-CoA
MAM01597	CoA	R_MAR02862	exchange	MAM00108	(6Z,9Z,12Z,15Z)-octadecatetraenoyl-CoA
MAM01597	CoA	R_MAR02864	exchange	MAM00125	(8Z,11Z,14Z,17Z)-eicosatetraenoyl-CoA
MAM01597	CoA	R_MAR02866	exchange	MAM00103	(5Z,8Z,11Z,14Z,17Z)-eicosapentaenoyl-CoA
MAM01597	CoA	R_MAR02868	exchange	MAM00121	(7Z,10Z,13Z,16Z,19Z)-docosapentaenoyl-CoA
MAM01597	CoA	R_MAR02870	exchange	MAM00095	(4Z,7Z,10Z,13Z,16Z,19Z)-docosahexaenoyl-CoA
MAM01597	CoA	R_MAR02872	exchange	MAM00012	(11Z,14Z,17Z)-eicosatrienoyl-CoA
MAM01597	CoA	R_MAR02874	exchange	MAM00343	13,16,19-docosatrienoyl-CoA
MAM01597	CoA	R_MAR02876	exchange	MAM00262	10,13,16,19-docosatetraenoyl-CoA
MAM01597	CoA	R_MAR02877	exchange	MAM00317	12,15,18,21-tetracosatetraenoyl-CoA
MAM01597	CoA	R_MAR02879	exchange	MAM00317	12,15,18,21-tetracosatetraenoyl-CoA
MAM01597	CoA	R_MAR02882	exchange	MAM02391	linoleoyl-CoA
MAM01597	CoA	R_MAR02886	exchange	MAM01934	gamma-linolenoyl-CoA
MAM01597	CoA	R_MAR02890	exchange	MAM01697	dihomo-gamma-linolenoyl-CoA
MAM01597	CoA	R_MAR02894	exchange	MAM01364	arachidonyl-CoA
MAM01597	CoA	R_MAR02897	exchange	MAM00119	(7Z,10Z,13Z,16Z)-docosatetraenoyl-CoA
MAM01597	CoA	R_MAR02899	exchange	MAM00093	(4Z,7Z,10Z,13Z,16Z)-docosapentaenoyl-CoA
MAM01597	CoA	R_MAR02901	exchange	MAM00009	(11Z,14Z)-eicosadienoyl-CoA
MAM01597	CoA	R_MAR02903	exchange	MAM00023	(13Z,16Z)-docosadienoyl-CoA
MAM01597	CoA	R_MAR02905	exchange	MAM00264	10,13,16-docosatrienoyl-CoA
MAM01597	CoA	R_MAR02906	exchange	MAM03047	tricosanoyl-CoA
MAM01597	CoA	R_MAR02908	exchange	MAM03047	tricosanoyl-CoA
MAM01597	CoA	R_MAR02909	exchange	MAM02971	tetracosanoyl-CoA
MAM01597	CoA	R_MAR02911	exchange	MAM02971	tetracosanoyl-CoA
MAM01597	CoA	R_MAR02912	exchange	MAM00025	(15Z)-tetracosenoyl-CoA
MAM01597	CoA	R_MAR02914	exchange	MAM00025	(15Z)-tetracosenoyl-CoA
MAM01597	CoA	R_MAR02915	exchange	MAM02110	hexacosanoyl-CoA
MAM01597	CoA	R_MAR02917	exchange	MAM02110	hexacosanoyl-CoA
MAM01597	CoA	R_MAR02918	exchange	MAM02112	hexacosenoyl-CoA
MAM01597	CoA	R_MAR02920	exchange	MAM02112	hexacosenoyl-CoA
MAM01597	CoA	R_MAR02921	exchange	MAM00134	(9Z,12Z,15Z,18Z,21Z)-tetracosapentaenoyl-CoA
MAM01597	CoA	R_MAR02923	exchange	MAM00134	(9Z,12Z,15Z,18Z,21Z)-tetracosapentaenoyl-CoA
MAM01597	CoA	R_MAR02924	exchange	MAM00131	(9Z,12Z,15Z,18Z)-tetracosatetraenoyl-CoA
MAM01597	CoA	R_MAR02926	exchange	MAM00131	(9Z,12Z,15Z,18Z)-tetracosatetraenoyl-CoA
MAM01597	CoA	R_MAR02927	exchange	MAM00110	(6Z,9Z,12Z,15Z,18Z)-tetracosapentaenoyl-CoA
MAM01597	CoA	R_MAR02929	exchange	MAM00110	(6Z,9Z,12Z,15Z,18Z)-tetracosapentaenoyl-CoA
MAM01597	CoA	R_MAR02930	exchange	MAM00113	(6Z,9Z,12Z,15Z,18Z,21Z)-tetracosahexaenoyl-CoA
MAM01597	CoA	R_MAR02932	exchange	MAM00113	(6Z,9Z,12Z,15Z,18Z,21Z)-tetracosahexaenoyl-CoA
MAM01597	CoA	R_MAR02940	exchange	MAM01434	chenodeoxycholoyl-CoA
MAM01597	CoA	R_MAR02941	exchange	MAM01434	chenodeoxycholoyl-CoA
MAM01597	CoA	R_MAR02942	exchange	MAM02345	lauroyl-CoA
MAM01597	CoA	R_MAR02943	exchange	MAM03050	tridecanoyl-CoA
MAM01597	CoA	R_MAR02944	exchange	MAM02495	myristoyl-CoA
MAM01597	CoA	R_MAR02945	exchange	MAM01141	5-tetradecenoyl-CoA
MAM01597	CoA	R_MAR02946	exchange	MAM00129	(9E)-tetradecenoyl-CoA
MAM01597	CoA	R_MAR02947	exchange	MAM00118	(7Z)-tetradecenoyl-CoA
MAM01597	CoA	R_MAR02948	exchange	MAM02689	pentadecanoyl-CoA
MAM01597	CoA	R_MAR02949	exchange	MAM02678	palmitoyl-CoA
MAM01597	CoA	R_MAR02950	exchange	MAM01434	chenodeoxycholoyl-CoA
MAM01597	CoA	R_MAR02951	exchange	MAM01191	7-hexadecenoyl-CoA
MAM01597	CoA	R_MAR02952	exchange	MAM02677	palmitoleoyl-CoA
MAM01597	CoA	R_MAR02953	exchange	MAM01434	chenodeoxycholoyl-CoA
MAM01597	CoA	R_MAR02954	exchange	MAM02101	heptadecanoyl-CoA
MAM01597	CoA	R_MAR02955	exchange	MAM00004	(10Z)-heptadecenoyl-CoA
MAM01597	CoA	R_MAR02956	exchange	MAM01237	9-heptadecenoyl-CoA
MAM01597	CoA	R_MAR02957	exchange	MAM02941	stearoyl-CoA
MAM01597	CoA	R_MAR02959	exchange	MAM02647	oleoyl-CoA
MAM01597	CoA	R_MAR02961	exchange	MAM00127	(9E)-octadecenoyl-CoA
MAM01597	CoA	R_MAR02962	exchange	MAM00020	(13Z)-octadecenoyl-CoA
MAM01597	CoA	R_MAR02963	exchange	MAM01586	cis-vaccenoyl-CoA
MAM01597	CoA	R_MAR02964	exchange	MAM00106	(6Z,9Z)-octadecadienoyl-CoA
MAM01597	CoA	R_MAR02965	exchange	MAM02612	nonadecanoyl-CoA
MAM01597	CoA	R_MAR02966	exchange	MAM01773	eicosanoyl-CoA
MAM01597	CoA	R_MAR02967	exchange	MAM00007	(11Z)-eicosenoyl-CoA
MAM01597	CoA	R_MAR02968	exchange	MAM00018	(13Z)-eicosenoyl-CoA
MAM01597	CoA	R_MAR02969	exchange	MAM01236	9-eicosenoyl-CoA
MAM01597	CoA	R_MAR02970	exchange	MAM00123	(8Z,11Z)-eicosadienoyl-CoA
MAM01597	CoA	R_MAR02971	exchange	MAM00101	(5Z,8Z,11Z)-eicosatrienoyl-CoA
MAM01597	CoA	R_MAR02972	exchange	MAM02052	heneicosanoyl-CoA
MAM01597	CoA	R_MAR02973	exchange	MAM01725	docosanoyl-CoA
MAM01597	CoA	R_MAR02974	exchange	MAM00016	(13Z)-docosenoyl-CoA
MAM01597	CoA	R_MAR02975	exchange	MAM00006	(11Z)-docosenoyl-CoA
MAM01597	CoA	R_MAR02976	exchange	MAM03047	tricosanoyl-CoA
MAM01597	CoA	R_MAR02977	exchange	MAM02971	tetracosanoyl-CoA
MAM01597	CoA	R_MAR02978	exchange	MAM00025	(15Z)-tetracosenoyl-CoA
MAM01597	CoA	R_MAR02979	exchange	MAM02110	hexacosanoyl-CoA
MAM01597	CoA	R_MAR02980	exchange	MAM02112	hexacosenoyl-CoA
MAM01597	CoA	R_MAR02981	exchange	MAM02390	linolenoyl-CoA
MAM01597	CoA	R_MAR02982	exchange	MAM00108	(6Z,9Z,12Z,15Z)-octadecatetraenoyl-CoA
MAM01597	CoA	R_MAR02983	exchange	MAM00125	(8Z,11Z,14Z,17Z)-eicosatetraenoyl-CoA
MAM01597	CoA	R_MAR02984	exchange	MAM00103	(5Z,8Z,11Z,14Z,17Z)-eicosapentaenoyl-CoA
MAM01597	CoA	R_MAR02985	exchange	MAM00121	(7Z,10Z,13Z,16Z,19Z)-docosapentaenoyl-CoA
MAM01597	CoA	R_MAR02986	exchange	MAM00134	(9Z,12Z,15Z,18Z,21Z)-tetracosapentaenoyl-CoA
MAM01597	CoA	R_MAR02987	exchange	MAM00113	(6Z,9Z,12Z,15Z,18Z,21Z)-tetracosahexaenoyl-CoA
MAM01597	CoA	R_MAR02988	exchange	MAM00095	(4Z,7Z,10Z,13Z,16Z,19Z)-docosahexaenoyl-CoA
MAM01597	CoA	R_MAR02989	exchange	MAM00012	(11Z,14Z,17Z)-eicosatrienoyl-CoA
MAM01597	CoA	R_MAR02990	exchange	MAM00343	13,16,19-docosatrienoyl-CoA
MAM01597	CoA	R_MAR02991	exchange	MAM02391	linoleoyl-CoA
MAM01597	CoA	R_MAR02992	exchange	MAM01934	gamma-linolenoyl-CoA
MAM01597	CoA	R_MAR02994	exchange	MAM01697	dihomo-gamma-linolenoyl-CoA
MAM01597	CoA	R_MAR02996	exchange	MAM01364	arachidonyl-CoA
MAM01597	CoA	R_MAR02998	exchange	MAM00119	(7Z,10Z,13Z,16Z)-docosatetraenoyl-CoA
MAM01597	CoA	R_MAR02999	exchange	MAM00131	(9Z,12Z,15Z,18Z)-tetracosatetraenoyl-CoA
MAM01597	CoA	R_MAR03000	exchange	MAM00110	(6Z,9Z,12Z,15Z,18Z)-tetracosapentaenoyl-CoA
MAM01597	CoA	R_MAR03001	exchange	MAM00093	(4Z,7Z,10Z,13Z,16Z)-docosapentaenoyl-CoA
MAM01597	CoA	R_MAR03002	exchange	MAM00009	(11Z,14Z)-eicosadienoyl-CoA
MAM01597	CoA	R_MAR03003	exchange	MAM00023	(13Z,16Z)-docosadienoyl-CoA
MAM01597	CoA	R_MAR03009	exchange	MAM02774	propanoyl-CoA
MAM01597	CoA	R_MAR03015	exchange	MAM01364	arachidonyl-CoA
MAM01597	CoA	R_MAR03028	exchange	MAM02444	malonyl-CoA
MAM01597	CoA	R_MAR03030	exchange	MAM01261	acetyl-CoA
MAM01597	CoA	R_MAR03032	exchange	MAM02644	octanoyl-CoA
MAM01597	CoA	R_MAR03034	exchange	MAM02644	octanoyl-CoA
MAM01597	CoA	R_MAR03037	exchange	MAM02774	propanoyl-CoA
MAM01597	CoA	R_MAR03053	exchange	MAM01261	acetyl-CoA
MAM01597	CoA	R_MAR03054	exchange	MAM01261	acetyl-CoA
MAM01597	CoA	R_MAR03055	exchange	MAM01261	acetyl-CoA
MAM01597	CoA	R_MAR03056	exchange	MAM01261	acetyl-CoA
MAM01597	CoA	R_MAR03060	exchange	MAM01261	acetyl-CoA
MAM01597	CoA	R_MAR03065	exchange	MAM01261	acetyl-CoA
MAM01597	CoA	R_MAR03069	exchange	MAM01261	acetyl-CoA
MAM01597	CoA	R_MAR03073	exchange	MAM01261	acetyl-CoA
MAM01597	CoA	R_MAR03077	exchange	MAM01261	acetyl-CoA
MAM01597	CoA	R_MAR03081	exchange	MAM01261	acetyl-CoA
MAM01597	CoA	R_MAR03085	exchange	MAM01261	acetyl-CoA
MAM01597	CoA	R_MAR03089	exchange	MAM01261	acetyl-CoA
MAM01597	CoA	R_MAR03093	exchange	MAM01261	acetyl-CoA
MAM01597	CoA	R_MAR03097	exchange	MAM01261	acetyl-CoA
MAM01597	CoA	R_MAR03101	exchange	MAM01261	acetyl-CoA
MAM01597	CoA	R_MAR03105	exchange	MAM01261	acetyl-CoA
MAM01597	CoA	R_MAR03110	exchange	MAM01261	acetyl-CoA
MAM01597	CoA	R_MAR03114	exchange	MAM01261	acetyl-CoA
MAM01597	CoA	R_MAR03118	exchange	MAM01261	acetyl-CoA
MAM01597	CoA	R_MAR03125	exchange	MAM01261	acetyl-CoA
MAM01597	CoA	R_MAR03132	exchange	MAM01261	acetyl-CoA
MAM01597	CoA	R_MAR03139	exchange	MAM01261	acetyl-CoA
MAM01597	CoA	R_MAR03146	exchange	MAM01261	acetyl-CoA
MAM01597	CoA	R_MAR03153	exchange	MAM01261	acetyl-CoA
MAM01597	CoA	R_MAR03160	exchange	MAM01261	acetyl-CoA
MAM01597	CoA	R_MAR03173	exchange	MAM01261	acetyl-CoA
MAM01597	CoA	R_MAR03177	exchange	MAM01261	acetyl-CoA
MAM01597	CoA	R_MAR03181	exchange	MAM01261	acetyl-CoA
MAM01597	CoA	R_MAR03185	exchange	MAM01261	acetyl-CoA
MAM01597	CoA	R_MAR03189	exchange	MAM01261	acetyl-CoA
MAM01597	CoA	R_MAR03193	exchange	MAM01261	acetyl-CoA
MAM01597	CoA	R_MAR03197	exchange	MAM01261	acetyl-CoA
MAM01597	CoA	R_MAR03201	exchange	MAM01261	acetyl-CoA
MAM01597	CoA	R_MAR03205	exchange	MAM01261	acetyl-CoA
MAM01597	CoA	R_MAR03206	exchange	MAM01261	acetyl-CoA
MAM01597	CoA	R_MAR03221	exchange	MAM00007	(11Z)-eicosenoyl-CoA
MAM01597	CoA	R_MAR03225	exchange	MAM01261	acetyl-CoA
MAM01597	CoA	R_MAR03229	exchange	MAM01191	7-hexadecenoyl-CoA
MAM01597	CoA	R_MAR03233	exchange	MAM01141	5-tetradecenoyl-CoA
MAM01597	CoA	R_MAR03237	exchange	MAM00088	(3Z)-dodecenoyl-CoA
MAM01597	CoA	R_MAR03243	exchange	MAM01261	acetyl-CoA
MAM01597	CoA	R_MAR03247	exchange	MAM01261	acetyl-CoA
MAM01597	CoA	R_MAR03256	exchange	MAM00118	(7Z)-tetradecenoyl-CoA
MAM01597	CoA	R_MAR03264	exchange	MAM00099	(5Z)-dodecenoyl-CoA
MAM01597	CoA	R_MAR03273	exchange	MAM02677	palmitoleoyl-CoA
MAM01597	CoA	R_MAR03274	exchange	MAM02677	palmitoleoyl-CoA
MAM01597	CoA	R_MAR03279	exchange	MAM01261	acetyl-CoA
MAM01597	CoA	R_MAR03283	exchange	MAM01261	acetyl-CoA
MAM01597	CoA	R_MAR03287	exchange	MAM01261	acetyl-CoA
MAM01597	CoA	R_MAR03293	exchange	MAM00980	4-cis-decenoyl-CoA
MAM01597	CoA	R_MAR03305	exchange	MAM01261	acetyl-CoA
MAM01597	CoA	R_MAR03310	exchange	MAM01261	acetyl-CoA
MAM01597	CoA	R_MAR03315	exchange	MAM01261	acetyl-CoA
MAM01597	CoA	R_MAR03320	exchange	MAM00980	4-cis-decenoyl-CoA
MAM01597	CoA	R_MAR03329	exchange	MAM00025	(15Z)-tetracosenoyl-CoA
MAM01597	CoA	R_MAR03333	exchange	MAM00016	(13Z)-docosenoyl-CoA
MAM01597	CoA	R_MAR03337	exchange	MAM00007	(11Z)-eicosenoyl-CoA
MAM01597	CoA	R_MAR03341	exchange	MAM01261	acetyl-CoA
MAM01597	CoA	R_MAR03345	exchange	MAM01191	7-hexadecenoyl-CoA
MAM01597	CoA	R_MAR03349	exchange	MAM01141	5-tetradecenoyl-CoA
MAM01597	CoA	R_MAR03353	exchange	MAM00088	(3Z)-dodecenoyl-CoA
MAM01597	CoA	R_MAR03359	exchange	MAM01261	acetyl-CoA
MAM01597	CoA	R_MAR03363	exchange	MAM01261	acetyl-CoA
MAM01597	CoA	R_MAR03368	exchange	MAM00118	(7Z)-tetradecenoyl-CoA
MAM01597	CoA	R_MAR03373	exchange	MAM00099	(5Z)-dodecenoyl-CoA
MAM01597	CoA	R_MAR03381	exchange	MAM01261	acetyl-CoA
MAM01597	CoA	R_MAR03382	exchange	MAM01261	acetyl-CoA
MAM01597	CoA	R_MAR03387	exchange	MAM00078	(2S)-pristanoyl-CoA
MAM01597	CoA	R_MAR03388	exchange	MAM03362	3(S)-phytanoyl-CoA
MAM01597	CoA	R_MAR03389	exchange	MAM03362	3(S)-phytanoyl-CoA
MAM01597	CoA	R_MAR03390	exchange	MAM00075	(2R)-pristanoyl-CoA
MAM01597	CoA	R_MAR03393	exchange	MAM01934	gamma-linolenoyl-CoA
MAM01597	CoA	R_MAR03396	exchange	MAM01261	acetyl-CoA
MAM01597	CoA	R_MAR03397	exchange	MAM01261	acetyl-CoA
MAM01597	CoA	R_MAR03398	exchange	MAM01261	acetyl-CoA
MAM01597	CoA	R_MAR03399	exchange	MAM00108	(6Z,9Z,12Z,15Z)-octadecatetraenoyl-CoA
MAM01597	CoA	R_MAR03404	exchange	MAM00103	(5Z,8Z,11Z,14Z,17Z)-eicosapentaenoyl-CoA
MAM01597	CoA	R_MAR03406	exchange	MAM01261	acetyl-CoA
MAM01597	CoA	R_MAR03407	exchange	MAM01261	acetyl-CoA
MAM01597	CoA	R_MAR03408	exchange	MAM01261	acetyl-CoA
MAM01597	CoA	R_MAR03409	exchange	MAM01261	acetyl-CoA
MAM01597	CoA	R_MAR03411	exchange	MAM01261	acetyl-CoA
MAM01597	CoA	R_MAR03413	exchange	MAM01261	acetyl-CoA
MAM01597	CoA	R_MAR03414	exchange	MAM01261	acetyl-CoA
MAM01597	CoA	R_MAR03415	exchange	MAM00121	(7Z,10Z,13Z,16Z,19Z)-docosapentaenoyl-CoA
MAM01597	CoA	R_MAR03416	exchange	MAM01261	acetyl-CoA
MAM01597	CoA	R_MAR03421	exchange	MAM01261	acetyl-CoA
MAM01597	CoA	R_MAR03423	exchange	MAM01261	acetyl-CoA
MAM01597	CoA	R_MAR03424	exchange	MAM01261	acetyl-CoA
MAM01597	CoA	R_MAR03425	exchange	MAM01261	acetyl-CoA
MAM01597	CoA	R_MAR03427	exchange	MAM01261	acetyl-CoA
MAM01597	CoA	R_MAR03428	exchange	MAM01261	acetyl-CoA
MAM01597	CoA	R_MAR03429	exchange	MAM01261	acetyl-CoA
MAM01597	CoA	R_MAR03430	exchange	MAM01261	acetyl-CoA
MAM01597	CoA	R_MAR03431	exchange	MAM01261	acetyl-CoA
MAM01597	CoA	R_MAR03432	exchange	MAM01261	acetyl-CoA
MAM01597	CoA	R_MAR03433	exchange	MAM01261	acetyl-CoA
MAM01597	CoA	R_MAR03439	exchange	MAM00119	(7Z,10Z,13Z,16Z)-docosatetraenoyl-CoA
MAM01597	CoA	R_MAR03440	exchange	MAM00119	(7Z,10Z,13Z,16Z)-docosatetraenoyl-CoA
MAM01597	CoA	R_MAR03443	exchange	MAM01364	arachidonyl-CoA
MAM01597	CoA	R_MAR03455	exchange	MAM00091	(4Z,7Z,10Z)-hexadecatrienoyl-CoA
MAM01597	CoA	R_MAR03469	exchange	MAM00091	(4Z,7Z,10Z)-hexadecatrienoyl-CoA
MAM01597	CoA	R_MAR03475	exchange	MAM01261	acetyl-CoA
MAM01597	CoA	R_MAR03476	exchange	MAM01836	formyl-CoA
MAM01597	CoA	R_MAR03477	exchange	MAM01836	formyl-CoA
MAM01597	CoA	R_MAR03480	exchange	MAM02747	(3R)-phytanoyl-CoA
MAM01597	CoA	R_MAR03481	exchange	MAM02747	(3R)-phytanoyl-CoA
MAM01597	CoA	R_MAR03482	exchange	MAM02747	(3R)-phytanoyl-CoA
MAM01597	CoA	R_MAR03483	exchange	MAM00119	(7Z,10Z,13Z,16Z)-docosatetraenoyl-CoA
MAM01597	CoA	R_MAR03485	exchange	MAM02391	linoleoyl-CoA
MAM01597	CoA	R_MAR03493	exchange	MAM00075	(2R)-pristanoyl-CoA
MAM01597	CoA	R_MAR03494	exchange	MAM01697	dihomo-gamma-linolenoyl-CoA
MAM01597	CoA	R_MAR03500	exchange	MAM00125	(8Z,11Z,14Z,17Z)-eicosatetraenoyl-CoA
MAM01597	CoA	R_MAR03505	exchange	MAM00948	4,8,12-trimethyltridecanoyl-CoA
MAM01597	CoA	R_MAR03510	exchange	MAM00076	(2R,6R,10R)-trimethyl-hendecanoyl-CoA
MAM01597	CoA	R_MAR03515	exchange	MAM00933	4(R),8-dimethyl-nonanoyl-CoA
MAM01597	CoA	R_MAR03516	exchange	MAM00262	10,13,16,19-docosatetraenoyl-CoA
MAM01597	CoA	R_MAR03519	exchange	MAM00933	4(R),8-dimethyl-nonanoyl-CoA
MAM01597	CoA	R_MAR03521	exchange	MAM00933	4(R),8-dimethyl-nonanoyl-CoA
MAM01597	CoA	R_MAR03525	exchange	MAM00562	2(R),6-dimethyl-heptanoyl-CoA
MAM01597	CoA	R_MAR03530	exchange	MAM01015	4-methyl-pentanoyl-CoA
MAM01597	CoA	R_MAR03534	exchange	MAM01261	acetyl-CoA
MAM01597	CoA	R_MAR03604	exchange	MAM02444	malonyl-CoA
MAM01597	CoA	R_MAR03605	exchange	MAM00007	(11Z)-eicosenoyl-CoA
MAM01597	CoA	R_MAR03606	exchange	MAM00016	(13Z)-docosenoyl-CoA
MAM01597	CoA	R_MAR03618	exchange	MAM02444	malonyl-CoA
MAM01597	CoA	R_MAR03619	exchange	MAM02444	malonyl-CoA
MAM01597	CoA	R_MAR03625	exchange	MAM02345	lauroyl-CoA
MAM01597	CoA	R_MAR03626	exchange	MAM03050	tridecanoyl-CoA
MAM01597	CoA	R_MAR03627	exchange	MAM02495	myristoyl-CoA
MAM01597	CoA	R_MAR03628	exchange	MAM00129	(9E)-tetradecenoyl-CoA
MAM01597	CoA	R_MAR03629	exchange	MAM00118	(7Z)-tetradecenoyl-CoA
MAM01597	CoA	R_MAR03630	exchange	MAM01141	5-tetradecenoyl-CoA
MAM01597	CoA	R_MAR03631	exchange	MAM02689	pentadecanoyl-CoA
MAM01597	CoA	R_MAR03632	exchange	MAM02678	palmitoyl-CoA
MAM01597	CoA	R_MAR03633	exchange	MAM01191	7-hexadecenoyl-CoA
MAM01597	CoA	R_MAR03634	exchange	MAM02677	palmitoleoyl-CoA
MAM01597	CoA	R_MAR03635	exchange	MAM02101	heptadecanoyl-CoA
MAM01597	CoA	R_MAR03636	exchange	MAM00004	(10Z)-heptadecenoyl-CoA
MAM01597	CoA	R_MAR03637	exchange	MAM01237	9-heptadecenoyl-CoA
MAM01597	CoA	R_MAR03638	exchange	MAM02941	stearoyl-CoA
MAM01597	CoA	R_MAR03639	exchange	MAM00020	(13Z)-octadecenoyl-CoA
MAM01597	CoA	R_MAR03640	exchange	MAM01586	cis-vaccenoyl-CoA
MAM01597	CoA	R_MAR03641	exchange	MAM02647	oleoyl-CoA
MAM01597	CoA	R_MAR03642	exchange	MAM00127	(9E)-octadecenoyl-CoA
MAM01597	CoA	R_MAR03643	exchange	MAM00116	(7Z)-octadecenoyl-CoA
MAM01597	CoA	R_MAR03644	exchange	MAM00106	(6Z,9Z)-octadecadienoyl-CoA
MAM01597	CoA	R_MAR03645	exchange	MAM02612	nonadecanoyl-CoA
MAM01597	CoA	R_MAR03646	exchange	MAM01773	eicosanoyl-CoA
MAM01597	CoA	R_MAR03647	exchange	MAM00018	(13Z)-eicosenoyl-CoA
MAM01597	CoA	R_MAR03648	exchange	MAM00007	(11Z)-eicosenoyl-CoA
MAM01597	CoA	R_MAR03649	exchange	MAM01236	9-eicosenoyl-CoA
MAM01597	CoA	R_MAR03650	exchange	MAM00123	(8Z,11Z)-eicosadienoyl-CoA
MAM01597	CoA	R_MAR03651	exchange	MAM00101	(5Z,8Z,11Z)-eicosatrienoyl-CoA
MAM01597	CoA	R_MAR03652	exchange	MAM02052	heneicosanoyl-CoA
MAM01597	CoA	R_MAR03653	exchange	MAM01725	docosanoyl-CoA
MAM01597	CoA	R_MAR03654	exchange	MAM00016	(13Z)-docosenoyl-CoA
MAM01597	CoA	R_MAR03655	exchange	MAM00006	(11Z)-docosenoyl-CoA
MAM01597	CoA	R_MAR03656	exchange	MAM03047	tricosanoyl-CoA
MAM01597	CoA	R_MAR03657	exchange	MAM02971	tetracosanoyl-CoA
MAM01597	CoA	R_MAR03658	exchange	MAM00025	(15Z)-tetracosenoyl-CoA
MAM01597	CoA	R_MAR03659	exchange	MAM02110	hexacosanoyl-CoA
MAM01597	CoA	R_MAR03660	exchange	MAM02112	hexacosenoyl-CoA
MAM01597	CoA	R_MAR03661	exchange	MAM02390	linolenoyl-CoA
MAM01597	CoA	R_MAR03662	exchange	MAM00108	(6Z,9Z,12Z,15Z)-octadecatetraenoyl-CoA
MAM01597	CoA	R_MAR03663	exchange	MAM00125	(8Z,11Z,14Z,17Z)-eicosatetraenoyl-CoA
MAM01597	CoA	R_MAR03664	exchange	MAM00103	(5Z,8Z,11Z,14Z,17Z)-eicosapentaenoyl-CoA
MAM01597	CoA	R_MAR03665	exchange	MAM00121	(7Z,10Z,13Z,16Z,19Z)-docosapentaenoyl-CoA
MAM01597	CoA	R_MAR03666	exchange	MAM00134	(9Z,12Z,15Z,18Z,21Z)-tetracosapentaenoyl-CoA
MAM01597	CoA	R_MAR03667	exchange	MAM00113	(6Z,9Z,12Z,15Z,18Z,21Z)-tetracosahexaenoyl-CoA
MAM01597	CoA	R_MAR03668	exchange	MAM00095	(4Z,7Z,10Z,13Z,16Z,19Z)-docosahexaenoyl-CoA
MAM01597	CoA	R_MAR03669	exchange	MAM00012	(11Z,14Z,17Z)-eicosatrienoyl-CoA
MAM01597	CoA	R_MAR03670	exchange	MAM00343	13,16,19-docosatrienoyl-CoA
MAM01597	CoA	R_MAR03671	exchange	MAM00262	10,13,16,19-docosatetraenoyl-CoA
MAM01597	CoA	R_MAR03672	exchange	MAM00317	12,15,18,21-tetracosatetraenoyl-CoA
MAM01597	CoA	R_MAR03673	exchange	MAM02391	linoleoyl-CoA
MAM01597	CoA	R_MAR03674	exchange	MAM01934	gamma-linolenoyl-CoA
MAM01597	CoA	R_MAR03675	exchange	MAM01697	dihomo-gamma-linolenoyl-CoA
MAM01597	CoA	R_MAR03676	exchange	MAM01364	arachidonyl-CoA
MAM01597	CoA	R_MAR03677	exchange	MAM00119	(7Z,10Z,13Z,16Z)-docosatetraenoyl-CoA
MAM01597	CoA	R_MAR03678	exchange	MAM00131	(9Z,12Z,15Z,18Z)-tetracosatetraenoyl-CoA
MAM01597	CoA	R_MAR03679	exchange	MAM00110	(6Z,9Z,12Z,15Z,18Z)-tetracosapentaenoyl-CoA
MAM01597	CoA	R_MAR03680	exchange	MAM00093	(4Z,7Z,10Z,13Z,16Z)-docosapentaenoyl-CoA
MAM01597	CoA	R_MAR03681	exchange	MAM00009	(11Z,14Z)-eicosadienoyl-CoA
MAM01597	CoA	R_MAR03682	exchange	MAM00023	(13Z,16Z)-docosadienoyl-CoA
MAM01597	CoA	R_MAR03683	exchange	MAM00264	10,13,16-docosatrienoyl-CoA
MAM01597	CoA	R_MAR03743	exchange	MAM01364	arachidonyl-CoA
MAM01597	CoA	R_MAR03750	exchange	MAM02180	isobutyryl-CoA
MAM01597	CoA	R_MAR03755	exchange	MAM00785	3-hydroxyisobutyryl-CoA
MAM01597	CoA	R_MAR03761	exchange	MAM00166	(R)-methylmalonyl-CoA
MAM01597	CoA	R_MAR03763	exchange	MAM00166	(R)-methylmalonyl-CoA
MAM01597	CoA	R_MAR03771	exchange	MAM02189	isovaleryl-CoA
MAM01597	CoA	R_MAR03772	exchange	MAM00826	3-methylcrotonyl-CoA
MAM01597	CoA	R_MAR03782	exchange	MAM00663	2-methylbutyryl-CoA
MAM01597	CoA	R_MAR03794	exchange	MAM01261	acetyl-CoA
MAM01597	CoA	R_MAR03795	exchange	MAM02774	propanoyl-CoA
MAM01597	CoA	R_MAR03796	exchange	MAM02774	propanoyl-CoA
MAM01597	CoA	R_MAR03797	exchange	MAM02774	propanoyl-CoA
MAM01597	CoA	R_MAR03799	exchange	MAM02774	propanoyl-CoA
MAM01597	CoA	R_MAR03801	exchange	MAM01120	5-oxo-12(R)-hydroxy-eicosa-(8E,10E,14Z)-trienoyl-CoA
MAM01597	CoA	R_MAR03803	exchange	MAM01120	5-oxo-12(R)-hydroxy-eicosa-(8E,10E,14Z)-trienoyl-CoA
MAM01597	CoA	R_MAR03805	exchange	MAM01120	5-oxo-12(R)-hydroxy-eicosa-(8E,10E,14Z)-trienoyl-CoA
MAM01597	CoA	R_MAR03810	exchange	MAM00836	3-oxo-10(R)-hydroxy-octadeca-(6E,8E,12Z)-trienoyl-CoA
MAM01597	CoA	R_MAR03814	exchange	MAM00838	3-oxo-10(S)-hydroxy-octadeca-(6E,8E,12Z)-trienoyl-CoA
MAM01597	CoA	R_MAR03844	exchange	MAM00688	3(S),10(R)-OH-octadeca-6-trans-4,12-cis-trienoyl-CoA
MAM01597	CoA	R_MAR03846	exchange	MAM00258	10,11-dihydro-LTB4-CoA
MAM01597	CoA	R_MAR03847	exchange	MAM01261	acetyl-CoA
MAM01597	CoA	R_MAR03872	exchange	MAM00258	10,11-dihydro-LTB4-CoA
MAM01597	CoA	R_MAR03874	exchange	MAM00258	10,11-dihydro-LTB4-CoA
MAM01597	CoA	R_MAR03885	exchange	MAM01261	acetyl-CoA
MAM01597	CoA	R_MAR03922	exchange	MAM01261	acetyl-CoA
MAM01597	CoA	R_MAR03939	exchange	MAM02944	succinyl-CoA
MAM01597	CoA	R_MAR03981	exchange	MAM00421	18-CoA-18-oxo-dinor-LTB4
MAM01597	CoA	R_MAR04093	exchange	MAM01261	acetyl-CoA
MAM01597	CoA	R_MAR04095	exchange	MAM01261	acetyl-CoA
MAM01597	CoA	R_MAR04097	exchange	MAM01261	acetyl-CoA
MAM01597	CoA	R_MAR04099	exchange	MAM01261	acetyl-CoA
MAM01597	CoA	R_MAR04108	exchange	MAM01261	acetyl-CoA
MAM01597	CoA	R_MAR04145	exchange	MAM01261	acetyl-CoA
MAM01597	CoA	R_MAR04147	exchange	MAM02944	succinyl-CoA
MAM01597	CoA	R_MAR04149	exchange	MAM01261	acetyl-CoA
MAM01597	CoA	R_MAR04152	exchange	MAM02944	succinyl-CoA
MAM01597	CoA	R_MAR04282	exchange	MAM01261	acetyl-CoA
MAM01597	CoA	R_MAR04331	exchange	MAM02774	propanoyl-CoA
MAM01597	CoA	R_MAR04426	exchange	MAM01261	acetyl-CoA
MAM01597	CoA	R_MAR04441	exchange	MAM03409	adipoyl-CoA
MAM01597	CoA	R_MAR04445	exchange	MAM03409	adipoyl-CoA
MAM01597	CoA	R_MAR04447	exchange	MAM03409	adipoyl-CoA
MAM01597	CoA	R_MAR04457	exchange	MAM01650	decanoyl-CoA
MAM01597	CoA	R_MAR04462	exchange	MAM03486	decenoyl-CoA
MAM01597	CoA	R_MAR04475	exchange	MAM03543	decadienoyl-CoA
MAM01597	CoA	R_MAR04491	exchange	MAM03924	sebacoyl-CoA
MAM01597	CoA	R_MAR04504	exchange	MAM00181	(S)-hydroxydecanoyl-CoA
MAM01597	CoA	R_MAR04508	exchange	MAM00042	(2E)-dodecenoyl-CoA
MAM01597	CoA	R_MAR04509	exchange	MAM03491	dodecanedioyl-CoA
MAM01597	CoA	R_MAR04511	exchange	MAM03491	dodecanedioyl-CoA
MAM01597	CoA	R_MAR04522	exchange	MAM00174	(S)-3-hydroxydodecanoyl-CoA
MAM01597	CoA	R_MAR04546	exchange	MAM01261	acetyl-CoA
MAM01597	CoA	R_MAR04569	exchange	MAM03979	tetradecenoyl-CoA
MAM01597	CoA	R_MAR04571	exchange	MAM03263	3-hydroxy tetradecenoyl-7-CoA
MAM01597	CoA	R_MAR04581	exchange	MAM03974	tetradecadienoyl-CoA
MAM01597	CoA	R_MAR04598	exchange	MAM03267	3-hydroxy trans5,8tetradecadienoyl-CoA
MAM01597	CoA	R_MAR04604	exchange	MAM01255	acetoacetyl-CoA
MAM01597	CoA	R_MAR04610	exchange	MAM00178	(S)-3-hydroxytetradecanoyl-CoA
MAM01597	CoA	R_MAR04613	exchange	MAM03216	3-hydroxyhexadecenoyl-CoA
MAM01597	CoA	R_MAR04620	exchange	MAM03265	3-hydroxy trans7,10-hexadecadienoyl-CoA
MAM01597	CoA	R_MAR04624	exchange	MAM03655	hexadecanedioyl-CoA
MAM01597	CoA	R_MAR04628	exchange	MAM01261	acetyl-CoA
MAM01597	CoA	R_MAR04630	exchange	MAM02131	HMG-CoA
MAM01597	CoA	R_MAR04634	exchange	MAM03218	3-hydroxyhexadecanoyl-CoA
MAM01597	CoA	R_MAR04636	exchange	MAM03252	3-hydroxyoctadecenoyl-CoA
MAM01597	CoA	R_MAR04638	exchange	MAM03249	3-hydroxyoctadecadienoyl-CoA
MAM01597	CoA	R_MAR04639	exchange	MAM03230	(S)-3-hydroxyoctadecanoyl-CoA
MAM01597	CoA	R_MAR04671	exchange	MAM00159	(R)-3-hydroxybutanoyl-CoA
MAM01597	CoA	R_MAR04678	exchange	MAM01412	butyryl-CoA
MAM01597	CoA	R_MAR04707	exchange	MAM02189	isovaleryl-CoA
MAM01597	CoA	R_MAR04711	exchange	MAM02999	tiglyl-CoA
MAM01597	CoA	R_MAR04719	exchange	MAM02122	hexanoyl-CoA
MAM01597	CoA	R_MAR04722	exchange	MAM02122	hexanoyl-CoA
MAM01597	CoA	R_MAR04741	exchange	MAM00799	3-hydroxypropionyl-CoA
MAM01597	CoA	R_MAR04742	exchange	MAM02944	succinyl-CoA
MAM01597	CoA	R_MAR04745	exchange	MAM03409	adipoyl-CoA
MAM01597	CoA	R_MAR04749	exchange	MAM03500	octenoyl-CoA
MAM01597	CoA	R_MAR04759	exchange	MAM03922	suberyl-CoA
MAM01597	CoA	R_MAR04805	exchange	MAM03555	13-docosenoyl-CoA
MAM01597	CoA	R_MAR04968	exchange	MAM01261	acetyl-CoA
MAM01597	CoA	R_MAR04984	exchange	MAM01261	acetyl-CoA
MAM01597	CoA	R_MAR04987	exchange	MAM01261	acetyl-CoA
MAM01597	CoA	R_MAR05025	exchange	MAM01261	acetyl-CoA
MAM01597	CoA	R_MAR05026	exchange	MAM01261	acetyl-CoA
MAM01597	CoA	R_MAR05028	exchange	MAM02774	propanoyl-CoA
MAM01597	CoA	R_MAR05030	exchange	MAM01261	acetyl-CoA
MAM01597	CoA	R_MAR05044	exchange	MAM01261	acetyl-CoA
MAM01597	CoA	R_MAR05069	exchange	MAM01261	acetyl-CoA
MAM01597	CoA	R_MAR05083	exchange	MAM01261	acetyl-CoA
MAM01597	CoA	R_MAR05086	exchange	MAM01261	acetyl-CoA
MAM01597	CoA	R_MAR05095	exchange	MAM01261	acetyl-CoA
MAM01597	CoA	R_MAR05097	exchange	MAM01261	acetyl-CoA
MAM01597	CoA	R_MAR05100	exchange	MAM01261	acetyl-CoA
MAM01597	CoA	R_MAR05104	exchange	MAM03491	dodecanedioyl-CoA
MAM01597	CoA	R_MAR05106	exchange	MAM03491	dodecanedioyl-CoA
MAM01597	CoA	R_MAR05108	exchange	MAM01261	acetyl-CoA
MAM01597	CoA	R_MAR05110	exchange	MAM01261	acetyl-CoA
MAM01597	CoA	R_MAR05111	exchange	MAM01261	acetyl-CoA
MAM01597	CoA	R_MAR05119	exchange	MAM00088	(3Z)-dodecenoyl-CoA
MAM01597	CoA	R_MAR05175	exchange	MAM01261	acetyl-CoA
MAM01597	CoA	R_MAR05177	exchange	MAM01261	acetyl-CoA
MAM01597	CoA	R_MAR05178	exchange	MAM01261	acetyl-CoA
MAM01597	CoA	R_MAR05179	exchange	MAM01261	acetyl-CoA
MAM01597	CoA	R_MAR05180	exchange	MAM01261	acetyl-CoA
MAM01597	CoA	R_MAR05182	exchange	MAM01261	acetyl-CoA
MAM01597	CoA	R_MAR05183	exchange	MAM03887	pristanoyl-CoA
MAM01597	CoA	R_MAR05184	exchange	MAM00948	4,8,12-trimethyltridecanoyl-CoA
MAM01597	CoA	R_MAR05185	exchange	MAM01261	acetyl-CoA
MAM01597	CoA	R_MAR05188	exchange	MAM01261	acetyl-CoA
MAM01597	CoA	R_MAR05189	exchange	MAM01141	5-tetradecenoyl-CoA
MAM01597	CoA	R_MAR05193	exchange	MAM01261	acetyl-CoA
MAM01597	CoA	R_MAR05194	exchange	MAM01261	acetyl-CoA
MAM01597	CoA	R_MAR05242	exchange	MAM01261	acetyl-CoA
MAM01597	CoA	R_MAR05256	exchange	MAM01261	acetyl-CoA
MAM01597	CoA	R_MAR05325	exchange	MAM01261	acetyl-CoA
MAM01597	CoA	R_MAR05327	exchange	MAM01261	acetyl-CoA
MAM01597	CoA	R_MAR05331	exchange	MAM01261	acetyl-CoA
MAM01597	CoA	R_MAR05334	exchange	MAM03655	hexadecanedioyl-CoA
MAM01597	CoA	R_MAR05338	exchange	MAM01261	acetyl-CoA
MAM01597	CoA	R_MAR05343	exchange	MAM01261	acetyl-CoA
MAM01597	CoA	R_MAR05345	exchange	MAM01261	acetyl-CoA
MAM01597	CoA	R_MAR05350	exchange	MAM01191	7-hexadecenoyl-CoA
MAM01597	CoA	R_MAR05359	exchange	MAM01261	acetyl-CoA
MAM01597	CoA	R_MAR05360	exchange	MAM00091	(4Z,7Z,10Z)-hexadecatrienoyl-CoA
MAM01597	CoA	R_MAR05364	exchange	MAM01261	acetyl-CoA
MAM01597	CoA	R_MAR05365	exchange	MAM01261	acetyl-CoA
MAM01597	CoA	R_MAR05366	exchange	MAM01261	acetyl-CoA
MAM01597	CoA	R_MAR05369	exchange	MAM01261	acetyl-CoA
MAM01597	CoA	R_MAR05372	exchange	MAM01261	acetyl-CoA
MAM01597	CoA	R_MAR05373	exchange	MAM01261	acetyl-CoA
MAM01597	CoA	R_MAR05375	exchange	MAM01261	acetyl-CoA
MAM01597	CoA	R_MAR05376	exchange	MAM01261	acetyl-CoA
MAM01597	CoA	R_MAR05377	exchange	MAM01261	acetyl-CoA
MAM01597	CoA	R_MAR05378	exchange	MAM01261	acetyl-CoA
MAM01597	CoA	R_MAR05379	exchange	MAM01261	acetyl-CoA
MAM01597	CoA	R_MAR05403	exchange	MAM01261	acetyl-CoA
MAM01597	CoA	R_MAR05418	exchange	MAM01261	acetyl-CoA
MAM01597	CoA	R_MAR05419	exchange	MAM01261	acetyl-CoA
MAM01597	CoA	R_MAR05421	exchange	MAM01261	acetyl-CoA
MAM01597	CoA	R_MAR05428	exchange	MAM01261	acetyl-CoA
MAM01597	CoA	R_MAR05431	exchange	MAM01261	acetyl-CoA
MAM01597	CoA	R_MAR05456	exchange	MAM02944	succinyl-CoA
MAM01597	CoA	R_MAR05988	exchange	MAM01261	acetyl-CoA
MAM01597	CoA	R_MAR05991	exchange	MAM01977	glutaryl-CoA
MAM01597	CoA	R_MAR06278	exchange	MAM03242	3-hydroxyisovaleryl-CoA
MAM01597	CoA	R_MAR06280	exchange	MAM01261	acetyl-CoA
MAM01597	CoA	R_MAR06284	exchange	MAM01261	acetyl-CoA
MAM01597	CoA	R_MAR06285	exchange	MAM01261	acetyl-CoA
MAM01597	CoA	R_MAR06319	exchange	MAM01261	acetyl-CoA
MAM01597	CoA	R_MAR06320	exchange	MAM01261	acetyl-CoA
MAM01597	CoA	R_MAR06322	exchange	MAM01261	acetyl-CoA
MAM01597	CoA	R_MAR06344	exchange	MAM01261	acetyl-CoA
MAM01597	CoA	R_MAR06345	exchange	MAM01261	acetyl-CoA
MAM01597	CoA	R_MAR06346	exchange	MAM01261	acetyl-CoA
MAM01597	CoA	R_MAR06347	exchange	MAM01261	acetyl-CoA
MAM01597	CoA	R_MAR06407	exchange	MAM01261	acetyl-CoA
MAM01597	CoA	R_MAR06412	exchange	MAM01261	acetyl-CoA
MAM01597	CoA	R_MAR06414	exchange	MAM02944	succinyl-CoA
MAM01597	CoA	R_MAR06415	exchange	MAM01977	glutaryl-CoA
MAM01597	CoA	R_MAR06417	exchange	MAM02180	isobutyryl-CoA
MAM01597	CoA	R_MAR06420	exchange	MAM00663	2-methylbutyryl-CoA
MAM01597	CoA	R_MAR06422	exchange	MAM02189	isovaleryl-CoA
MAM01597	CoA	R_MAR06432	exchange	MAM02774	propanoyl-CoA
MAM01597	CoA	R_MAR06433	exchange	MAM01261	acetyl-CoA
MAM01597	CoA	R_MAR06434	exchange	MAM02774	propanoyl-CoA
MAM01597	CoA	R_MAR06435	exchange	MAM01261	acetyl-CoA
MAM01597	CoA	R_MAR06436	exchange	MAM02774	propanoyl-CoA
MAM01597	CoA	R_MAR06437	exchange	MAM01261	acetyl-CoA
MAM01597	CoA	R_MAR06447	exchange	MAM02774	propanoyl-CoA
MAM01597	CoA	R_MAR06448	exchange	MAM01261	acetyl-CoA
MAM01597	CoA	R_MAR06449	exchange	MAM01261	acetyl-CoA
MAM01597	CoA	R_MAR06450	exchange	MAM02774	propanoyl-CoA
MAM01597	CoA	R_MAR06451	exchange	MAM01261	acetyl-CoA
MAM01597	CoA	R_MAR06452	exchange	MAM01261	acetyl-CoA
MAM01597	CoA	R_MAR06453	exchange	MAM02774	propanoyl-CoA
MAM01597	CoA	R_MAR06470	exchange	MAM02774	propanoyl-CoA
MAM01597	CoA	R_MAR06471	exchange	MAM01261	acetyl-CoA
MAM01597	CoA	R_MAR06472	exchange	MAM02774	propanoyl-CoA
MAM01597	CoA	R_MAR06473	exchange	MAM01261	acetyl-CoA
MAM01597	CoA	R_MAR06482	exchange	MAM02774	propanoyl-CoA
MAM01597	CoA	R_MAR06483	exchange	MAM00980	4-cis-decenoyl-CoA
MAM01597	CoA	R_MAR06484	exchange	MAM01261	acetyl-CoA
MAM01597	CoA	R_MAR06486	exchange	MAM02774	propanoyl-CoA
MAM01597	CoA	R_MAR06488	exchange	MAM01261	acetyl-CoA
MAM01597	CoA	R_MAR06598	exchange	MAM03791	11-octadecenoyl-CoA
MAM01597	CoA	R_MAR06600	exchange	MAM03791	11-octadecenoyl-CoA
MAM01597	CoA	R_MAR06604	exchange	MAM03791	11-octadecenoyl-CoA
MAM01597	CoA	R_MAR06671	exchange	MAM02678	palmitoyl-CoA
MAM01597	CoA	R_MAR06696	exchange	MAM03792	octadecenoyl-CoA
MAM01597	CoA	R_MAR06698	exchange	MAM03792	octadecenoyl-CoA
MAM01597	CoA	R_MAR06777	exchange	MAM03922	suberyl-CoA
MAM01597	CoA	R_MAR06779	exchange	MAM03362	3(S)-phytanoyl-CoA
MAM01597	CoA	R_MAR06784	exchange	MAM00982	4-coumaroyl-CoA
MAM01597	CoA	R_MAR06785	exchange	MAM00996	4-hydroxybenzoyl-CoA
MAM01597	CoA	R_MAR06786	exchange	MAM00996	4-hydroxybenzoyl-CoA
MAM01597	CoA	R_MAR06804	exchange	MAM03924	sebacoyl-CoA
MAM01597	CoA	R_MAR06809	exchange	MAM03924	sebacoyl-CoA
MAM01597	CoA	R_MAR06810	exchange	MAM03924	sebacoyl-CoA
MAM01597	CoA	R_MAR06832	exchange	MAM03922	suberyl-CoA
MAM01597	CoA	R_MAR06833	exchange	MAM03922	suberyl-CoA
MAM01597	CoA	R_MAR06846	exchange	MAM02944	succinyl-CoA
MAM01597	CoA	R_MAR06847	exchange	MAM02944	succinyl-CoA
MAM01597	CoA	R_MAR06852	exchange	MAM02944	succinyl-CoA
MAM01597	CoA	R_MAR06927	exchange	MAM00667	2-methylglutaconyl-CoA
MAM01597	CoA	R_MAR06929	exchange	MAM01261	acetyl-CoA
MAM01597	CoA	R_MAR06930	exchange	MAM01261	acetyl-CoA
MAM01597	CoA	R_MAR06938	exchange	MAM01261	acetyl-CoA
MAM01597	CoA	R_MAR06939	exchange	MAM01261	acetyl-CoA
MAM01597	CoA	R_MAR06940	exchange	MAM01261	acetyl-CoA
MAM01597	CoA	R_MAR06956	exchange	MAM01261	acetyl-CoA
MAM01597	CoA	R_MAR06957	exchange	MAM01261	acetyl-CoA
MAM01597	CoA	R_MAR06960	exchange	MAM01261	acetyl-CoA
MAM01597	CoA	R_MAR06968	exchange	MAM01261	acetyl-CoA
MAM01597	CoA	R_MAR07152	exchange	MAM02391	linoleoyl-CoA
MAM01597	CoA	R_MAR07156	exchange	MAM02647	oleoyl-CoA
MAM01597	CoA	R_MAR07157	exchange	MAM02678	palmitoyl-CoA
MAM01597	CoA	R_MAR07187	exchange	MAM02678	palmitoyl-CoA
MAM01597	CoA	R_MAR07228	exchange	MAM01261	acetyl-CoA
MAM01597	CoA	R_MAR07233	exchange	MAM01261	acetyl-CoA
MAM01597	CoA	R_MAR07239	exchange	MAM01261	acetyl-CoA
MAM01597	CoA	R_MAR07245	exchange	MAM01261	acetyl-CoA
MAM01597	CoA	R_MAR07588	exchange	MAM10007	acyl-CoA pool
MAM01597	CoA	R_MAR07602	exchange	MAM10007	acyl-CoA pool
MAM01597	CoA	R_MAR07613	exchange	MAM01261	acetyl-CoA
MAM01597	CoA	R_MAR07614	exchange	MAM10007	acyl-CoA pool
MAM01597	CoA	R_MAR07807	exchange	MAM01773	eicosanoyl-CoA
MAM01597	CoA	R_MAR08078	exchange	MAM02774	propanoyl-CoA
MAM01597	CoA	R_MAR08224	exchange	MAM01261	acetyl-CoA
MAM01597	CoA	R_MAR08226	exchange	MAM01261	acetyl-CoA
MAM01597	CoA	R_MAR08227	exchange	MAM01261	acetyl-CoA
MAM01597	CoA	R_MAR08228	exchange	MAM01261	acetyl-CoA
MAM01597	CoA	R_MAR08362	exchange	MAM01261	acetyl-CoA
MAM01597	CoA	R_MAR08381	exchange	MAM02678	palmitoyl-CoA
MAM01597	CoA	R_MAR08416	exchange	MAM01261	acetyl-CoA
MAM01597	CoA	R_MAR08417	exchange	MAM00563	2(S),6-dimethyl-heptanoyl-CoA
MAM01597	CoA	R_MAR08419	exchange	MAM00563	2(S),6-dimethyl-heptanoyl-CoA
MAM01597	CoA	R_MAR08442	exchange	MAM02774	propanoyl-CoA
MAM01597	CoA	R_MAR08521	exchange	MAM01261	acetyl-CoA
MAM01597	CoA	R_MAR08603	exchange	MAM01261	acetyl-CoA
MAM01597	CoA	R_MAR08626	exchange	MAM01261	acetyl-CoA
MAM01597	CoA	R_MAR08662	exchange	MAM02192	itaconyl-CoA
MAM01597	CoA	R_MAR08663	exchange	MAM02192	itaconyl-CoA
MAM01597	CoA	R_MAR08667	exchange	MAM02466	mesaconyl-CoA
MAM01597	CoA	R_MAR08668	exchange	MAM02466	mesaconyl-CoA
MAM01597	CoA	R_MAR08712	exchange	MAM02835	retinoyl-CoA
MAM01597	CoA	R_MAR08794	exchange	MAM02721	phenylacetyl-CoA
MAM01597	CoA	R_MAR08795	exchange	MAM02721	phenylacetyl-CoA
MAM01597	CoA	R_MAR08796	exchange	MAM02721	phenylacetyl-CoA
MAM01597	CoA	R_MAR08983	exchange	MAM02941	stearoyl-CoA
MAM01597	CoA	R_MAR08996	exchange	MAM02495	myristoyl-CoA
MAM01597	CoA	R_MAR09495	exchange	MAM01261	acetyl-CoA
MAM01597	CoA	R_MAR09512	exchange	MAM02495	myristoyl-CoA
MAM01597	CoA	R_MAR09527	exchange	MAM01261	acetyl-CoA
MAM01597	CoA	R_MAR09719	exchange	MAM01261	acetyl-CoA
MAM01597	CoA	R_MAR09870	exchange	MAM01364	arachidonyl-CoA
MAM01597	CoA	R_MAR09894	exchange	MAM02971	tetracosanoyl-CoA
MAM01597	CoA	R_MAR09941	exchange	MAM02721	phenylacetyl-CoA
MAM01597	CoA	R_MAR09948	exchange	MAM00009	(11Z,14Z)-eicosadienoyl-CoA
MAM01597	CoA	R_MAR09950	exchange	MAM03974	tetradecadienoyl-CoA
MAM01597	CoA	R_MAR10061	exchange	MAM10007	acyl-CoA pool
MAM01597	CoA	R_MAR10069	exchange	MAM01667	deoxycholoyl-CoA
MAM01597	CoA	R_MAR10080	exchange	MAM10035	alpha-muricholoyl-CoA
MAM01597	CoA	R_MAR10092	exchange	MAM10035	alpha-muricholoyl-CoA
MAM01597	CoA	R_MAR10093	exchange	MAM10035	alpha-muricholoyl-CoA
MAM01597	CoA	R_MAR10094	exchange	MAM10036	beta-muricholoyl-CoA
MAM01597	CoA	R_MAR10095	exchange	MAM10036	beta-muricholoyl-CoA
MAM01597	CoA	R_MAR10096	exchange	MAM10036	beta-muricholoyl-CoA
MAM01597	CoA	R_MAR10097	exchange	MAM10037	omega-muricholoyl-CoA
MAM01597	CoA	R_MAR10098	exchange	MAM10037	omega-muricholoyl-CoA
MAM01597	CoA	R_MAR10099	exchange	MAM10037	omega-muricholoyl-CoA
MAM01597	CoA	R_MAR10105	exchange	MAM10038	hyocholoyl-CoA
MAM01597	CoA	R_MAR10106	exchange	MAM10038	hyocholoyl-CoA
MAM01597	CoA	R_MAR10107	exchange	MAM10038	hyocholoyl-CoA
MAM01597	CoA	R_MAR10108	exchange	MAM10038	hyocholoyl-CoA
MAM01597	CoA	R_MAR10111	exchange	MAM10039	dehydrocholoyl-CoA
MAM01597	CoA	R_MAR10112	exchange	MAM10039	dehydrocholoyl-CoA
MAM01597	CoA	R_MAR10113	exchange	MAM10039	dehydrocholoyl-CoA
MAM01597	CoA	R_MAR10114	exchange	MAM10039	dehydrocholoyl-CoA
MAM01597	CoA	R_MAR10121	exchange	MAM10040	hyodeoxycholoyl-CoA
MAM01597	CoA	R_MAR10122	exchange	MAM10040	hyodeoxycholoyl-CoA
MAM01597	CoA	R_MAR10123	exchange	MAM10040	hyodeoxycholoyl-CoA
MAM01597	CoA	R_MAR10124	exchange	MAM10040	hyodeoxycholoyl-CoA
MAM01597	CoA	R_MAR10128	exchange	MAM10042	ursodeoxycholoyl-CoA
MAM01597	CoA	R_MAR10129	exchange	MAM10042	ursodeoxycholoyl-CoA
MAM01597	CoA	R_MAR10130	exchange	MAM10042	ursodeoxycholoyl-CoA
MAM01597	CoA	R_MAR10131	exchange	MAM10042	ursodeoxycholoyl-CoA
MAM01597	CoA	R_MAR10357	exchange	MAM01261	acetyl-CoA
MAM01597	CoA	R_MAR10358	exchange	MAM01261	acetyl-CoA
MAM01597	CoA	R_MAR10374	exchange	MAM02122	hexanoyl-CoA
MAM01597	CoA	R_MAR10377	exchange	MAM02122	hexanoyl-CoA
MAM01597	CoA	R_MAR10403	exchange	MAM01261	acetyl-CoA
MAM01597	CoA	R_MAR10412	exchange	MAM01261	acetyl-CoA
MAM01597	CoA	R_MAR10416	exchange	MAM01261	acetyl-CoA
MAM01597	CoA	R_MAR10444	exchange	MAM01261	acetyl-CoA
MAM01597	CoA	R_MAR10445	exchange	MAM04061	ursodeoxycholyl-CoA
MAM01597	CoA	R_MAR10446	exchange	MAM04061	ursodeoxycholyl-CoA
MAM01597	CoA	R_MAR10450	exchange	MAM04061	ursodeoxycholyl-CoA
MAM01597	CoA	R_MAR10457	exchange	MAM03485	benzoyl-CoA
MAM01597	CoA	R_MAR10458	exchange	MAM03485	benzoyl-CoA
MAM01597	CoA	R_MAR10459	exchange	MAM02721	phenylacetyl-CoA
MAM01597	CoA	R_MAR11294	exchange	MAM04040	tetradecenoyl-CoA (N-C14:1)
MAM01597	CoA	R_MAR11295	exchange	MAM02721	phenylacetyl-CoA
MAM01597	CoA	R_MAR11305	exchange	MAM02444	malonyl-CoA
MAM01597	CoA	R_MAR11394	exchange	MAM02774	propanoyl-CoA
MAM01597	CoA	R_MAR11458	exchange	MAM01261	acetyl-CoA
MAM01597	CoA	R_MAR11470	exchange	MAM01261	acetyl-CoA
MAM01597	CoA	R_MAR11482	exchange	MAM00171	(S)-3-hydroxy-2-methylbutyryl-CoA
MAM01597	CoA	R_MAR11486	exchange	MAM02774	propanoyl-CoA
MAM01597	CoA	R_MAR11487	exchange	MAM03192	2-methyl-3-oxo-valeryl-CoA
MAM01597	CoA	R_MAR11492	exchange	MAM02131	HMG-CoA
MAM01597	CoA	R_MAR11495	exchange	MAM00827	3-methylglutaconyl-CoA
MAM01597	CoA	R_MAR11502	exchange	MAM02774	propanoyl-CoA
MAM01597	CoA	R_MAR11509	exchange	MAM02999	tiglyl-CoA
MAM01597	CoA	R_MAR11515	exchange	MAM03222	3-hydroxy-glutaryl-CoA
MAM01597	CoA	R_MAR11521	exchange	MAM03613	glutaconyl-CoA
MAM01597	CoA	R_MAR11525	exchange	MAM03242	3-hydroxyisovaleryl-CoA
MAM01597	CoA	R_MAR11530	exchange	MAM03213	3-hydroxy-adipoyl-CoA
MAM01597	CoA	R_MAR11535	exchange	MAM03259	3-hydroxy-sebacoyl-CoA
MAM01597	CoA	R_MAR11540	exchange	MAM03261	3-hydoxy-suberyl-CoA
MAM01597	CoA	R_MAR11544	exchange	MAM02122	hexanoyl-CoA
MAM01597	CoA	R_MAR11552	exchange	MAM03576	ethylmalonyl-CoA
MAM01597	CoA	R_MAR11555	exchange	MAM02122	hexanoyl-CoA
MAM01597	CoA	R_MAR11559	exchange	MAM03766	methyl-succinyl-CoA
MAM01597	CoA	R_MAR11562	exchange	MAM03922	suberyl-CoA
MAM01597	CoA	R_MAR11736	exchange	MAM03982	trans7,10-hexadecadienoyl-CoA
MAM01597	CoA	R_MAR11740	exchange	MAM03658	7,10,13-hexadecatrienoyl-CoA
MAM01597	CoA	R_MAR11745	exchange	MAM03683	trans-delta-2-heptadecanoyl-CoA
MAM01597	CoA	R_MAR11749	exchange	MAM03007	trans,cis,cis-2,11,14-eicosatrienoyl-CoA
MAM01597	CoA	R_MAR11752	exchange	MAM03284	5,8,11,14,17-eicosapentenoyl-CoA
MAM01597	CoA	R_MAR12371	exchange	MAM01261	acetyl-CoA
MAM01597	CoA	R_MAR12372	exchange	MAM01261	acetyl-CoA
MAM01597	CoA	R_MAR12559	exchange	MAM01261	acetyl-CoA
MAM01597	CoA	R_MAR12562	exchange	MAM01261	acetyl-CoA
MAM01597	CoA	R_MAR12737	exchange	MAM03688	ibuprofen-CoA-R form
MAM01597	CoA	R_MAR12744	exchange	MAM03689	ibuprofen-CoA-S form
MAM01597	CoA	R_MAR12745	exchange	MAM03689	ibuprofen-CoA-S form
MAM01597	CoA	R_MAR12808	exchange	MAM01261	acetyl-CoA
MAM01597	CoA	R_MAR12809	exchange	MAM03893	des-isoproylpropionic-acid-fluvastatin-CoA
MAM01597	CoA	R_MAR12991	exchange	MAM03236	3'-S-hydroxy-pravastatin-CoA
MAM01597	CoA	R_MAR12992	exchange	MAM03238	3'-S-hydroxy-pravastatin-tetranor-CoA
MAM01597	CoA	R_MAR12994	exchange	MAM03580	fluvastatin-CoA form
MAM01597	CoA	R_MAR20111	exchange	MAM01261	acetyl-CoA
MAM01597	CoA	R_MAR20169	exchange	MAM01412	butyryl-CoA
MAM01597	CoA	R_MAR20170	exchange	MAM02644	octanoyl-CoA
MAM01597	CoA	R_MAR20171	exchange	MAM01650	decanoyl-CoA
MAM01597	CoA	R_MAR20172	exchange	MAM03116	undecanoyl-CoA
MAM01597	CoA	R_MAR20178	exchange	MAM02774	propanoyl-CoA
MAM01597	CoA	R_MAR03871	kept		
MAM01597	CoA	R_MAR04058	kept		
MAM01597	CoA	R_MAR04500	kept		
MAM01597	CoA	R_MAR07731	kept		
MAM01597	CoA	R_MAR08978	kept		
MAM01802	FAD	R_MAR00222	exchange	MAM01803	FADH2
MAM01802	FAD	R_MAR00442	exchange	MAM01803	FADH2
MAM01802	FAD	R_MAR00449	exchange	MAM01803	FADH2
MAM01802	FAD	R_MAR00718	exchange	MAM01803	FADH2
MAM01802	FAD	R_MAR00752	exchange	MAM01803	FADH2
MAM01802	FAD	R_MAR00755	exchange	MAM01803	FADH2
MAM01802	FAD	R_MAR00756	exchange	MAM01803	FADH2
MAM01802	FAD	R_MAR00757	exchange	MAM01803	FADH2
MAM01802	FAD	R_MAR00759	exchange	MAM01803	FADH2
MAM01802	FAD	R_MAR00764	exchange	MAM01803	FADH2
MAM01802	FAD	R_MAR00772	exchange	MAM01803	FADH2
MAM01802	FAD	R_MAR00774	exchange	MAM01803	FADH2
MAM01802	FAD	R_MAR00777	exchange	MAM01803	FADH2
MAM01802	FAD	R_MAR00780	exchange	MAM01803	FADH2
MAM01802	FAD	R_MAR00784	exchange	MAM01803	FADH2
MAM01802	FAD	R_MAR00785	exchange	MAM01803	FADH2
MAM01802	FAD	R_MAR00788	exchange	MAM01803	FADH2
MAM01802	FAD	R_MAR00800	exchange	MAM01803	FADH2
MAM01802	FAD	R_MAR00818	exchange	MAM01803	FADH2
MAM01802	FAD	R_MAR00833	exchange	MAM01803	FADH2
MAM01802	FAD	R_MAR00869	exchange	MAM01803	FADH2
MAM01802	FAD	R_MAR00872	exchange	MAM01803	FADH2
MAM01802	FAD	R_MAR00874	exchange	MAM01803	FADH2
MAM01802	FAD	R_MAR00916	exchange	MAM01803	FADH2
MAM01802	FAD	R_MAR00922	exchange	MAM01803	FADH2
MAM01802	FAD	R_MAR00930	exchange	MAM01803	FADH2
MAM01802	FAD	R_MAR00943	exchange	MAM01803	FADH2
MAM01802	FAD	R_MAR00944	exchange	MAM01803	FADH2
MAM01802	FAD	R_MAR00947	exchange	MAM01803	FADH2
MAM01802	FAD	R_MAR00948	exchange	MAM01803	FADH2
MAM01802	FAD	R_MAR00951	exchange	MAM01803	FADH2
MAM01802	FAD	R_MAR00952	exchange	MAM01803	FADH2
MAM01802	FAD	R_MAR00955	exchange	MAM01803	FADH2
MAM01802	FAD	R_MAR00956	exchange	MAM01803	FADH2
MAM01802	FAD	R_MAR00968	exchange	MAM01803	FADH2
MAM01802	FAD	R_MAR00974	exchange	MAM01803	FADH2
MAM01802	FAD	R_MAR00975	exchange	MAM01803	FADH2
MAM01802	FAD	R_MAR00977	exchange	MAM01803	FADH2
MAM01802	FAD	R_MAR00978	exchange	MAM01803	FADH2
MAM01802	FAD	R_MAR00982	exchange	MAM01803	FADH2
MAM01802	FAD	R_MAR01001	exchange	MAM01803	FADH2
MAM01802	FAD	R_MAR01005	exchange	MAM01803	FADH2
MAM01802	FAD	R_MAR01018	exchange	MAM01803	FADH2
MAM01802	FAD	R_MAR01162	exchange	MAM01803	FADH2
MAM01802	FAD	R_MAR01169	exchange	MAM01803	FADH2
MAM01802	FAD	R_MAR01205	exchange	MAM01803	FADH2
MAM01802	FAD	R_MAR01247	exchange	MAM01803	FADH2
MAM01802	FAD	R_MAR01254	exchange	MAM01803	FADH2
MAM01802	FAD	R_MAR01271	exchange	MAM01803	FADH2
MAM01802	FAD	R_MAR01291	exchange	MAM01803	FADH2
MAM01802	FAD	R_MAR01296	exchange	MAM01803	FADH2
MAM01802	FAD	R_MAR01303	exchange	MAM01803	FADH2
MAM01802	FAD	R_MAR01600	exchange	MAM01803	FADH2
MAM01802	FAD	R_MAR01638	exchange	MAM01803	FADH2
MAM01802	FAD	R_MAR01704	exchange	MAM01803	FADH2
MAM01802	FAD	R_MAR02408	exchange	MAM01803	FADH2
MAM01802	FAD	R_MAR02510	exchange	MAM01803	FADH2
MAM01802	FAD	R_MAR02804	exchange	MAM01803	FADH2
MAM01802	FAD	R_MAR02808	exchange	MAM01803	FADH2
MAM01802	FAD	R_MAR02810	exchange	MAM01803	FADH2
MAM01802	FAD	R_MAR02818	exchange	MAM01803	FADH2
MAM01802	FAD	R_MAR03053	exchange	MAM01803	FADH2
MAM01802	FAD	R_MAR03054	exchange	MAM01803	FADH2
MAM01802	FAD	R_MAR03055	exchange	MAM01803	FADH2
MAM01802	FAD	R_MAR03056	exchange	MAM01803	FADH2
MAM01802	FAD	R_MAR03057	exchange	MAM01803	FADH2
MAM01802	FAD	R_MAR03062	exchange	MAM01803	FADH2
MAM01802	FAD	R_MAR03066	exchange	MAM01803	FADH2
MAM01802	FAD	R_MAR03070	exchange	MAM01803	FADH2
MAM01802	FAD	R_MAR03074	exchange	MAM01803	FADH2
MAM01802	FAD	R_MAR03078	exchange	MAM01803	FADH2
MAM01802	FAD	R_MAR03082	exchange	MAM01803	FADH2
MAM01802	FAD	R_MAR03086	exchange	MAM01803	FADH2
MAM01802	FAD	R_MAR03090	exchange	MAM01803	FADH2
MAM01802	FAD	R_MAR03094	exchange	MAM01803	FADH2
MAM01802	FAD	R_MAR03098	exchange	MAM01803	FADH2
MAM01802	FAD	R_MAR03107	exchange	MAM01803	FADH2
MAM01802	FAD	R_MAR03111	exchange	MAM01803	FADH2
MAM01802	FAD	R_MAR03115	exchange	MAM01803	FADH2
MAM01802	FAD	R_MAR03121	exchange	MAM01803	FADH2
MAM01802	FAD	R_MAR03128	exchange	MAM01803	FADH2
MAM01802	FAD	R_MAR03135	exchange	MAM01803	FADH2
MAM01802	FAD	R_MAR03142	exchange	MAM01803	FADH2
MAM01802	FAD	R_MAR03149	exchange	MAM01803	FADH2
MAM01802	FAD	R_MAR03156	exchange	MAM01803	FADH2
MAM01802	FAD	R_MAR03163	exchange	MAM01803	FADH2
MAM01802	FAD	R_MAR03170	exchange	MAM01803	FADH2
MAM01802	FAD	R_MAR03174	exchange	MAM01803	FADH2
MAM01802	FAD	R_MAR03178	exchange	MAM01803	FADH2
MAM01802	FAD	R_MAR03182	exchange	MAM01803	FADH2
MAM01802	FAD	R_MAR03186	exchange	MAM01803	FADH2
MAM01802	FAD	R_MAR03190	exchange	MAM01803	FADH2
MAM01802	FAD	R_MAR03194	exchange	MAM01803	FADH2
MAM01802	FAD	R_MAR03198	exchange	MAM01803	FADH2
MAM01802	FAD	R_MAR03202	exchange	MAM01803	FADH2
MAM01802	FAD	R_MAR03212	exchange	MAM01803	FADH2
MAM01802	FAD	R_MAR03218	exchange	MAM01803	FADH2
MAM01802	FAD	R_MAR03222	exchange	MAM01803	FADH2
MAM01802	FAD	R_MAR03226	exchange	MAM01803	FADH2
MAM01802	FAD	R_MAR03230	exchange	MAM01803	FADH2
MAM01802	FAD	R_MAR03234	exchange	MAM01803	FADH2
MAM01802	FAD	R_MAR03240	exchange	MAM01803	FADH2
MAM01802	FAD	R_MAR03244	exchange	MAM01803	FADH2
MAM01802	FAD	R_MAR03250	exchange	MAM01803	FADH2
MAM01802	FAD	R_MAR03258	exchange	MAM01803	FADH2
MAM01802	FAD	R_MAR03275	exchange	MAM01803	FADH2
MAM01802	FAD	R_MAR03276	exchange	MAM01803	FADH2
MAM01802	FAD	R_MAR03280	exchange	MAM01803	FADH2
MAM01802	FAD	R_MAR03284	exchange	MAM01803	FADH2
MAM01802	FAD	R_MAR03289	exchange	MAM01803	FADH2
MAM01802	FAD	R_MAR03291	exchange	MAM01803	FADH2
MAM01802	FAD	R_MAR03294	exchange	MAM01803	FADH2
MAM01802	FAD	R_MAR03295	exchange	MAM01803	FADH2
MAM01802	FAD	R_MAR03326	exchange	MAM01803	FADH2
MAM01802	FAD	R_MAR03330	exchange	MAM01803	FADH2
MAM01802	FAD	R_MAR03334	exchange	MAM01803	FADH2
MAM01802	FAD	R_MAR03338	exchange	MAM01803	FADH2
MAM01802	FAD	R_MAR03342	exchange	MAM01803	FADH2
MAM01802	FAD	R_MAR03346	exchange	MAM01803	FADH2
MAM01802	FAD	R_MAR03350	exchange	MAM01803	FADH2
MAM01802	FAD	R_MAR03356	exchange	MAM01803	FADH2
MAM01802	FAD	R_MAR03360	exchange	MAM01803	FADH2
MAM01802	FAD	R_MAR03396	exchange	MAM01803	FADH2
MAM01802	FAD	R_MAR03397	exchange	MAM01803	FADH2
MAM01802	FAD	R_MAR03398	exchange	MAM01803	FADH2
MAM01802	FAD	R_MAR03406	exchange	MAM01803	FADH2
MAM01802	FAD	R_MAR03407	exchange	MAM01803	FADH2
MAM01802	FAD	R_MAR03408	exchange	MAM01803	FADH2
MAM01802	FAD	R_MAR03409	exchange	MAM01803	FADH2
MAM01802	FAD	R_MAR03411	exchange	MAM01803	FADH2
MAM01802	FAD	R_MAR03413	exchange	MAM01803	FADH2
MAM01802	FAD	R_MAR03414	exchange	MAM01803	FADH2
MAM01802	FAD	R_MAR03416	exchange	MAM01803	FADH2
MAM01802	FAD	R_MAR03421	exchange	MAM01803	FADH2
MAM01802	FAD	R_MAR03423	exchange	MAM01803	FADH2
MAM01802	FAD	R_MAR03424	exchange	MAM01803	FADH2
MAM01802	FAD	R_MAR03425	exchange	MAM01803	FADH2
MAM01802	FAD	R_MAR03427	exchange	MAM01803	FADH2
MAM01802	FAD	R_MAR03428	exchange	MAM01803	FADH2
MAM01802	FAD	R_MAR03429	exchange	MAM01803	FADH2
MAM01802	FAD	R_MAR03430	exchange	MAM01803	FADH2
MAM01802	FAD	R_MAR03431	exchange	MAM01803	FADH2
MAM01802	FAD	R_MAR03432	exchange	MAM01803	FADH2
MAM01802	FAD	R_MAR03433	exchange	MAM01803	FADH2
MAM01802	FAD	R_MAR03444	exchange	MAM01803	FADH2
MAM01802	FAD	R_MAR03448	exchange	MAM01803	FADH2
MAM01802	FAD	R_MAR03452	exchange	MAM01803	FADH2
MAM01802	FAD	R_MAR03459	exchange	MAM01803	FADH2
MAM01802	FAD	R_MAR03466	exchange	MAM01803	FADH2
MAM01802	FAD	R_MAR03470	exchange	MAM01803	FADH2
MAM01802	FAD	R_MAR03498	exchange	MAM01803	FADH2
MAM01802	FAD	R_MAR03506	exchange	MAM01803	FADH2
MAM01802	FAD	R_MAR03512	exchange	MAM01803	FADH2
MAM01802	FAD	R_MAR03522	exchange	MAM01803	FADH2
MAM01802	FAD	R_MAR03527	exchange	MAM01803	FADH2
MAM01802	FAD	R_MAR03531	exchange	MAM01803	FADH2
MAM01802	FAD	R_MAR03752	exchange	MAM01803	FADH2
MAM01802	FAD	R_MAR03770	exchange	MAM01803	FADH2
MAM01802	FAD	R_MAR03784	exchange	MAM01803	FADH2
MAM01802	FAD	R_MAR03788	exchange	MAM01803	FADH2
MAM01802	FAD	R_MAR03849	exchange	MAM01803	FADH2
MAM01802	FAD	R_MAR04001	exchange	MAM01803	FADH2
MAM01802	FAD	R_MAR04243	exchange	MAM01803	FADH2
MAM01802	FAD	R_MAR04650	exchange	MAM01803	FADH2
MAM01802	FAD	R_MAR04763	exchange	MAM01803	FADH2
MAM01802	FAD	R_MAR04789	exchange	MAM01803	FADH2
MAM01802	FAD	R_MAR04978	exchange	MAM01803	FADH2
MAM01802	FAD	R_MAR04981	exchange	MAM01803	FADH2
MAM01802	FAD	R_MAR05025	exchange	MAM01803	FADH2
MAM01802	FAD	R_MAR05026	exchange	MAM01803	FADH2
MAM01802	FAD	R_MAR05028	exchange	MAM01803	FADH2
MAM01802	FAD	R_MAR05030	exchange	MAM01803	FADH2
MAM01802	FAD	R_MAR05044	exchange	MAM01803	FADH2
MAM01802	FAD	R_MAR05095	exchange	MAM01803	FADH2
MAM01802	FAD	R_MAR05097	exchange	MAM01803	FADH2
MAM01802	FAD	R_MAR05098	exchange	MAM01803	FADH2
MAM01802	FAD	R_MAR05100	exchange	MAM01803	FADH2
MAM01802	FAD	R_MAR05108	exchange	MAM01803	FADH2
MAM01802	FAD	R_MAR05110	exchange	MAM01803	FADH2
MAM01802	FAD	R_MAR05111	exchange	MAM01803	FADH2
MAM01802	FAD	R_MAR05119	exchange	MAM01803	FADH2
MAM01802	FAD	R_MAR05120	exchange	MAM01803	FADH2
MAM01802	FAD	R_MAR05175	exchange	MAM01803	FADH2
MAM01802	FAD	R_MAR05176	exchange	MAM01803	FADH2
MAM01802	FAD	R_MAR05177	exchange	MAM01803	FADH2
MAM01802	FAD	R_MAR05178	exchange	MAM01803	FADH2
MAM01802	FAD	R_MAR05179	exchange	MAM01803	FADH2
MAM01802	FAD	R_MAR05180	exchange	MAM01803	FADH2
MAM01802	FAD	R_MAR05181	exchange	MAM01803	FADH2
MAM01802	FAD	R_MAR05182	exchange	MAM01803	FADH2
MAM01802	FAD	R_MAR05184	exchange	MAM01803	FADH2
MAM01802	FAD	R_MAR05185	exchange	MAM01803	FADH2
MAM01802	FAD	R_MAR05188	exchange	MAM01803	FADH2
MAM01802	FAD	R_MAR05189	exchange	MAM01803	FADH2
MAM01802	FAD	R_MAR05190	exchange	MAM01803	FADH2
MAM01802	FAD	R_MAR05192	exchange	MAM01803	FADH2
MAM01802	FAD	R_MAR05194	exchange	MAM01803	FADH2
MAM01802	FAD	R_MAR05196	exchange	MAM01803	FADH2
MAM01802	FAD	R_MAR05298	exchange	MAM01803	FADH2
MAM01802	FAD	R_MAR05300	exchange	MAM01803	FADH2
MAM01802	FAD	R_MAR05325	exchange	MAM01803	FADH2
MAM01802	FAD	R_MAR05327	exchange	MAM01803	FADH2
MAM01802	FAD	R_MAR05329	exchange	MAM01803	FADH2
MAM01802	FAD	R_MAR05331	exchange	MAM01803	FADH2
MAM01802	FAD	R_MAR05343	exchange	MAM01803	FADH2
MAM01802	FAD	R_MAR05345	exchange	MAM01803	FADH2
MAM01802	FAD	R_MAR05350	exchange	MAM01803	FADH2
MAM01802	FAD	R_MAR05355	exchange	MAM01803	FADH2
MAM01802	FAD	R_MAR05357	exchange	MAM01803	FADH2
MAM01802	FAD	R_MAR05359	exchange	MAM01803	FADH2
MAM01802	FAD	R_MAR05365	exchange	MAM01803	FADH2
MAM01802	FAD	R_MAR05366	exchange	MAM01803	FADH2
MAM01802	FAD	R_MAR05371	exchange	MAM01803	FADH2
MAM01802	FAD	R_MAR05372	exchange	MAM01803	FADH2
MAM01802	FAD	R_MAR05373	exchange	MAM01803	FADH2
MAM01802	FAD	R_MAR05374	exchange	MAM01803	FADH2
MAM01802	FAD	R_MAR05376	exchange	MAM01803	FADH2
MAM01802	FAD	R_MAR05377	exchange	MAM01803	FADH2
MAM01802	FAD	R_MAR05380	exchange	MAM01803	FADH2
MAM01802	FAD	R_MAR05382	exchange	MAM01803	FADH2
MAM01802	FAD	R_MAR05408	exchange	MAM01803	FADH2
MAM01802	FAD	R_MAR05421	exchange	MAM01803	FADH2
MAM01802	FAD	R_MAR05428	exchange	MAM01803	FADH2
MAM01802	FAD	R_MAR05431	exchange	MAM01803	FADH2
MAM01802	FAD	R_MAR05988	exchange	MAM01803	FADH2
MAM01802	FAD	R_MAR06284	exchange	MAM01803	FADH2
MAM01802	FAD	R_MAR06285	exchange	MAM01803	FADH2
MAM01802	FAD	R_MAR06319	exchange	MAM01803	FADH2
MAM01802	FAD	R_MAR06320	exchange	MAM01803	FADH2
MAM01802	FAD	R_MAR06322	exchange	MAM01803	FADH2
MAM01802	FAD	R_MAR06344	exchange	MAM01803	FADH2
MAM01802	FAD	R_MAR06345	exchange	MAM01803	FADH2
MAM01802	FAD	R_MAR06346	exchange	MAM01803	FADH2
MAM01802	FAD	R_MAR06347	exchange	MAM01803	FADH2
MAM01802	FAD	R_MAR06378	exchange	MAM01803	FADH2
MAM01802	FAD	R_MAR06437	exchange	MAM01803	FADH2
MAM01802	FAD	R_MAR06449	exchange	MAM01803	FADH2
MAM01802	FAD	R_MAR06452	exchange	MAM01803	FADH2
MAM01802	FAD	R_MAR06692	exchange	MAM01803	FADH2
MAM01802	FAD	R_MAR06933	exchange	MAM01803	FADH2
MAM01802	FAD	R_MAR06936	exchange	MAM01803	FADH2
MAM01802	FAD	R_MAR06943	exchange	MAM01803	FADH2
MAM01802	FAD	R_MAR06946	exchange	MAM01803	FADH2
MAM01802	FAD	R_MAR06949	exchange	MAM01803	FADH2
MAM01802	FAD	R_MAR06952	exchange	MAM01803	FADH2
MAM01802	FAD	R_MAR06959	exchange	MAM01803	FADH2
MAM01802	FAD	R_MAR06962	exchange	MAM01803	FADH2
MAM01802	FAD	R_MAR06964	exchange	MAM01803	FADH2
MAM01802	FAD	R_MAR07641	exchange	MAM01803	FADH2
MAM01802	FAD	R_MAR07647	exchange	MAM01803	FADH2
MAM01802	FAD	R_MAR07704	exchange	MAM01803	FADH2
MAM01802	FAD	R_MAR07706	exchange	MAM01803	FADH2
MAM01802	FAD	R_MAR08017	exchange	MAM01803	FADH2
MAM01802	FAD	R_MAR08021	exchange	MAM01803	FADH2
MAM01802	FAD	R_MAR08220	exchange	MAM01803	FADH2
MAM01802	FAD	R_MAR08432	exchange	MAM01803	FADH2
MAM01802	FAD	R_MAR08439	exchange	MAM01803	FADH2
MAM01802	FAD	R_MAR08441	exchange	MAM01803	FADH2
MAM01802	FAD	R_MAR08610	exchange	MAM01803	FADH2
MAM01802	FAD	R_MAR08611	exchange	MAM01803	FADH2
MAM01802	FAD	R_MAR08689	exchange	MAM01803	FADH2
MAM01802	FAD	R_MAR08690	exchange	MAM01803	FADH2
MAM01802	FAD	R_MAR08755	exchange	MAM01803	FADH2
MAM01802	FAD	R_MAR09719	exchange	MAM01803	FADH2
MAM01802	FAD	R_MAR11513	exchange	MAM01803	FADH2
MAM01802	FAD	R_MAR11520	exchange	MAM01803	FADH2
MAM01802	FAD	R_MAR11529	exchange	MAM01803	FADH2
MAM01802	FAD	R_MAR11534	exchange	MAM01803	FADH2
MAM01802	FAD	R_MAR11539	exchange	MAM01803	FADH2
MAM01802	FAD	R_MAR11744	exchange	MAM01803	FADH2
MAM01802	FAD	R_MAR12371	exchange	MAM01803	FADH2
MAM01802	FAD	R_MAR12808	exchange	MAM01803	FADH2
MAM01802	FAD	R_MAR20186	exchange	MAM01803	FADH2
MAM01802	FAD	R_MAR06508	kept		
MAM01802	FAD	R_MAR06509	kept		
MAM01802	FAD	R_MAR08968	kept		
MAM01802	FAD	R_MAR20117	kept		
MAM01803	FADH2	R_MAR00222	exchange	MAM01802	FAD
MAM01803	FADH2	R_MAR00442	exchange	MAM01802	FAD
MAM01803	FADH2	R_MAR00449	exchange	MAM01802	FAD
MAM01803	FADH2	R_MAR00718	exchange	MAM01802	FAD
MAM01803	FADH2	R_MAR00752	exchange	MAM01802	FAD
MAM01803	FADH2	R_MAR00755	exchange	MAM01802	FAD
MAM01803	FADH2	R_MAR00756	exchange	MAM01802	FAD
MAM01803	FADH2	R_MAR00757	exchange	MAM01802	FAD
MAM01803	FADH2	R_MAR00759	exchange	MAM01802	FAD
MAM01803	FADH2	R_MAR00764	exchange	MAM01802	FAD
MAM01803	FADH2	R_MAR00772	exchange	MAM01802	FAD
MAM01803	FADH2	R_MAR00774	exchange	MAM01802	FAD
MAM01803	FADH2	R_MAR00777	exchange	MAM01802	FAD
MAM01803	FADH2	R_MAR00780	exchange	MAM01802	FAD
MAM01803	FADH2	R_MAR00784	exchange	MAM01802	FAD
MAM01803	FADH2	R_MAR00785	exchange	MAM01802	FAD
MAM01803	FADH2	R_MAR00788	exchange	MAM01802	FAD
MAM01803	FADH2	R_MAR00800	exchange	MAM01802	FAD
MAM01803	FADH2	R_MAR00818	exchange	MAM01802	FAD
MAM01803	FADH2	R_MAR00833	exchange	MAM01802	FAD
MAM01803	FADH2	R_MAR00869	exchange	MAM01802	FAD
MAM01803	FADH2	R_MAR00872	exchange	MAM01802	FAD
MAM01803	FADH2	R_MAR00874	exchange	MAM01802	FAD
MAM01803	FADH2	R_MAR00916	exchange	MAM01802	FAD
MAM01803	FADH2	R_MAR00922	exchange	MAM01802	FAD
MAM01803	FADH2	R_MAR00930	exchange	MAM01802	FAD
MAM01803	FADH2	R_MAR00943	exchange	MAM01802	FAD
MAM01803	FADH2	R_MAR00944	exchange	MAM01802	FAD
MAM01803	FADH2	R_MAR00947	exchange	MAM01802	FAD
MAM01803	FADH2	R_MAR00948	exchange	MAM01802	FAD
MAM01803	FADH2	R_MAR00951	exchange	MAM01802	FAD
MAM01803	FADH2	R_MAR00952	exchange	MAM01802	FAD
MAM01803	FADH2	R_MAR00955	exchange	MAM01802	FAD
MAM01803	FADH2	R_MAR00956	exchange	MAM01802	FAD
MAM01803	FADH2	R_MAR00968	exchange	MAM01802	FAD
MAM01803	FADH2	R_MAR00974	exchange	MAM01802	FAD
MAM01803	FADH2	R_MAR00975	exchange	MAM01802	FAD
MAM01803	FADH2	R_MAR00977	exchange	MAM01802	FAD
MAM01803	FADH2	R_MAR00978	exchange	MAM01802	FAD
MAM01803	FADH2	R_MAR00982	exchange	MAM01802	FAD
MAM01803	FADH2	R_MAR01001	exchange	MAM01802	FAD
MAM01803	FADH2	R_MAR01005	exchange	MAM01802	FAD
MAM01803	FADH2	R_MAR01018	exchange	MAM01802	FAD
MAM01803	FADH2	R_MAR01162	exchange	MAM01802	FAD
MAM01803	FADH2	R_MAR01169	exchange	MAM01802	FAD
MAM01803	FADH2	R_MAR01205	exchange	MAM01802	FAD
MAM01803	FADH2	R_MAR01247	exchange	MAM01802	FAD
MAM01803	FADH2	R_MAR01254	exchange	MAM01802	FAD
MAM01803	FADH2	R_MAR01271	exchange	MAM01802	FAD
MAM01803	FADH2	R_MAR01291	exchange	MAM01802	FAD
MAM01803	FADH2	R_MAR01296	exchange	MAM01802	FAD
MAM01803	FADH2	R_MAR01303	exchange	MAM01802	FAD
MAM01803	FADH2	R_MAR01600	exchange	MAM01802	FAD
MAM01803	FADH2	R_MAR01638	exchange	MAM01802	FAD
MAM01803	FADH2	R_MAR01704	exchange	MAM01802	FAD
MAM01803	FADH2	R_MAR02408	exchange	MAM01802	FAD
MAM01803	FADH2	R_MAR02510	exchange	MAM01802	FAD
MAM01803	FADH2	R_MAR02804	exchange	MAM01802	FAD
MAM01803	FADH2	R_MAR02808	exchange	MAM01802	FAD
MAM01803	FADH2	R_MAR02810	exchange	MAM01802	FAD
MAM01803	FADH2	R_MAR02818	exchange	MAM01802	FAD
MAM01803	FADH2	R_MAR03053	exchange	MAM01802	FAD
MAM01803	FADH2	R_MAR03054	exchange	MAM01802	FAD
MAM01803	FADH2	R_MAR03055	exchange	MAM01802	FAD
MAM01803	FADH2	R_MAR03056	exchange	MAM01802	FAD
MAM01803	FADH2	R_MAR03057	exchange	MAM01802	FAD
MAM01803	FADH2	R_MAR03062	exchange	MAM01802	FAD
MAM01803	FADH2	R_MAR03066	exchange	MAM01802	FAD
MAM01803	FADH2	R_MAR03070	exchange	MAM01802	FAD
MAM01803	FADH2	R_MAR03074	exchange	MAM01802	FAD
MAM01803	FADH2	R_MAR03078	exchange	MAM01802	FAD
MAM01803	FADH2	R_MAR03082	exchange	MAM01802	FAD
MAM01803	FADH2	R_MAR03086	exchange	MAM01802	FAD
MAM01803	FADH2	R_MAR03090	exchange	MAM01802	FAD
MAM01803	FADH2	R_MAR03094	exchange	MAM01802	FAD
MAM01803	FADH2	R_MAR03098	exchange	MAM01802	FAD
MAM01803	FADH2	R_MAR03107	exchange	MAM01802	FAD
MAM01803	FADH2	R_MAR03111	exchange	MAM01802	FAD
MAM01803	FADH2	R_MAR03115	exchange	MAM01802	FAD
MAM01803	FADH2	R_MAR03121	exchange	MAM01802	FAD
MAM01803	FADH2	R_MAR03128	exchange	MAM01802	FAD
MAM01803	FADH2	R_MAR03135	exchange	MAM01802	FAD
MAM01803	FADH2	R_MAR03142	exchange	MAM01802	FAD
MAM01803	FADH2	R_MAR03149	exchange	MAM01802	FAD
MAM01803	FADH2	R_MAR03156	exchange	MAM01802	FAD
MAM01803	FADH2	R_MAR03163	exchange	MAM01802	FAD
MAM01803	FADH2	R_MAR03170	exchange	MAM01802	FAD
MAM01803	FADH2	R_MAR03174	exchange	MAM01802	FAD
MAM01803	FADH2	R_MAR03178	exchange	MAM01802	FAD
MAM01803	FADH2	R_MAR03182	exchange	MAM01802	FAD
MAM01803	FADH2	R_MAR03186	exchange	MAM01802	FAD
MAM01803	FADH2	R_MAR03190	exchange	MAM01802	FAD
MAM01803	FADH2	R_MAR03194	exchange	MAM01802	FAD
MAM01803	FADH2	R_MAR03198	exchange	MAM01802	FAD
MAM01803	FADH2	R_MAR03202	exchange	MAM01802	FAD
MAM01803	FADH2	R_MAR03212	exchange	MAM01802	FAD
MAM01803	FADH2	R_MAR03218	exchange	MAM01802	FAD
MAM01803	FADH2	R_MAR03222	exchange	MAM01802	FAD
MAM01803	FADH2	R_MAR03226	exchange	MAM01802	FAD
MAM01803	FADH2	R_MAR03230	exchange	MAM01802	FAD
MAM01803	FADH2	R_MAR03234	exchange	MAM01802	FAD
MAM01803	FADH2	R_MAR03240	exchange	MAM01802	FAD
MAM01803	FADH2	R_MAR03244	exchange	MAM01802	FAD
MAM01803	FADH2	R_MAR03250	exchange	MAM01802	FAD
MAM01803	FADH2	R_MAR03258	exchange	MAM01802	FAD
MAM01803	FADH2	R_MAR03275	exchange	MAM01802	FAD
MAM01803	FADH2	R_MAR03276	exchange	MAM01802	FAD
MAM01803	FADH2	R_MAR03280	exchange	MAM01802	FAD
MAM01803	FADH2	R_MAR03284	exchange	MAM01802	FAD
MAM01803	FADH2	R_MAR03289	exchange	MAM01802	FAD
MAM01803	FADH2	R_MAR03291	exchange	MAM01802	FAD
MAM01803	FADH2	R_MAR03294	exchange	MAM01802	FAD
MAM01803	FADH2	R_MAR03295	exchange	MAM01802	FAD
MAM01803	FADH2	R_MAR03326	exchange	MAM01802	FAD
MAM01803	FADH2	R_MAR03330	exchange	MAM01802	FAD
MAM01803	FADH2	R_MAR03334	exchange	MAM01802	FAD
MAM01803	FADH2	R_MAR03338	exchange	MAM01802	FAD
MAM01803	FADH2	R_MAR03342	exchange	MAM01802	FAD
MAM01803	FADH2	R_MAR03346	exchange	MAM01802	FAD
MAM01803	FADH2	R_MAR03350	exchange	MAM01802	FAD
MAM01803	FADH2	R_MAR03356	exchange	MAM01802	FAD
MAM01803	FADH2	R_MAR03360	exchange	MAM01802	FAD
MAM01803	FADH2	R_MAR03396	exchange	MAM01802	FAD
MAM01803	FADH2	R_MAR03397	exchange	MAM01802	FAD
MAM01803	FADH2	R_MAR03398	exchange	MAM01802	FAD
MAM01803	FADH2	R_MAR03406	exchange	MAM01802	FAD
MAM01803	FADH2	R_MAR03407	exchange	MAM01802	FAD
MAM01803	FADH2	R_MAR03408	exchange	MAM01802	FAD
MAM01803	FADH2	R_MAR03409	exchange	MAM01802	FAD
MAM01803	FADH2	R_MAR03411	exchange	MAM01802	FAD
MAM01803	FADH2	R_MAR03413	exchange	MAM01802	FAD
MAM01803	FADH2	R_MAR03414	exchange	MAM01802	FAD
MAM01803	FADH2	R_MAR03416	exchange	MAM01802	FAD
MAM01803	FADH2	R_MAR03421	exchange	MAM01802	FAD
MAM01803	FADH2	R_MAR03423	exchange	MAM01802	FAD
MAM01803	FADH2	R_MAR03424	exchange	MAM01802	FAD
MAM01803	FADH2	R_MAR03425	exchange	MAM01802	FAD
MAM01803	FADH2	R_MAR03427	exchange	MAM01802	FAD
MAM01803	FADH2	R_MAR03428	exchange	MAM01802	FAD
MAM01803	FADH2	R_MAR03429	exchange	MAM01802	FAD
MAM01803	FADH2	R_MAR03430	exchange	MAM01802	FAD
MAM01803	FADH2	R_MAR03431	exchange	MAM01802	FAD
MAM01803	FADH2	R_MAR03432	exchange	MAM01802	FAD
MAM01803	FADH2	R_MAR03433	exchange	MAM01802	FAD
MAM01803	FADH2	R_MAR03444	exchange	MAM01802	FAD
MAM01803	FADH2	R_MAR03448	exchange	MAM01802	FAD
MAM01803	FADH2	R_MAR03452	exchange	MAM01802	FAD
MAM01803	FADH2	R_MAR03459	exchange	MAM01802	FAD
MAM01803	FADH2	R_MAR03466	exchange	MAM01802	FAD
MAM01803	FADH2	R_MAR03470	exchange	MAM01802	FAD
MAM01803	FADH2	R_MAR03498	exchange	MAM01802	FAD
MAM01803	FADH2	R_MAR03506	exchange	MAM01802	FAD
MAM01803	FADH2	R_MAR03512	exchange	MAM01802	FAD
MAM01803	FADH2	R_MAR03522	exchange	MAM01802	FAD
MAM01803	FADH2	R_MAR03527	exchange	MAM01802	FAD
MAM01803	FADH2	R_MAR03531	exchange	MAM01802	FAD
MAM01803	FADH2	R_MAR03752	exchange	MAM01802	FAD
MAM01803	FADH2	R_MAR03770	exchange	MAM01802	FAD
MAM01803	FADH2	R_MAR03784	exchange	MAM01802	FAD
MAM01803	FADH2	R_MAR03788	exchange	MAM01802	FAD
MAM01803	FADH2	R_MAR03849	exchange	MAM01802	FAD
MAM01803	FADH2	R_MAR04001	exchange	MAM01802	FAD
MAM01803	FADH2	R_MAR04243	exchange	MAM01802	FAD
MAM01803	FADH2	R_MAR04650	exchange	MAM01802	FAD
MAM01803	FADH2	R_MAR04763	exchange	MAM01802	FAD
MAM01803	FADH2	R_MAR04789	exchange	MAM01802	FAD
MAM01803	FADH2	R_MAR04978	exchange	MAM01802	FAD
MAM01803	FADH2	R_MAR04981	exchange	MAM01802	FAD
MAM01803	FADH2	R_MAR05025	exchange	MAM01802	FAD
MAM01803	FADH2	R_MAR05026	exchange	MAM01802	FAD
MAM01803	FADH2	R_MAR05028	exchange	MAM01802	FAD
MAM01803	FADH2	R_MAR05030	exchange	MAM01802	FAD
MAM01803	FADH2	R_MAR05044	exchange	MAM01802	FAD
MAM01803	FADH2	R_MAR05095	exchange	MAM01802	FAD
MAM01803	FADH2	R_MAR05097	exchange	MAM01802	FAD
MAM01803	FADH2	R_MAR05098	exchange	MAM01802	FAD
MAM01803	FADH2	R_MAR05100	exchange	MAM01802	FAD
MAM01803	FADH2	R_MAR05108	exchange	MAM01802	FAD
MAM01803	FADH2	R_MAR05110	exchange	MAM01802	FAD
MAM01803	FADH2	R_MAR05111	exchange	MAM01802	FAD
MAM01803	FADH2	R_MAR05119	exchange	MAM01802	FAD
MAM01803	FADH2	R_MAR05120	exchange	MAM01802	FAD
MAM01803	FADH2	R_MAR05175	exchange	MAM01802	FAD
MAM01803	FADH2	R_MAR05176	exchange	MAM01802	FAD
MAM01803	FADH2	R_MAR05177	exchange	MAM01802	FAD
MAM01803	FADH2	R_MAR05178	exchange	MAM01802	FAD
MAM01803	FADH2	R_MAR05179	exchange	MAM01802	FAD
MAM01803	FADH2	R_MAR05180	exchange	MAM01802	FAD
MAM01803	FADH2	R_MAR05181	exchange	MAM01802	FAD
MAM01803	FADH2	R_MAR05182	exchange	MAM01802	FAD
MAM01803	FADH2	R_MAR05184	exchange	MAM01802	FAD
MAM01803	FADH2	R_MAR05185	exchange	MAM01802	FAD
MAM01803	FADH2	R_MAR05188	exchange	MAM01802	FAD
MAM01803	FADH2	R_MAR05189	exchange	MAM01802	FAD
MAM01803	FADH2	R_MAR05190	exchange	MAM01802	FAD
MAM01803	FADH2	R_MAR05192	exchange	MAM01802	FAD
MAM01803	FADH2	R_MAR05194	exchange	MAM01802	FAD
MAM01803	FADH2	R_MAR05196	exchange	MAM01802	FAD
MAM01803	FADH2	R_MAR05298	exchange	MAM01802	FAD
MAM01803	FADH2	R_MAR05300	exchange	MAM01802	FAD
MAM01803	FADH2	R_MAR05325	exchange	MAM01802	FAD
MAM01803	FADH2	R_MAR05327	exchange	MAM01802	FAD
MAM01803	FADH2	R_MAR05329	exchange	MAM01802	FAD
MAM01803	FADH2	R_MAR05331	exchange	MAM01802	FAD
MAM01803	FADH2	R_MAR05343	exchange	MAM01802	FAD
MAM01803	FADH2	R_MAR05345	exchange	MAM01802	FAD
MAM01803	FADH2	R_MAR05350	exchange	MAM01802	FAD
MAM01803	FADH2	R_MAR05355	exchange	MAM01802	FAD
MAM01803	FADH2	R_MAR05357	exchange	MAM01802	FAD
MAM01803	FADH2	R_MAR05359	exchange	MAM01802	FAD
MAM01803	FADH2	R_MAR05365	exchange	MAM01802	FAD
MAM01803	FADH2	R_MAR05366	exchange	MAM01802	FAD
MAM01803	FADH2	R_MAR05371	exchange	MAM01802	FAD
MAM01803	FADH2	R_MAR05372	exchange	MAM01802	FAD
MAM01803	FADH2	R_MAR05373	exchange	MAM01802	FAD
MAM01803	FADH2	R_MAR05374	exchange	MAM01802	FAD
MAM01803	FADH2	R_MAR05376	exchange	MAM01802	FAD
MAM01803	FADH2	R_MAR05377	exchange	MAM01802	FAD
MAM01803	FADH2	R_MAR05380	exchange	MAM01802	FAD
MAM01803	FADH2	R_MAR05382	exchange	MAM01802	FAD
MAM01803	FADH2	R_MAR05408	exchange	MAM01802	FAD
MAM01803	FADH2	R_MAR05421	exchange	MAM01802	FAD
MAM01803	FADH2	R_MAR05428	exchange	MAM01802	FAD
MAM01803	FADH2	R_MAR05431	exchange	MAM01802	FAD
MAM01803	FADH2	R_MAR05988	exchange	MAM01802	FAD
MAM01803	FADH2	R_MAR06284	exchange	MAM01802	FAD
MAM01803	FADH2	R_MAR06285	exchange	MAM01802	FAD
MAM01803	FADH2	R_MAR06319	exchange	MAM01802	FAD
MAM01803	FADH2	R_MAR06320	exchange	MAM01802	FAD
MAM01803	FADH2	R_MAR06322	exchange	MAM01802	FAD
MAM01803	FADH2	R_MAR06344	exchange	MAM01802	FAD
MAM01803	FADH2	R_MAR06345	exchange	MAM01802	FAD
MAM01803	FADH2	R_MAR06346	exchange	MAM01802	FAD
MAM01803	FADH2	R_MAR06347	exchange	MAM01802	FAD
MAM01803	FADH2	R_MAR06378	exchange	MAM01802	FAD
MAM01803	FADH2	R_MAR06437	exchange	MAM01802	FAD
MAM01803	FADH2	R_MAR06449	exchange	MAM01802	FAD
MAM01803	FADH2	R_MAR06452	exchange	MAM01802	FAD
MAM01803	FADH2	R_MAR06692	exchange	MAM01802	FAD
MAM01803	FADH2	R_MAR06933	exchange	MAM01802	FAD
MAM01803	FADH2	R_MAR06936	exchange	MAM01802	FAD
MAM01803	FADH2	R_MAR06943	exchange	MAM01802	FAD
MAM01803	FADH2	R_MAR06946	exchange	MAM01802	FAD
MAM01803	FADH2	R_MAR06949	exchange	MAM01802	FAD
MAM01803	FADH2	R_MAR06952	exchange	MAM01802	FAD
MAM01803	FADH2	R_MAR06959	exchange	MAM01802	FAD
MAM01803	FADH2	R_MAR06962	exchange	MAM01802	FAD
MAM01803	FADH2	R_MAR06964	exchange	MAM01802	FAD
MAM01803	FADH2	R_MAR07641	exchange	MAM01802	FAD
MAM01803	FADH2	R_MAR07647	exchange	MAM01802	FAD
MAM01803	FADH2	R_MAR07704	exchange	MAM01802	FAD
MAM01803	FADH2	R_MAR07706	exchange	MAM01802	FAD
MAM01803	FADH2	R_MAR08017	exchange	MAM01802	FAD
MAM01803	FADH2	R_MAR08021	exchange	MAM01802	FAD
MAM01803	FADH2	R_MAR08220	exchange	MAM01802	FAD
MAM01803	FADH2	R_MAR08432	exchange	MAM01802	FAD
MAM01803	FADH2	R_MAR08439	exchange	MAM01802	FAD
MAM01803	FADH2	R_MAR08441	exchange	MAM01802	FAD
MAM01803	FADH2	R_MAR08610	exchange	MAM01802	FAD
MAM01803	FADH2	R_MAR08611	exchange	MAM01802	FAD
MAM01803	FADH2	R_MAR08689	exchange	MAM01802	FAD
MAM01803	FADH2	R_MAR08690	exchange	MAM01802	FAD
MAM01803	FADH2	R_MAR08755	exchange	MAM01802	FAD
MAM01803	FADH2	R_MAR09719	exchange	MAM01802	FAD
MAM01803	FADH2	R_MAR11513	exchange	MAM01802	FAD
MAM01803	FADH2	R_MAR11520	exchange	MAM01802	FAD
MAM01803	FADH2	R_MAR11529	exchange	MAM01802	FAD
MAM01803	FADH2	R_MAR11534	exchange	MAM01802	FAD
MAM01803	FADH2	R_MAR11539	exchange	MAM01802	FAD
MAM01803	FADH2	R_MAR11744	exchange	MAM01802	FAD
MAM01803	FADH2	R_MAR12371	exchange	MAM01802	FAD
MAM01803	FADH2	R_MAR12808	exchange	MAM01802	FAD
MAM01803	FADH2	R_MAR20186	exchange	MAM01802	FAD
MAM01948	GDP	R_MAR00813	exchange	MAM01950	GDP-L-fucose
MAM01948	GDP	R_MAR00862	exchange	MAM01950	GDP-L-fucose
MAM01948	GDP	R_MAR00863	exchange	MAM01950	GDP-L-fucose
MAM01948	GDP	R_MAR00864	exchange	MAM01950	GDP-L-fucose
MAM01948	GDP	R_MAR00866	exchange	MAM01950	GDP-L-fucose
MAM01948	GDP	R_MAR00870	exchange	MAM01950	GDP-L-fucose
MAM01948	GDP	R_MAR00871	exchange	MAM01950	GDP-L-fucose
MAM01948	GDP	R_MAR00873	exchange	MAM01950	GDP-L-fucose
MAM01948	GDP	R_MAR00878	exchange	MAM01950	GDP-L-fucose
MAM01948	GDP	R_MAR00880	exchange	MAM01950	GDP-L-fucose
MAM01948	GDP	R_MAR00882	exchange	MAM01950	GDP-L-fucose
MAM01948	GDP	R_MAR00883	exchange	MAM01950	GDP-L-fucose
MAM01948	GDP	R_MAR00886	exchange	MAM01950	GDP-L-fucose
MAM01948	GDP	R_MAR00888	exchange	MAM01950	GDP-L-fucose
MAM01948	GDP	R_MAR00893	exchange	MAM01950	GDP-L-fucose
MAM01948	GDP	R_MAR00894	exchange	MAM01950	GDP-L-fucose
MAM01948	GDP	R_MAR00895	exchange	MAM01950	GDP-L-fucose
MAM01948	GDP	R_MAR00896	exchange	MAM01950	GDP-L-fucose
MAM01948	GDP	R_MAR00897	exchange	MAM01950	GDP-L-fucose
MAM01948	GDP	R_MAR00898	exchange	MAM01950	GDP-L-fucose
MAM01948	GDP	R_MAR00899	exchange	MAM01950	GDP-L-fucose
MAM01948	GDP	R_MAR00900	exchange	MAM01950	GDP-L-fucose
MAM01948	GDP	R_MAR00904	exchange	MAM01950	GDP-L-fucose
MAM01948	GDP	R_MAR00908	exchange	MAM01950	GDP-L-fucose
MAM01948	GDP	R_MAR00909	exchange	MAM01950	GDP-L-fucose
MAM01948	GDP	R_MAR00911	exchange	MAM01950	GDP-L-fucose
MAM01948	GDP	R_MAR01083	exchange	MAM01950	GDP-L-fucose
MAM01948	GDP	R_MAR01118	exchange	MAM01950	GDP-L-fucose
MAM01948	GDP	R_MAR01141	exchange	MAM01950	GDP-L-fucose
MAM01948	GDP	R_MAR04042	exchange	MAM02034	GTP
MAM01948	GDP	R_MAR04101	exchange	MAM02034	GTP
MAM01948	GDP	R_MAR04103	exchange	MAM02034	GTP
MAM01948	GDP	R_MAR04147	exchange	MAM01597	CoA
MAM01948	GDP	R_MAR04171	exchange	MAM02034	GTP
MAM01948	GDP	R_MAR04386	exchange	MAM01951	GDP-mannose
MAM01948	GDP	R_MAR07266	exchange	MAM01951	GDP-mannose
MAM01948	GDP	R_MAR07267	exchange	MAM01951	GDP-mannose
MAM01948	GDP	R_MAR07268	exchange	MAM01951	GDP-mannose
MAM01948	GDP	R_MAR07269	exchange	MAM01951	GDP-mannose
MAM01948	GDP	R_MAR07270	exchange	MAM01951	GDP-mannose
MAM01948	GDP	R_MAR07271	exchange	MAM01951	GDP-mannose
MAM01948	GDP	R_MAR07332	exchange	MAM01950	GDP-L-fucose
MAM01948	GDP	R_MAR07754	exchange	MAM02034	GTP
MAM01948	GDP	R_MAR08221	exchange	MAM01950	GDP-L-fucose
MAM01948	GDP	R_MAR08262	exchange	MAM01950	GDP-L-fucose
MAM01948	GDP	R_MAR08264	exchange	MAM01950	GDP-L-fucose
MAM01948	GDP	R_MAR08268	exchange	MAM01950	GDP-L-fucose
MAM01948	GDP	R_MAR08271	exchange	MAM01950	GDP-L-fucose
MAM01948	GDP	R_MAR08280	exchange	MAM01950	GDP-L-fucose
MAM01948	GDP	R_MAR08286	exchange	MAM01950	GDP-L-fucose
MAM01948	GDP	R_MAR08287	exchange	MAM01950	GDP-L-fucose
MAM01948	GDP	R_MAR08291	exchange	MAM01950	GDP-L-fucose
MAM01948	GDP	R_MAR08294	exchange	MAM01950	GDP-L-fucose
MAM01948	GDP	R_MAR08307	exchange	MAM01950	GDP-L-fucose
MAM01948	GDP	R_MAR08308	exchange	MAM01950	GDP-L-fucose
MAM01948	GDP	R_MAR08309	exchange	MAM01950	GDP-L-fucose
MAM01948	GDP	R_MAR08319	exchange	MAM01950	GDP-L-fucose
MAM01948	GDP	R_MAR08322	exchange	MAM01950	GDP-L-fucose
MAM01948	GDP	R_MAR08326	exchange	MAM01950	GDP-L-fucose
MAM01948	GDP	R_MAR08330	exchange	MAM01950	GDP-L-fucose
MAM01948	GDP	R_MAR08331	exchange	MAM01950	GDP-L-fucose
MAM01948	GDP	R_MAR08332	exchange	MAM01950	GDP-L-fucose
MAM01948	GDP	R_MAR08333	exchange	MAM01950	GDP-L-fucose
MAM01948	GDP	R_MAR08334	exchange	MAM01950	GDP-L-fucose
MAM01948	GDP	R_MAR08461	exchange	MAM02034	GTP
MAM01948	GDP	R_MAR08462	exchange	MAM02034	GTP
MAM01948	GDP	R_MAR08662	exchange	MAM01597	CoA
MAM01948	GDP	R_MAR08668	exchange	MAM01597	CoA
MAM01948	GDP	R_MAR09801	exchange	MAM02034	GTP
MAM01948	GDP	R_MAR02357	kept		
MAM01948	GDP	R_MAR04615	kept		
MAM01948	GDP	R_MAR05416	kept		
MAM01948	GDP	R_MAR07162	kept		
MAM02016	GMP	R_MAR04046	kept		
MAM02016	GMP	R_MAR04048	kept		
MAM02016	GMP	R_MAR04449	kept		
MAM02016	GMP	R_MAR04450	kept		
MAM02016	GMP	R_MAR04451	kept		
MAM02016	GMP	R_MAR04452	kept		
MAM02016	GMP	R_MAR04453	kept		
MAM02016	GMP	R_MAR07164	kept		
MAM02016	GMP	R_MAR07728	kept		
MAM02016	GMP	R_MAR08083	kept		
MAM02016	GMP	R_MAR08085	kept		
MAM02034	GTP	R_MAR04042	exchange	MAM01948	GDP
MAM02034	GTP	R_MAR04101	exchange	MAM01948	GDP
MAM02034	GTP	R_MAR04103	exchange	MAM01948	GDP
MAM02034	GTP	R_MAR04147	exchange	MAM01948	GDP
MAM02034	GTP	R_MAR04171	exchange	MAM01948	GDP
MAM02034	GTP	R_MAR04387	exchange	MAM01951	GDP-mannose
MAM02034	GTP	R_MAR04401	exchange	MAM01950	GDP-L-fucose
MAM02034	GTP	R_MAR07754	exchange	MAM01948	GDP
MAM02034	GTP	R_MAR08461	exchange	MAM01948	GDP
MAM02034	GTP	R_MAR08462	exchange	MAM01948	GDP
MAM02034	GTP	R_MAR08662	exchange	MAM01948	GDP
MAM02034	GTP	R_MAR08668	exchange	MAM01948	GDP
MAM02034	GTP	R_MAR09508	exchange	MAM01864	G(5)pppR-RNA
MAM02034	GTP	R_MAR09801	exchange	MAM01948	GDP
MAM02034	GTP	R_MAR04022	kept		
MAM02034	GTP	R_MAR04160	kept		
MAM02034	GTP	R_MAR04162	kept		
MAM02034	GTP	R_MAR04169	kept		
MAM02034	GTP	R_MAR04170	kept		
MAM02034	GTP	R_MAR04614	kept		
MAM02034	GTP	R_MAR07145	kept		
MAM02034	GTP	R_MAR07161	kept		
MAM02552	NAD+	R_MAR00040	exchange	MAM02553	NADH
MAM02552	NAD+	R_MAR00041	exchange	MAM02553	NADH
MAM02552	NAD+	R_MAR00044	exchange	MAM02553	NADH
MAM02552	NAD+	R_MAR00047	exchange	MAM02553	NADH
MAM02552	NAD+	R_MAR00051	exchange	MAM02553	NADH
MAM02552	NAD+	R_MAR00067	exchange	MAM02553	NADH
MAM02552	NAD+	R_MAR00088	exchange	MAM02553	NADH
MAM02552	NAD+	R_MAR00114	exchange	MAM02553	NADH
MAM02552	NAD+	R_MAR00118	exchange	MAM02553	NADH
MAM02552	NAD+	R_MAR00144	exchange	MAM02553	NADH
MAM02552	NAD+	R_MAR00145	exchange	MAM02553	NADH
MAM02552	NAD+	R_MAR00146	exchange	MAM02553	NADH
MAM02552	NAD+	R_MAR00147	exchange	MAM02553	NADH
MAM02552	NAD+	R_MAR00148	exchange	MAM02553	NADH
MAM02552	NAD+	R_MAR00149	exchange	MAM02553	NADH
MAM02552	NAD+	R_MAR00150	exchange	MAM02553	NADH
MAM02552	NAD+	R_MAR00151	exchange	MAM02553	NADH
MAM02552	NAD+	R_MAR00152	exchange	MAM02553	NADH
MAM02552	NAD+	R_MAR00181	exchange	MAM02553	NADH
MAM02552	NAD+	R_MAR00186	exchange	MAM02553	NADH
MAM02552	NAD+	R_MAR00205	exchange	MAM02553	NADH
MAM02552	NAD+	R_MAR00218	exchange	MAM02553	NADH
MAM02552	NAD+	R_MAR00456	exchange	MAM02553	NADH
MAM02552	NAD+	R_MAR00459	exchange	MAM02553	NADH
MAM02552	NAD+	R_MAR00479	exchange	MAM02553	NADH
MAM02552	NAD+	R_MAR00481	exchange	MAM02553	NADH
MAM02552	NAD+	R_MAR00719	exchange	MAM02553	NADH
MAM02552	NAD+	R_MAR00751	exchange	MAM02553	NADH
MAM02552	NAD+	R_MAR00752	exchange	MAM02553	NADH
MAM02552	NAD+	R_MAR00755	exchange	MAM02553	NADH
MAM02552	NAD+	R_MAR00756	exchange	MAM02553	NADH
MAM02552	NAD+	R_MAR00757	exchange	MAM02553	NADH
MAM02552	NAD+	R_MAR00759	exchange	MAM02553	NADH
MAM02552	NAD+	R_MAR00764	exchange	MAM02553	NADH
MAM02552	NAD+	R_MAR00772	exchange	MAM02553	NADH
MAM02552	NAD+	R_MAR00774	exchange	MAM02553	NADH
MAM02552	NAD+	R_MAR00777	exchange	MAM02553	NADH
MAM02552	NAD+	R_MAR00780	exchange	MAM02553	NADH
MAM02552	NAD+	R_MAR00784	exchange	MAM02553	NADH
MAM02552	NAD+	R_MAR00785	exchange	MAM02553	NADH
MAM02552	NAD+	R_MAR00788	exchange	MAM02553	NADH
MAM02552	NAD+	R_MAR00799	exchange	MAM02553	NADH
MAM02552	NAD+	R_MAR00800	exchange	MAM02553	NADH
MAM02552	NAD+	R_MAR00818	exchange	MAM02553	NADH
MAM02552	NAD+	R_MAR00833	exchange	MAM02553	NADH
MAM02552	NAD+	R_MAR00869	exchange	MAM02553	NADH
MAM02552	NAD+	R_MAR00872	exchange	MAM02553	NADH
MAM02552	NAD+	R_MAR00874	exchange	MAM02553	NADH
MAM02552	NAD+	R_MAR00916	exchange	MAM02553	NADH
MAM02552	NAD+	R_MAR00922	exchange	MAM02553	NADH
MAM02552	NAD+	R_MAR00923	exchange	MAM02553	NADH
MAM02552	NAD+	R_MAR00927	exchange	MAM02553	NADH
MAM02552	NAD+	R_MAR00930	exchange	MAM02553	NADH
MAM02552	NAD+	R_MAR00952	exchange	MAM02553	NADH
MAM02552	NAD+	R_MAR00968	exchange	MAM02553	NADH
MAM02552	NAD+	R_MAR00970	exchange	MAM02553	NADH
MAM02552	NAD+	R_MAR00972	exchange	MAM02553	NADH
MAM02552	NAD+	R_MAR00974	exchange	MAM02553	NADH
MAM02552	NAD+	R_MAR00975	exchange	MAM02553	NADH
MAM02552	NAD+	R_MAR00977	exchange	MAM02553	NADH
MAM02552	NAD+	R_MAR00978	exchange	MAM02553	NADH
MAM02552	NAD+	R_MAR00982	exchange	MAM02553	NADH
MAM02552	NAD+	R_MAR00990	exchange	MAM02553	NADH
MAM02552	NAD+	R_MAR01001	exchange	MAM02553	NADH
MAM02552	NAD+	R_MAR01005	exchange	MAM02553	NADH
MAM02552	NAD+	R_MAR01065	exchange	MAM02553	NADH
MAM02552	NAD+	R_MAR01066	exchange	MAM02553	NADH
MAM02552	NAD+	R_MAR01067	exchange	MAM02553	NADH
MAM02552	NAD+	R_MAR01068	exchange	MAM02553	NADH
MAM02552	NAD+	R_MAR01069	exchange	MAM02553	NADH
MAM02552	NAD+	R_MAR01070	exchange	MAM02553	NADH
MAM02552	NAD+	R_MAR01074	exchange	MAM02553	NADH
MAM02552	NAD+	R_MAR01097	exchange	MAM02553	NADH
MAM02552	NAD+	R_MAR01100	exchange	MAM02553	NADH
MAM02552	NAD+	R_MAR01101	exchange	MAM02553	NADH
MAM02552	NAD+	R_MAR01103	exchange	MAM02553	NADH
MAM02552	NAD+	R_MAR01106	exchange	MAM02553	NADH
MAM02552	NAD+	R_MAR01129	exchange	MAM02553	NADH
MAM02552	NAD+	R_MAR01130	exchange	MAM02553	NADH
MAM02552	NAD+	R_MAR01131	exchange	MAM02553	NADH
MAM02552	NAD+	R_MAR01132	exchange	MAM02553	NADH
MAM02552	NAD+	R_MAR01133	exchange	MAM02553	NADH
MAM02552	NAD+	R_MAR01134	exchange	MAM02553	NADH
MAM02552	NAD+	R_MAR01165	exchange	MAM02553	NADH
MAM02552	NAD+	R_MAR01166	exchange	MAM02553	NADH
MAM02552	NAD+	R_MAR01178	exchange	MAM02553	NADH
MAM02552	NAD+	R_MAR01183	exchange	MAM02553	NADH
MAM02552	NAD+	R_MAR01208	exchange	MAM02553	NADH
MAM02552	NAD+	R_MAR01209	exchange	MAM02553	NADH
MAM02552	NAD+	R_MAR01220	exchange	MAM02553	NADH
MAM02552	NAD+	R_MAR01225	exchange	MAM02553	NADH
MAM02552	NAD+	R_MAR01228	exchange	MAM02553	NADH
MAM02552	NAD+	R_MAR01229	exchange	MAM02553	NADH
MAM02552	NAD+	R_MAR01230	exchange	MAM02553	NADH
MAM02552	NAD+	R_MAR01247	exchange	MAM02553	NADH
MAM02552	NAD+	R_MAR01257	exchange	MAM02553	NADH
MAM02552	NAD+	R_MAR01258	exchange	MAM02553	NADH
MAM02552	NAD+	R_MAR01274	exchange	MAM02553	NADH
MAM02552	NAD+	R_MAR01275	exchange	MAM02553	NADH
MAM02552	NAD+	R_MAR01288	exchange	MAM02553	NADH
MAM02552	NAD+	R_MAR01289	exchange	MAM02553	NADH
MAM02552	NAD+	R_MAR01293	exchange	MAM02553	NADH
MAM02552	NAD+	R_MAR01300	exchange	MAM02553	NADH
MAM02552	NAD+	R_MAR01317	exchange	MAM02553	NADH
MAM02552	NAD+	R_MAR01319	exchange	MAM02553	NADH
MAM02552	NAD+	R_MAR01320	exchange	MAM02553	NADH
MAM02552	NAD+	R_MAR01325	exchange	MAM02553	NADH
MAM02552	NAD+	R_MAR01328	exchange	MAM02553	NADH
MAM02552	NAD+	R_MAR01372	exchange	MAM02553	NADH
MAM02552	NAD+	R_MAR01453	exchange	MAM02553	NADH
MAM02552	NAD+	R_MAR01474	exchange	MAM02553	NADH
MAM02552	NAD+	R_MAR01496	exchange	MAM02553	NADH
MAM02552	NAD+	R_MAR01523	exchange	MAM02553	NADH
MAM02552	NAD+	R_MAR01531	exchange	MAM02553	NADH
MAM02552	NAD+	R_MAR01557	exchange	MAM02553	NADH
MAM02552	NAD+	R_MAR01568	exchange	MAM02553	NADH
MAM02552	NAD+	R_MAR01584	exchange	MAM02553	NADH
MAM02552	NAD+	R_MAR01590	exchange	MAM02553	NADH
MAM02552	NAD+	R_MAR01598	exchange	MAM02553	NADH
MAM02552	NAD+	R_MAR01600	exchange	MAM02553	NADH
MAM02552	NAD+	R_MAR01608	exchange	MAM02553	NADH
MAM02552	NAD+	R_MAR01609	exchange	MAM02553	NADH
MAM02552	NAD+	R_MAR01611	exchange	MAM02553	NADH
MAM02552	NAD+	R_MAR01613	exchange	MAM02553	NADH
MAM02552	NAD+	R_MAR01646	exchange	MAM02553	NADH
MAM02552	NAD+	R_MAR01678	exchange	MAM02553	NADH
MAM02552	NAD+	R_MAR01684	exchange	MAM02553	NADH
MAM02552	NAD+	R_MAR01689	exchange	MAM02553	NADH
MAM02552	NAD+	R_MAR01692	exchange	MAM02553	NADH
MAM02552	NAD+	R_MAR01708	exchange	MAM02553	NADH
MAM02552	NAD+	R_MAR01738	exchange	MAM02553	NADH
MAM02552	NAD+	R_MAR01766	exchange	MAM02553	NADH
MAM02552	NAD+	R_MAR01778	exchange	MAM02553	NADH
MAM02552	NAD+	R_MAR01783	exchange	MAM02553	NADH
MAM02552	NAD+	R_MAR01787	exchange	MAM02553	NADH
MAM02552	NAD+	R_MAR01803	exchange	MAM02553	NADH
MAM02552	NAD+	R_MAR01806	exchange	MAM02553	NADH
MAM02552	NAD+	R_MAR01941	exchange	MAM02553	NADH
MAM02552	NAD+	R_MAR01949	exchange	MAM02553	NADH
MAM02552	NAD+	R_MAR01951	exchange	MAM02553	NADH
MAM02552	NAD+	R_MAR01967	exchange	MAM02553	NADH
MAM02552	NAD+	R_MAR01968	exchange	MAM02553	NADH
MAM02552	NAD+	R_MAR01970	exchange	MAM02553	NADH
MAM02552	NAD+	R_MAR01971	exchange	MAM02553	NADH
MAM02552	NAD+	R_MAR01979	exchange	MAM02553	NADH
MAM02552	NAD+	R_MAR01982	exchange	MAM02553	NADH
MAM02552	NAD+	R_MAR02004	exchange	MAM02553	NADH
MAM02552	NAD+	R_MAR02005	exchange	MAM02553	NADH
MAM02552	NAD+	R_MAR02016	exchange	MAM02553	NADH
MAM02552	NAD+	R_MAR02017	exchange	MAM02553	NADH
MAM02552	NAD+	R_MAR02022	exchange	MAM02553	NADH
MAM02552	NAD+	R_MAR02024	exchange	MAM02553	NADH
MAM02552	NAD+	R_MAR02131	exchange	MAM02553	NADH
MAM02552	NAD+	R_MAR02132	exchange	MAM02553	NADH
MAM02552	NAD+	R_MAR02139	exchange	MAM02553	NADH
MAM02552	NAD+	R_MAR02140	exchange	MAM02553	NADH
MAM02552	NAD+	R_MAR02188	exchange	MAM02553	NADH
MAM02552	NAD+	R_MAR02192	exchange	MAM02553	NADH
MAM02552	NAD+	R_MAR02196	exchange	MAM02553	NADH
MAM02552	NAD+	R_MAR02410	exchange	MAM02553	NADH
MAM02552	NAD+	R_MAR02492	exchange	MAM02553	NADH
MAM02552	NAD+	R_MAR02505	exchange	MAM02553	NADH
MAM02552	NAD+	R_MAR02512	exchange	MAM02553	NADH
MAM02552	NAD+	R_MAR02767	exchange	MAM02553	NADH
MAM02552	NAD+	R_MAR02779	exchange	MAM02553	NADH
MAM02552	NAD+	R_MAR02820	exchange	MAM02553	NADH
MAM02552	NAD+	R_MAR02826	exchange	MAM02553	NADH
MAM02552	NAD+	R_MAR02828	exchange	MAM02553	NADH
MAM02552	NAD+	R_MAR02860	exchange	MAM02553	NADH
MAM02552	NAD+	R_MAR02881	exchange	MAM02553	NADH
MAM02552	NAD+	R_MAR02883	exchange	MAM02553	NADH
MAM02552	NAD+	R_MAR02885	exchange	MAM02553	NADH
MAM02552	NAD+	R_MAR03036	exchange	MAM02553	NADH
MAM02552	NAD+	R_MAR03038	exchange	MAM02553	NADH
MAM02552	NAD+	R_MAR03039	exchange	MAM02553	NADH
MAM02552	NAD+	R_MAR03040	exchange	MAM02553	NADH
MAM02552	NAD+	R_MAR03053	exchange	MAM02553	NADH
MAM02552	NAD+	R_MAR03054	exchange	MAM02553	NADH
MAM02552	NAD+	R_MAR03055	exchange	MAM02553	NADH
MAM02552	NAD+	R_MAR03056	exchange	MAM02553	NADH
MAM02552	NAD+	R_MAR03059	exchange	MAM02553	NADH
MAM02552	NAD+	R_MAR03064	exchange	MAM02553	NADH
MAM02552	NAD+	R_MAR03068	exchange	MAM02553	NADH
MAM02552	NAD+	R_MAR03072	exchange	MAM02553	NADH
MAM02552	NAD+	R_MAR03076	exchange	MAM02553	NADH
MAM02552	NAD+	R_MAR03080	exchange	MAM02553	NADH
MAM02552	NAD+	R_MAR03084	exchange	MAM02553	NADH
MAM02552	NAD+	R_MAR03088	exchange	MAM02553	NADH
MAM02552	NAD+	R_MAR03092	exchange	MAM02553	NADH
MAM02552	NAD+	R_MAR03096	exchange	MAM02553	NADH
MAM02552	NAD+	R_MAR03100	exchange	MAM02553	NADH
MAM02552	NAD+	R_MAR03104	exchange	MAM02553	NADH
MAM02552	NAD+	R_MAR03109	exchange	MAM02553	NADH
MAM02552	NAD+	R_MAR03113	exchange	MAM02553	NADH
MAM02552	NAD+	R_MAR03117	exchange	MAM02553	NADH
MAM02552	NAD+	R_MAR03123	exchange	MAM02553	NADH
MAM02552	NAD+	R_MAR03130	exchange	MAM02553	NADH
MAM02552	NAD+	R_MAR03137	exchange	MAM02553	NADH
MAM02552	NAD+	R_MAR03144	exchange	MAM02553	NADH
MAM02552	NAD+	R_MAR03151	exchange	MAM02553	NADH
MAM02552	NAD+	R_MAR03158	exchange	MAM02553	NADH
MAM02552	NAD+	R_MAR03166	exchange	MAM02553	NADH
MAM02552	NAD+	R_MAR03172	exchange	MAM02553	NADH
MAM02552	NAD+	R_MAR03176	exchange	MAM02553	NADH
MAM02552	NAD+	R_MAR03180	exchange	MAM02553	NADH
MAM02552	NAD+	R_MAR03184	exchange	MAM02553	NADH
MAM02552	NAD+	R_MAR03188	exchange	MAM02553	NADH
MAM02552	NAD+	R_MAR03192	exchange	MAM02553	NADH
MAM02552	NAD+	R_MAR03196	exchange	MAM02553	NADH
MAM02552	NAD+	R_MAR03200	exchange	MAM02553	NADH
MAM02552	NAD+	R_MAR03204	exchange	MAM02553	NADH
MAM02552	NAD+	R_MAR03209	exchange	MAM02553	NADH
MAM02552	NAD+	R_MAR03220	exchange	MAM02553	NADH
MAM02552	NAD+	R_MAR03224	exchange	MAM02553	NADH
MAM02552	NAD+	R_MAR03228	exchange	MAM02553	NADH
MAM02552	NAD+	R_MAR03232	exchange	MAM02553	NADH
MAM02552	NAD+	R_MAR03236	exchange	MAM02553	NADH
MAM02552	NAD+	R_MAR03238	exchange	MAM02553	NADH
MAM02552	NAD+	R_MAR03242	exchange	MAM02553	NADH
MAM02552	NAD+	R_MAR03246	exchange	MAM02553	NADH
MAM02552	NAD+	R_MAR03254	exchange	MAM02553	NADH
MAM02552	NAD+	R_MAR03259	exchange	MAM02553	NADH
MAM02552	NAD+	R_MAR03262	exchange	MAM02553	NADH
MAM02552	NAD+	R_MAR03266	exchange	MAM02553	NADH
MAM02552	NAD+	R_MAR03267	exchange	MAM02553	NADH
MAM02552	NAD+	R_MAR03268	exchange	MAM02553	NADH
MAM02552	NAD+	R_MAR03269	exchange	MAM02553	NADH
MAM02552	NAD+	R_MAR03270	exchange	MAM02553	NADH
MAM02552	NAD+	R_MAR03278	exchange	MAM02553	NADH
MAM02552	NAD+	R_MAR03282	exchange	MAM02553	NADH
MAM02552	NAD+	R_MAR03286	exchange	MAM02553	NADH
MAM02552	NAD+	R_MAR03292	exchange	MAM02553	NADH
MAM02552	NAD+	R_MAR03304	exchange	MAM02553	NADH
MAM02552	NAD+	R_MAR03309	exchange	MAM02553	NADH
MAM02552	NAD+	R_MAR03314	exchange	MAM02553	NADH
MAM02552	NAD+	R_MAR03319	exchange	MAM02553	NADH
MAM02552	NAD+	R_MAR03328	exchange	MAM02553	NADH
MAM02552	NAD+	R_MAR03332	exchange	MAM02553	NADH
MAM02552	NAD+	R_MAR03336	exchange	MAM02553	NADH
MAM02552	NAD+	R_MAR03340	exchange	MAM02553	NADH
MAM02552	NAD+	R_MAR03344	exchange	MAM02553	NADH
MAM02552	NAD+	R_MAR03348	exchange	MAM02553	NADH
MAM02552	NAD+	R_MAR03352	exchange	MAM02553	NADH
MAM02552	NAD+	R_MAR03358	exchange	MAM02553	NADH
MAM02552	NAD+	R_MAR03362	exchange	MAM02553	NADH
MAM02552	NAD+	R_MAR03367	exchange	MAM02553	NADH
MAM02552	NAD+	R_MAR03372	exchange	MAM02553	NADH
MAM02552	NAD+	R_MAR03380	exchange	MAM02553	NADH
MAM02552	NAD+	R_MAR03386	exchange	MAM02553	NADH
MAM02552	NAD+	R_MAR03396	exchange	MAM02553	NADH
MAM02552	NAD+	R_MAR03397	exchange	MAM02553	NADH
MAM02552	NAD+	R_MAR03398	exchange	MAM02553	NADH
MAM02552	NAD+	R_MAR03400	exchange	MAM02553	NADH
MAM02552	NAD+	R_MAR03406	exchange	MAM02553	NADH
MAM02552	NAD+	R_MAR03407	exchange	MAM02553	NADH
MAM02552	NAD+	R_MAR03408	exchange	MAM02553	NADH
MAM02552	NAD+	R_MAR03409	exchange	MAM02553	NADH
MAM02552	NAD+	R_MAR03411	exchange	MAM02553	NADH
MAM02552	NAD+	R_MAR03413	exchange	MAM02553	NADH
MAM02552	NAD+	R_MAR03414	exchange	MAM02553	NADH
MAM02552	NAD+	R_MAR03416	exchange	MAM02553	NADH
MAM02552	NAD+	R_MAR03421	exchange	MAM02553	NADH
MAM02552	NAD+	R_MAR03423	exchange	MAM02553	NADH
MAM02552	NAD+	R_MAR03424	exchange	MAM02553	NADH
MAM02552	NAD+	R_MAR03425	exchange	MAM02553	NADH
MAM02552	NAD+	R_MAR03427	exchange	MAM02553	NADH
MAM02552	NAD+	R_MAR03428	exchange	MAM02553	NADH
MAM02552	NAD+	R_MAR03429	exchange	MAM02553	NADH
MAM02552	NAD+	R_MAR03430	exchange	MAM02553	NADH
MAM02552	NAD+	R_MAR03431	exchange	MAM02553	NADH
MAM02552	NAD+	R_MAR03432	exchange	MAM02553	NADH
MAM02552	NAD+	R_MAR03433	exchange	MAM02553	NADH
MAM02552	NAD+	R_MAR03450	exchange	MAM02553	NADH
MAM02552	NAD+	R_MAR03454	exchange	MAM02553	NADH
MAM02552	NAD+	R_MAR03464	exchange	MAM02553	NADH
MAM02552	NAD+	R_MAR03468	exchange	MAM02553	NADH
MAM02552	NAD+	R_MAR03488	exchange	MAM02553	NADH
MAM02552	NAD+	R_MAR03503	exchange	MAM02553	NADH
MAM02552	NAD+	R_MAR03509	exchange	MAM02553	NADH
MAM02552	NAD+	R_MAR03514	exchange	MAM02553	NADH
MAM02552	NAD+	R_MAR03524	exchange	MAM02553	NADH
MAM02552	NAD+	R_MAR03529	exchange	MAM02553	NADH
MAM02552	NAD+	R_MAR03533	exchange	MAM02553	NADH
MAM02552	NAD+	R_MAR03599	exchange	MAM02553	NADH
MAM02552	NAD+	R_MAR03757	exchange	MAM02553	NADH
MAM02552	NAD+	R_MAR03758	exchange	MAM02553	NADH
MAM02552	NAD+	R_MAR03759	exchange	MAM02553	NADH
MAM02552	NAD+	R_MAR03761	exchange	MAM02553	NADH
MAM02552	NAD+	R_MAR03764	exchange	MAM02553	NADH
MAM02552	NAD+	R_MAR03795	exchange	MAM02553	NADH
MAM02552	NAD+	R_MAR03802	exchange	MAM02553	NADH
MAM02552	NAD+	R_MAR03806	exchange	MAM02553	NADH
MAM02552	NAD+	R_MAR03808	exchange	MAM02553	NADH
MAM02552	NAD+	R_MAR03812	exchange	MAM02553	NADH
MAM02552	NAD+	R_MAR03815	exchange	MAM02553	NADH
MAM02552	NAD+	R_MAR03817	exchange	MAM02553	NADH
MAM02552	NAD+	R_MAR03821	exchange	MAM02553	NADH
MAM02552	NAD+	R_MAR03822	exchange	MAM02553	NADH
MAM02552	NAD+	R_MAR03823	exchange	MAM02553	NADH
MAM02552	NAD+	R_MAR03835	exchange	MAM02553	NADH
MAM02552	NAD+	R_MAR03837	exchange	MAM02553	NADH
MAM02552	NAD+	R_MAR03839	exchange	MAM02553	NADH
MAM02552	NAD+	R_MAR03854	exchange	MAM02553	NADH
MAM02552	NAD+	R_MAR03856	exchange	MAM02553	NADH
MAM02552	NAD+	R_MAR03868	exchange	MAM02553	NADH
MAM02552	NAD+	R_MAR03869	exchange	MAM02553	NADH
MAM02552	NAD+	R_MAR03876	exchange	MAM02553	NADH
MAM02552	NAD+	R_MAR03905	exchange	MAM02553	NADH
MAM02552	NAD+	R_MAR03925	exchange	MAM02553	NADH
MAM02552	NAD+	R_MAR03933	exchange	MAM02553	NADH
MAM02552	NAD+	R_MAR03957	exchange	MAM02553	NADH
MAM02552	NAD+	R_MAR03983	exchange	MAM02553	NADH
MAM02552	NAD+	R_MAR03996	exchange	MAM02553	NADH
MAM02552	NAD+	R_MAR04040	exchange	MAM02553	NADH
MAM02552	NAD+	R_MAR04087	exchange	MAM02553	NADH
MAM02552	NAD+	R_MAR04122	exchange	MAM02553	NADH
MAM02552	NAD+	R_MAR04139	exchange	MAM02553	NADH
MAM02552	NAD+	R_MAR04141	exchange	MAM02553	NADH
MAM02552	NAD+	R_MAR04202	exchange	MAM02553	NADH
MAM02552	NAD+	R_MAR04233	exchange	MAM02553	NADH
MAM02552	NAD+	R_MAR04280	exchange	MAM02553	NADH
MAM02552	NAD+	R_MAR04281	exchange	MAM02553	NADH
MAM02552	NAD+	R_MAR04282	exchange	MAM02553	NADH
MAM02552	NAD+	R_MAR04285	exchange	MAM02553	NADH
MAM02552	NAD+	R_MAR04315	exchange	MAM02553	NADH
MAM02552	NAD+	R_MAR04332	exchange	MAM02553	NADH
MAM02552	NAD+	R_MAR04344	exchange	MAM02553	NADH
MAM02552	NAD+	R_MAR04373	exchange	MAM02553	NADH
MAM02552	NAD+	R_MAR04388	exchange	MAM02553	NADH
MAM02552	NAD+	R_MAR04400	exchange	MAM02553	NADH
MAM02552	NAD+	R_MAR04431	exchange	MAM02553	NADH
MAM02552	NAD+	R_MAR04440	exchange	MAM02553	NADH
MAM02552	NAD+	R_MAR04448	exchange	MAM02553	NADH
MAM02552	NAD+	R_MAR04461	exchange	MAM02553	NADH
MAM02552	NAD+	R_MAR04470	exchange	MAM02553	NADH
MAM02552	NAD+	R_MAR04471	exchange	MAM02553	NADH
MAM02552	NAD+	R_MAR04497	exchange	MAM02553	NADH
MAM02552	NAD+	R_MAR04519	exchange	MAM02553	NADH
MAM02552	NAD+	R_MAR04531	exchange	MAM02553	NADH
MAM02552	NAD+	R_MAR04533	exchange	MAM02553	NADH
MAM02552	NAD+	R_MAR04559	exchange	MAM02553	NADH
MAM02552	NAD+	R_MAR04591	exchange	MAM02553	NADH
MAM02552	NAD+	R_MAR04593	exchange	MAM02553	NADH
MAM02552	NAD+	R_MAR04646	exchange	MAM02553	NADH
MAM02552	NAD+	R_MAR04648	exchange	MAM02553	NADH
MAM02552	NAD+	R_MAR04654	exchange	MAM02553	NADH
MAM02552	NAD+	R_MAR04667	exchange	MAM02553	NADH
MAM02552	NAD+	R_MAR04683	exchange	MAM02553	NADH
MAM02552	NAD+	R_MAR04685	exchange	MAM02553	NADH
MAM02552	NAD+	R_MAR04688	exchange	MAM02553	NADH
MAM02552	NAD+	R_MAR04689	exchange	MAM02553	NADH
MAM02552	NAD+	R_MAR04696	exchange	MAM02553	NADH
MAM02552	NAD+	R_MAR04697	exchange	MAM02553	NADH
MAM02552	NAD+	R_MAR04703	exchange	MAM02553	NADH
MAM02552	NAD+	R_MAR04737	exchange	MAM02553	NADH
MAM02552	NAD+	R_MAR04739	exchange	MAM02553	NADH
MAM02552	NAD+	R_MAR04764	exchange	MAM02553	NADH
MAM02552	NAD+	R_MAR04778	exchange	MAM02553	NADH
MAM02552	NAD+	R_MAR04779	exchange	MAM02553	NADH
MAM02552	NAD+	R_MAR04784	exchange	MAM02553	NADH
MAM02552	NAD+	R_MAR04797	exchange	MAM02553	NADH
MAM02552	NAD+	R_MAR04831	exchange	MAM02553	NADH
MAM02552	NAD+	R_MAR04841	exchange	MAM02553	NADH
MAM02552	NAD+	R_MAR04968	exchange	MAM02553	NADH
MAM02552	NAD+	R_MAR04984	exchange	MAM02553	NADH
MAM02552	NAD+	R_MAR04987	exchange	MAM02553	NADH
MAM02552	NAD+	R_MAR05025	exchange	MAM02553	NADH
MAM02552	NAD+	R_MAR05026	exchange	MAM02553	NADH
MAM02552	NAD+	R_MAR05028	exchange	MAM02553	NADH
MAM02552	NAD+	R_MAR05030	exchange	MAM02553	NADH
MAM02552	NAD+	R_MAR05044	exchange	MAM02553	NADH
MAM02552	NAD+	R_MAR05069	exchange	MAM02553	NADH
MAM02552	NAD+	R_MAR05083	exchange	MAM02553	NADH
MAM02552	NAD+	R_MAR05086	exchange	MAM02553	NADH
MAM02552	NAD+	R_MAR05095	exchange	MAM02553	NADH
MAM02552	NAD+	R_MAR05097	exchange	MAM02553	NADH
MAM02552	NAD+	R_MAR05100	exchange	MAM02553	NADH
MAM02552	NAD+	R_MAR05108	exchange	MAM02553	NADH
MAM02552	NAD+	R_MAR05110	exchange	MAM02553	NADH
MAM02552	NAD+	R_MAR05111	exchange	MAM02553	NADH
MAM02552	NAD+	R_MAR05119	exchange	MAM02553	NADH
MAM02552	NAD+	R_MAR05175	exchange	MAM02553	NADH
MAM02552	NAD+	R_MAR05177	exchange	MAM02553	NADH
MAM02552	NAD+	R_MAR05178	exchange	MAM02553	NADH
MAM02552	NAD+	R_MAR05179	exchange	MAM02553	NADH
MAM02552	NAD+	R_MAR05180	exchange	MAM02553	NADH
MAM02552	NAD+	R_MAR05182	exchange	MAM02553	NADH
MAM02552	NAD+	R_MAR05184	exchange	MAM02553	NADH
MAM02552	NAD+	R_MAR05185	exchange	MAM02553	NADH
MAM02552	NAD+	R_MAR05188	exchange	MAM02553	NADH
MAM02552	NAD+	R_MAR05189	exchange	MAM02553	NADH
MAM02552	NAD+	R_MAR05193	exchange	MAM02553	NADH
MAM02552	NAD+	R_MAR05194	exchange	MAM02553	NADH
MAM02552	NAD+	R_MAR05242	exchange	MAM02553	NADH
MAM02552	NAD+	R_MAR05256	exchange	MAM02553	NADH
MAM02552	NAD+	R_MAR05325	exchange	MAM02553	NADH
MAM02552	NAD+	R_MAR05327	exchange	MAM02553	NADH
MAM02552	NAD+	R_MAR05331	exchange	MAM02553	NADH
MAM02552	NAD+	R_MAR05343	exchange	MAM02553	NADH
MAM02552	NAD+	R_MAR05345	exchange	MAM02553	NADH
MAM02552	NAD+	R_MAR05350	exchange	MAM02553	NADH
MAM02552	NAD+	R_MAR05351	exchange	MAM02553	NADH
MAM02552	NAD+	R_MAR05359	exchange	MAM02553	NADH
MAM02552	NAD+	R_MAR05360	exchange	MAM02553	NADH
MAM02552	NAD+	R_MAR05364	exchange	MAM02553	NADH
MAM02552	NAD+	R_MAR05365	exchange	MAM02553	NADH
MAM02552	NAD+	R_MAR05366	exchange	MAM02553	NADH
MAM02552	NAD+	R_MAR05369	exchange	MAM02553	NADH
MAM02552	NAD+	R_MAR05372	exchange	MAM02553	NADH
MAM02552	NAD+	R_MAR05373	exchange	MAM02553	NADH
MAM02552	NAD+	R_MAR05375	exchange	MAM02553	NADH
MAM02552	NAD+	R_MAR05376	exchange	MAM02553	NADH
MAM02552	NAD+	R_MAR05377	exchange	MAM02553	NADH
MAM02552	NAD+	R_MAR05378	exchange	MAM02553	NADH
MAM02552	NAD+	R_MAR05379	exchange	MAM02553	NADH
MAM02552	NAD+	R_MAR05403	exchange	MAM02553	NADH
MAM02552	NAD+	R_MAR05421	exchange	MAM02553	NADH
MAM02552	NAD+	R_MAR05428	exchange	MAM02553	NADH
MAM02552	NAD+	R_MAR05431	exchange	MAM02553	NADH
MAM02552	NAD+	R_MAR05988	exchange	MAM02553	NADH
MAM02552	NAD+	R_MAR06280	exchange	MAM02553	NADH
MAM02552	NAD+	R_MAR06284	exchange	MAM02553	NADH
MAM02552	NAD+	R_MAR06285	exchange	MAM02553	NADH
MAM02552	NAD+	R_MAR06319	exchange	MAM02553	NADH
MAM02552	NAD+	R_MAR06320	exchange	MAM02553	NADH
MAM02552	NAD+	R_MAR06322	exchange	MAM02553	NADH
MAM02552	NAD+	R_MAR06344	exchange	MAM02553	NADH
MAM02552	NAD+	R_MAR06345	exchange	MAM02553	NADH
MAM02552	NAD+	R_MAR06346	exchange	MAM02553	NADH
MAM02552	NAD+	R_MAR06347	exchange	MAM02553	NADH
MAM02552	NAD+	R_MAR06349	exchange	MAM02553	NADH
MAM02552	NAD+	R_MAR06350	exchange	MAM02553	NADH
MAM02552	NAD+	R_MAR06376	exchange	MAM02553	NADH
MAM02552	NAD+	R_MAR06397	exchange	MAM02553	NADH
MAM02552	NAD+	R_MAR06404	exchange	MAM02553	NADH
MAM02552	NAD+	R_MAR06407	exchange	MAM02553	NADH
MAM02552	NAD+	R_MAR06409	exchange	MAM02553	NADH
MAM02552	NAD+	R_MAR06432	exchange	MAM02553	NADH
MAM02552	NAD+	R_MAR06433	exchange	MAM02553	NADH
MAM02552	NAD+	R_MAR06434	exchange	MAM02553	NADH
MAM02552	NAD+	R_MAR06436	exchange	MAM02553	NADH
MAM02552	NAD+	R_MAR06437	exchange	MAM02553	NADH
MAM02552	NAD+	R_MAR06447	exchange	MAM02553	NADH
MAM02552	NAD+	R_MAR06448	exchange	MAM02553	NADH
MAM02552	NAD+	R_MAR06449	exchange	MAM02553	NADH
MAM02552	NAD+	R_MAR06450	exchange	MAM02553	NADH
MAM02552	NAD+	R_MAR06452	exchange	MAM02553	NADH
MAM02552	NAD+	R_MAR06453	exchange	MAM02553	NADH
MAM02552	NAD+	R_MAR06470	exchange	MAM02553	NADH
MAM02552	NAD+	R_MAR06471	exchange	MAM02553	NADH
MAM02552	NAD+	R_MAR06472	exchange	MAM02553	NADH
MAM02552	NAD+	R_MAR06473	exchange	MAM02553	NADH
MAM02552	NAD+	R_MAR06482	exchange	MAM02553	NADH
MAM02552	NAD+	R_MAR06483	exchange	MAM02553	NADH
MAM02552	NAD+	R_MAR06484	exchange	MAM02553	NADH
MAM02552	NAD+	R_MAR06486	exchange	MAM02553	NADH
MAM02552	NAD+	R_MAR06488	exchange	MAM02553	NADH
MAM02552	NAD+	R_MAR06500	exchange	MAM02553	NADH
MAM02552	NAD+	R_MAR06519	exchange	MAM02553	NADH
MAM02552	NAD+	R_MAR06631	exchange	MAM02553	NADH
MAM02552	NAD+	R_MAR06633	exchange	MAM02553	NADH
MAM02552	NAD+	R_MAR06638	exchange	MAM02553	NADH
MAM02552	NAD+	R_MAR06644	exchange	MAM02553	NADH
MAM02552	NAD+	R_MAR06646	exchange	MAM02553	NADH
MAM02552	NAD+	R_MAR06647	exchange	MAM02553	NADH
MAM02552	NAD+	R_MAR06652	exchange	MAM02553	NADH
MAM02552	NAD+	R_MAR06674	exchange	MAM02553	NADH
MAM02552	NAD+	R_MAR06675	exchange	MAM02553	NADH
MAM02552	NAD+	R_MAR06676	exchange	MAM02553	NADH
MAM02552	NAD+	R_MAR06714	exchange	MAM02553	NADH
MAM02552	NAD+	R_MAR06721	exchange	MAM02553	NADH
MAM02552	NAD+	R_MAR06748	exchange	MAM02553	NADH
MAM02552	NAD+	R_MAR06753	exchange	MAM02553	NADH
MAM02552	NAD+	R_MAR06756	exchange	MAM02553	NADH
MAM02552	NAD+	R_MAR06760	exchange	MAM02553	NADH
MAM02552	NAD+	R_MAR06766	exchange	MAM02553	NADH
MAM02552	NAD+	R_MAR06782	exchange	MAM02553	NADH
MAM02552	NAD+	R_MAR06785	exchange	MAM02553	NADH
MAM02552	NAD+	R_MAR06790	exchange	MAM02553	NADH
MAM02552	NAD+	R_MAR06925	exchange	MAM02553	NADH
MAM02552	NAD+	R_MAR06953	exchange	MAM02553	NADH
MAM02552	NAD+	R_MAR06954	exchange	MAM02553	NADH
MAM02552	NAD+	R_MAR06965	exchange	MAM02553	NADH
MAM02552	NAD+	R_MAR06973	exchange	MAM02553	NADH
MAM02552	NAD+	R_MAR06981	exchange	MAM02553	NADH
MAM02552	NAD+	R_MAR07035	exchange	MAM02553	NADH
MAM02552	NAD+	R_MAR07038	exchange	MAM02553	NADH
MAM02552	NAD+	R_MAR07930	exchange	MAM02553	NADH
MAM02552	NAD+	R_MAR07931	exchange	MAM02553	NADH
MAM02552	NAD+	R_MAR07939	exchange	MAM02553	NADH
MAM02552	NAD+	R_MAR07943	exchange	MAM02553	NADH
MAM02552	NAD+	R_MAR07954	exchange	MAM02553	NADH
MAM02552	NAD+	R_MAR07955	exchange	MAM02553	NADH
MAM02552	NAD+	R_MAR07968	exchange	MAM02553	NADH
MAM02552	NAD+	R_MAR07971	exchange	MAM02553	NADH
MAM02552	NAD+	R_MAR07973	exchange	MAM02553	NADH
MAM02552	NAD+	R_MAR07993	exchange	MAM02553	NADH
MAM02552	NAD+	R_MAR08019	exchange	MAM02553	NADH
MAM02552	NAD+	R_MAR08068	exchange	MAM02553	NADH
MAM02552	NAD+	R_MAR08069	exchange	MAM02553	NADH
MAM02552	NAD+	R_MAR08097	exchange	MAM02553	NADH
MAM02552	NAD+	R_MAR08144	exchange	MAM02553	NADH
MAM02552	NAD+	R_MAR08342	exchange	MAM02553	NADH
MAM02552	NAD+	R_MAR08349	exchange	MAM02553	NADH
MAM02552	NAD+	R_MAR08352	exchange	MAM02553	NADH
MAM02552	NAD+	R_MAR08357	exchange	MAM02553	NADH
MAM02552	NAD+	R_MAR08440	exchange	MAM02553	NADH
MAM02552	NAD+	R_MAR08442	exchange	MAM02553	NADH
MAM02552	NAD+	R_MAR08502	exchange	MAM02553	NADH
MAM02552	NAD+	R_MAR08503	exchange	MAM02553	NADH
MAM02552	NAD+	R_MAR08504	exchange	MAM02553	NADH
MAM02552	NAD+	R_MAR08506	exchange	MAM02553	NADH
MAM02552	NAD+	R_MAR08507	exchange	MAM02553	NADH
MAM02552	NAD+	R_MAR08508	exchange	MAM02553	NADH
MAM02552	NAD+	R_MAR08512	exchange	MAM02553	NADH
MAM02552	NAD+	R_MAR08530	exchange	MAM02553	NADH
MAM02552	NAD+	R_MAR08563	exchange	MAM02553	NADH
MAM02552	NAD+	R_MAR08605	exchange	MAM02553	NADH
MAM02552	NAD+	R_MAR08613	exchange	MAM02553	NADH
MAM02552	NAD+	R_MAR08615	exchange	MAM02553	NADH
MAM02552	NAD+	R_MAR08653	exchange	MAM02553	NADH
MAM02552	NAD+	R_MAR08685	exchange	MAM02553	NADH
MAM02552	NAD+	R_MAR08710	exchange	MAM02553	NADH
MAM02552	NAD+	R_MAR08775	exchange	MAM02553	NADH
MAM02552	NAD+	R_MAR08778	exchange	MAM02553	NADH
MAM02552	NAD+	R_MAR08780	exchange	MAM02553	NADH
MAM02552	NAD+	R_MAR08782	exchange	MAM02553	NADH
MAM02552	NAD+	R_MAR08784	exchange	MAM02553	NADH
MAM02552	NAD+	R_MAR08786	exchange	MAM02553	NADH
MAM02552	NAD+	R_MAR08981	exchange	MAM02553	NADH
MAM02552	NAD+	R_MAR09470	exchange	MAM02553	NADH
MAM02552	NAD+	R_MAR09538	exchange	MAM02553	NADH
MAM02552	NAD+	R_MAR09563	exchange	MAM02553	NADH
MAM02552	NAD+	R_MAR09564	exchange	MAM02553	NADH
MAM02552	NAD+	R_MAR09719	exchange	MAM02553	NADH
MAM02552	NAD+	R_MAR09722	exchange	MAM02553	NADH
MAM02552	NAD+	R_MAR09934	exchange	MAM02553	NADH
MAM02552	NAD+	R_MAR09935	exchange	MAM02553	NADH
MAM02552	NAD+	R_MAR09936	exchange	MAM02553	NADH
MAM02552	NAD+	R_MAR09938	exchange	MAM02553	NADH
MAM02552	NAD+	R_MAR09992	exchange	MAM02553	NADH
MAM02552	NAD+	R_MAR10066	exchange	MAM02553	NADH
MAM02552	NAD+	R_MAR11369	exchange	MAM02553	NADH
MAM02552	NAD+	R_MAR11462	exchange	MAM02553	NADH
MAM02552	NAD+	R_MAR11463	exchange	MAM02553	NADH
MAM02552	NAD+	R_MAR11468	exchange	MAM02553	NADH
MAM02552	NAD+	R_MAR11476	exchange	MAM02553	NADH
MAM02552	NAD+	R_MAR11479	exchange	MAM02553	NADH
MAM02552	NAD+	R_MAR11489	exchange	MAM02553	NADH
MAM02552	NAD+	R_MAR11565	exchange	MAM02553	NADH
MAM02552	NAD+	R_MAR12021	exchange	MAM02553	NADH
MAM02552	NAD+	R_MAR12371	exchange	MAM02553	NADH
MAM02552	NAD+	R_MAR12372	exchange	MAM02553	NADH
MAM02552	NAD+	R_MAR12562	exchange	MAM02553	NADH
MAM02552	NAD+	R_MAR12808	exchange	MAM02553	NADH
MAM02552	NAD+	R_MAR13003	exchange	MAM02553	NADH
MAM02552	NAD+	R_MAR13083	exchange	MAM02553	NADH
MAM02552	NAD+	R_MAR20001	exchange	MAM02553	NADH
MAM02552	NAD+	R_MAR20003	exchange	MAM02553	NADH
MAM02552	NAD+	R_MAR20005	exchange	MAM02553	NADH
MAM02552	NAD+	R_MAR20006	exchange	MAM02553	NADH
MAM02552	NAD+	R_MAR20007	exchange	MAM02553	NADH
MAM02552	NAD+	R_MAR20008	exchange	MAM02553	NADH
MAM02552	NAD+	R_MAR20009	exchange	MAM02553	NADH
MAM02552	NAD+	R_MAR20010	exchange	MAM02553	NADH
MAM02552	NAD+	R_MAR20011	exchange	MAM02553	NADH
MAM02552	NAD+	R_MAR20016	exchange	MAM02553	NADH
MAM02552	NAD+	R_MAR20017	exchange	MAM02553	NADH
MAM02552	NAD+	R_MAR20039	exchange	MAM02553	NADH
MAM02552	NAD+	R_MAR20043	exchange	MAM02553	NADH
MAM02552	NAD+	R_MAR20046	exchange	MAM02553	NADH
MAM02552	NAD+	R_MAR20047	exchange	MAM02553	NADH
MAM02552	NAD+	R_MAR20048	exchange	MAM02553	NADH
MAM02552	NAD+	R_MAR20049	exchange	MAM02553	NADH
MAM02552	NAD+	R_MAR20050	exchange	MAM02553	NADH
MAM02552	NAD+	R_MAR20051	exchange	MAM02553	NADH
MAM02552	NAD+	R_MAR20053	exchange	MAM02553	NADH
MAM02552	NAD+	R_MAR20054	exchange	MAM02553	NADH
MAM02552	NAD+	R_MAR20055	exchange	MAM02553	NADH
MAM02552	NAD+	R_MAR20056	exchange	MAM02553	NADH
MAM02552	NAD+	R_MAR20057	exchange	MAM02553	NADH
MAM02552	NAD+	R_MAR20058	exchange	MAM02553	NADH
MAM02552	NAD+	R_MAR20059	exchange	MAM02553	NADH
MAM02552	NAD+	R_MAR20060	exchange	MAM02553	NADH
MAM02552	NAD+	R_MAR20061	exchange	MAM02553	NADH
MAM02552	NAD+	R_MAR20062	exchange	MAM02553	NADH
MAM02552	NAD+	R_MAR20063	exchange	MAM02553	NADH
MAM02552	NAD+	R_MAR20064	exchange	MAM02553	NADH
MAM02552	NAD+	R_MAR20065	exchange	MAM02553	NADH
MAM02552	NAD+	R_MAR20067	exchange	MAM02553	NADH
MAM02552	NAD+	R_MAR20068	exchange	MAM02553	NADH
MAM02552	NAD+	R_MAR20190	exchange	MAM02553	NADH
MAM02552	NAD+	R_MAR01542	kept		
MAM02552	NAD+	R_MAR04260	kept		
MAM02552	NAD+	R_MAR04261	kept		
MAM02552	NAD+	R_MAR04263	kept		
MAM02552	NAD+	R_MAR04267	kept		
MAM02552	NAD+	R_MAR04268	kept		
MAM02552	NAD+	R_MAR04269	kept		
MAM02552	NAD+	R_MAR04270	kept		
MAM02552	NAD+	R_MAR04278	kept		
MAM02552	NAD+	R_MAR07142	kept		
MAM02552	NAD+	R_MAR07143	kept		
MAM02552	NAD+	R_MAR07623	kept		
MAM02552	NAD+	R_MAR07625	kept		
MAM02552	NAD+	R_MAR08790	kept		
MAM02552	NAD+	R_MAR09487	kept		
MAM02553	NADH	R_MAR00040	exchange	MAM02552	NAD+
MAM02553	NADH	R_MAR00041	exchange	MAM02552	NAD+
MAM02553	NADH	R_MAR00044	exchange	MAM02552	NAD+
MAM02553	NADH	R_MAR00047	exchange	MAM02552	NAD+
MAM02553	NADH	R_MAR00051	exchange	MAM02552	NAD+
MAM02553	NADH	R_MAR00067	exchange	MAM02552	NAD+
MAM02553	NADH	R_MAR00088	exchange	MAM02552	NAD+
MAM02553	NADH	R_MAR00114	exchange	MAM02552	NAD+
MAM02553	NADH	R_MAR00118	exchange	MAM02552	NAD+
MAM02553	NADH	R_MAR00144	exchange	MAM02552	NAD+
MAM02553	NADH	R_MAR00145	exchange	MAM02552	NAD+
MAM02553	NADH	R_MAR00146	exchange	MAM02552	NAD+
MAM02553	NADH	R_MAR00147	exchange	MAM02552	NAD+
MAM02553	NADH	R_MAR00148	exchange	MAM02552	NAD+
MAM02553	NADH	R_MAR00149	exchange	MAM02552	NAD+
MAM02553	NADH	R_MAR00150	exchange	MAM02552	NAD+
MAM02553	NADH	R_MAR00151	exchange	MAM02552	NAD+
MAM02553	NADH	R_MAR00152	exchange	MAM02552	NAD+
MAM02553	NADH	R_MAR00181	exchange	MAM02552	NAD+
MAM02553	NADH	R_MAR00186	exchange	MAM02552	NAD+
MAM02553	NADH	R_MAR00205	exchange	MAM02552	NAD+
MAM02553	NADH	R_MAR00218	exchange	MAM02552	NAD+
MAM02553	NADH	R_MAR00456	exchange	MAM02552	NAD+
MAM02553	NADH	R_MAR00459	exchange	MAM02552	NAD+
MAM02553	NADH	R_MAR00479	exchange	MAM02552	NAD+
MAM02553	NADH	R_MAR00481	exchange	MAM02552	NAD+
MAM02553	NADH	R_MAR00719	exchange	MAM02552	NAD+
MAM02553	NADH	R_MAR00751	exchange	MAM02552	NAD+
MAM02553	NADH	R_MAR00752	exchange	MAM02552	NAD+
MAM02553	NADH	R_MAR00755	exchange	MAM02552	NAD+
MAM02553	NADH	R_MAR00756	exchange	MAM02552	NAD+
MAM02553	NADH	R_MAR00757	exchange	MAM02552	NAD+
MAM02553	NADH	R_MAR00759	exchange	MAM02552	NAD+
MAM02553	NADH	R_MAR00764	exchange	MAM02552	NAD+
MAM02553	NADH	R_MAR00772	exchange	MAM02552	NAD+
MAM02553	NADH	R_MAR00774	exchange	MAM02552	NAD+
MAM02553	NADH	R_MAR00777	exchange	MAM02552	NAD+
MAM02553	NADH	R_MAR00780	exchange	MAM02552	NAD+
MAM02553	NADH	R_MAR00784	exchange	MAM02552	NAD+
MAM02553	NADH	R_MAR00785	exchange	MAM02552	NAD+
MAM02553	NADH	R_MAR00788	exchange	MAM02552	NAD+
MAM02553	NADH	R_MAR00799	exchange	MAM02552	NAD+
MAM02553	NADH	R_MAR00800	exchange	MAM02552	NAD+
MAM02553	NADH	R_MAR00818	exchange	MAM02552	NAD+
MAM02553	NADH	R_MAR00833	exchange	MAM02552	NAD+
MAM02553	NADH	R_MAR00869	exchange	MAM02552	NAD+
MAM02553	NADH	R_MAR00872	exchange	MAM02552	NAD+
MAM02553	NADH	R_MAR00874	exchange	MAM02552	NAD+
MAM02553	NADH	R_MAR00916	exchange	MAM02552	NAD+
MAM02553	NADH	R_MAR00922	exchange	MAM02552	NAD+
MAM02553	NADH	R_MAR00923	exchange	MAM02552	NAD+
MAM02553	NADH	R_MAR00927	exchange	MAM02552	NAD+
MAM02553	NADH	R_MAR00930	exchange	MAM02552	NAD+
MAM02553	NADH	R_MAR00952	exchange	MAM02552	NAD+
MAM02553	NADH	R_MAR00968	exchange	MAM02552	NAD+
MAM02553	NADH	R_MAR00970	exchange	MAM02552	NAD+
MAM02553	NADH	R_MAR00972	exchange	MAM02552	NAD+
MAM02553	NADH	R_MAR00974	exchange	MAM02552	NAD+
MAM02553	NADH	R_MAR00975	exchange	MAM02552	NAD+
MAM02553	NADH	R_MAR00977	exchange	MAM02552	NAD+
MAM02553	NADH	R_MAR00978	exchange	MAM02552	NAD+
MAM02553	NADH	R_MAR00982	exchange	MAM02552	NAD+
MAM02553	NADH	R_MAR00990	exchange	MAM02552	NAD+
MAM02553	NADH	R_MAR01001	exchange	MAM02552	NAD+
MAM02553	NADH	R_MAR01005	exchange	MAM02552	NAD+
MAM02553	NADH	R_MAR01065	exchange	MAM02552	NAD+
MAM02553	NADH	R_MAR01066	exchange	MAM02552	NAD+
MAM02553	NADH	R_MAR01067	exchange	MAM02552	NAD+
MAM02553	NADH	R_MAR01068	exchange	MAM02552	NAD+
MAM02553	NADH	R_MAR01069	exchange	MAM02552	NAD+
MAM02553	NADH	R_MAR01070	exchange	MAM02552	NAD+
MAM02553	NADH	R_MAR01074	exchange	MAM02552	NAD+
MAM02553	NADH	R_MAR01097	exchange	MAM02552	NAD+
MAM02553	NADH	R_MAR01100	exchange	MAM02552	NAD+
MAM02553	NADH	R_MAR01101	exchange	MAM02552	NAD+
MAM02553	NADH	R_MAR01103	exchange	MAM02552	NAD+
MAM02553	NADH	R_MAR01106	exchange	MAM02552	NAD+
MAM02553	NADH	R_MAR01129	exchange	MAM02552	NAD+
MAM02553	NADH	R_MAR01130	exchange	MAM02552	NAD+
MAM02553	NADH	R_MAR01131	exchange	MAM02552	NAD+
MAM02553	NADH	R_MAR01132	exchange	MAM02552	NAD+
MAM02553	NADH	R_MAR01133	exchange	MAM02552	NAD+
MAM02553	NADH	R_MAR01134	exchange	MAM02552	NAD+
MAM02553	NADH	R_MAR01165	exchange	MAM02552	NAD+
MAM02553	NADH	R_MAR01166	exchange	MAM02552	NAD+
MAM02553	NADH	R_MAR01178	exchange	MAM02552	NAD+
MAM02553	NADH	R_MAR01183	exchange	MAM02552	NAD+
MAM02553	NADH	R_MAR01208	exchange	MAM02552	NAD+
MAM02553	NADH	R_MAR01209	exchange	MAM02552	NAD+
MAM02553	NADH	R_MAR01220	exchange	MAM02552	NAD+
MAM02553	NADH	R_MAR01225	exchange	MAM02552	NAD+
MAM02553	NADH	R_MAR01228	exchange	MAM02552	NAD+
MAM02553	NADH	R_MAR01229	exchange	MAM02552	NAD+
MAM02553	NADH	R_MAR01230	exchange	MAM02552	NAD+
MAM02553	NADH	R_MAR01247	exchange	MAM02552	NAD+
MAM02553	NADH	R_MAR01257	exchange	MAM02552	NAD+
MAM02553	NADH	R_MAR01258	exchange	MAM02552	NAD+
MAM02553	NADH	R_MAR01274	exchange	MAM02552	NAD+
MAM02553	NADH	R_MAR01275	exchange	MAM02552	NAD+
MAM02553	NADH	R_MAR01288	exchange	MAM02552	NAD+
MAM02553	NADH	R_MAR01289	exchange	MAM02552	NAD+
MAM02553	NADH	R_MAR01293	exchange	MAM02552	NAD+
MAM02553	NADH	R_MAR01300	exchange	MAM02552	NAD+
MAM02553	NADH	R_MAR01317	exchange	MAM02552	NAD+
MAM02553	NADH	R_MAR01319	exchange	MAM02552	NAD+
MAM02553	NADH	R_MAR01320	exchange	MAM02552	NAD+
MAM02553	NADH	R_MAR01325	exchange	MAM02552	NAD+
MAM02553	NADH	R_MAR01328	exchange	MAM02552	NAD+
MAM02553	NADH	R_MAR01372	exchange	MAM02552	NAD+
MAM02553	NADH	R_MAR01453	exchange	MAM02552	NAD+
MAM02553	NADH	R_MAR01474	exchange	MAM02552	NAD+
MAM02553	NADH	R_MAR01496	exchange	MAM02552	NAD+
MAM02553	NADH	R_MAR01523	exchange	MAM02552	NAD+
MAM02553	NADH	R_MAR01531	exchange	MAM02552	NAD+
MAM02553	NADH	R_MAR01557	exchange	MAM02552	NAD+
MAM02553	NADH	R_MAR01568	exchange	MAM02552	NAD+
MAM02553	NADH	R_MAR01584	exchange	MAM02552	NAD+
MAM02553	NADH	R_MAR01590	exchange	MAM02552	NAD+
MAM02553	NADH	R_MAR01598	exchange	MAM02552	NAD+
MAM02553	NADH	R_MAR01600	exchange	MAM02552	NAD+
MAM02553	NADH	R_MAR01608	exchange	MAM02552	NAD+
MAM02553	NADH	R_MAR01609	exchange	MAM02552	NAD+
MAM02553	NADH	R_MAR01611	exchange	MAM02552	NAD+
MAM02553	NADH	R_MAR01613	exchange	MAM02552	NAD+
MAM02553	NADH	R_MAR01646	exchange	MAM02552	NAD+
MAM02553	NADH	R_MAR01678	exchange	MAM02552	NAD+
MAM02553	NADH	R_MAR01684	exchange	MAM02552	NAD+
MAM02553	NADH	R_MAR01689	exchange	MAM02552	NAD+
MAM02553	NADH	R_MAR01692	exchange	MAM02552	NAD+
MAM02553	NADH	R_MAR01708	exchange	MAM02552	NAD+
MAM02553	NADH	R_MAR01738	exchange	MAM02552	NAD+
MAM02553	NADH	R_MAR01766	exchange	MAM02552	NAD+
MAM02553	NADH	R_MAR01778	exchange	MAM02552	NAD+
MAM02553	NADH	R_MAR01783	exchange	MAM02552	NAD+
MAM02553	NADH	R_MAR01787	exchange	MAM02552	NAD+
MAM02553	NADH	R_MAR01803	exchange	MAM02552	NAD+
MAM02553	NADH	R_MAR01806	exchange	MAM02552	NAD+
MAM02553	NADH	R_MAR01941	exchange	MAM02552	NAD+
MAM02553	NADH	R_MAR01949	exchange	MAM02552	NAD+
MAM02553	NADH	R_MAR01951	exchange	MAM02552	NAD+
MAM02553	NADH	R_MAR01967	exchange	MAM02552	NAD+
MAM02553	NADH	R_MAR01968	exchange	MAM02552	NAD+
MAM02553	NADH	R_MAR01970	exchange	MAM02552	NAD+
MAM02553	NADH	R_MAR01971	exchange	MAM02552	NAD+
MAM02553	NADH	R_MAR01979	exchange	MAM02552	NAD+
MAM02553	NADH	R_MAR01982	exchange	MAM02552	NAD+
MAM02553	NADH	R_MAR02004	exchange	MAM02552	NAD+
MAM02553	NADH	R_MAR02005	exchange	MAM02552	NAD+
MAM02553	NADH	R_MAR02016	exchange	MAM02552	NAD+
MAM02553	NADH	R_MAR02017	exchange	MAM02552	NAD+
MAM02553	NADH	R_MAR02022	exchange	MAM02552	NAD+
MAM02553	NADH	R_MAR02024	exchange	MAM02552	NAD+
MAM02553	NADH	R_MAR02131	exchange	MAM02552	NAD+
MAM02553	NADH	R_MAR02132	exchange	MAM02552	NAD+
MAM02553	NADH	R_MAR02139	exchange	MAM02552	NAD+
MAM02553	NADH	R_MAR02140	exchange	MAM02552	NAD+
MAM02553	NADH	R_MAR02188	exchange	MAM02552	NAD+
MAM02553	NADH	R_MAR02192	exchange	MAM02552	NAD+
MAM02553	NADH	R_MAR02196	exchange	MAM02552	NAD+
MAM02553	NADH	R_MAR02410	exchange	MAM02552	NAD+
MAM02553	NADH	R_MAR02492	exchange	MAM02552	NAD+
MAM02553	NADH	R_MAR02505	exchange	MAM02552	NAD+
MAM02553	NADH	R_MAR02512	exchange	MAM02552	NAD+
MAM02553	NADH	R_MAR02767	exchange	MAM02552	NAD+
MAM02553	NADH	R_MAR02779	exchange	MAM02552	NAD+
MAM02553	NADH	R_MAR02820	exchange	MAM02552	NAD+
MAM02553	NADH	R_MAR02826	exchange	MAM02552	NAD+
MAM02553	NADH	R_MAR02828	exchange	MAM02552	NAD+
MAM02553	NADH	R_MAR02860	exchange	MAM02552	NAD+
MAM02553	NADH	R_MAR02881	exchange	MAM02552	NAD+
MAM02553	NADH	R_MAR02883	exchange	MAM02552	NAD+
MAM02553	NADH	R_MAR02885	exchange	MAM02552	NAD+
MAM02553	NADH	R_MAR03036	exchange	MAM02552	NAD+
MAM02553	NADH	R_MAR03038	exchange	MAM02552	NAD+
MAM02553	NADH	R_MAR03039	exchange	MAM02552	NAD+
MAM02553	NADH	R_MAR03040	exchange	MAM02552	NAD+
MAM02553	NADH	R_MAR03053	exchange	MAM02552	NAD+
MAM02553	NADH	R_MAR03054	exchange	MAM02552	NAD+
MAM02553	NADH	R_MAR03055	exchange	MAM02552	NAD+
MAM02553	NADH	R_MAR03056	exchange	MAM02552	NAD+
MAM02553	NADH	R_MAR03059	exchange	MAM02552	NAD+
MAM02553	NADH	R_MAR03064	exchange	MAM02552	NAD+
MAM02553	NADH	R_MAR03068	exchange	MAM02552	NAD+
MAM02553	NADH	R_MAR03072	exchange	MAM02552	NAD+
MAM02553	NADH	R_MAR03076	exchange	MAM02552	NAD+
MAM02553	NADH	R_MAR03080	exchange	MAM02552	NAD+
MAM02553	NADH	R_MAR03084	exchange	MAM02552	NAD+
MAM02553	NADH	R_MAR03088	exchange	MAM02552	NAD+
MAM02553	NADH	R_MAR03092	exchange	MAM02552	NAD+
MAM02553	NADH	R_MAR03096	exchange	MAM02552	NAD+
MAM02553	NADH	R_MAR03100	exchange	MAM02552	NAD+
MAM02553	NADH	R_MAR03104	exchange	MAM02552	NAD+
MAM02553	NADH	R_MAR03109	exchange	MAM02552	NAD+
MAM02553	NADH	R_MAR03113	exchange	MAM02552	NAD+
MAM02553	NADH	R_MAR03117	exchange	MAM02552	NAD+
MAM02553	NADH	R_MAR03123	exchange	MAM02552	NAD+
MAM02553	NADH	R_MAR03130	exchange	MAM02552	NAD+
MAM02553	NADH	R_MAR03137	exchange	MAM02552	NAD+
MAM02553	NADH	R_MAR03144	exchange	MAM02552	NAD+
MAM02553	NADH	R_MAR03151	exchange	MAM02552	NAD+
MAM02553	NADH	R_MAR03158	exchange	MAM02552	NAD+
MAM02553	NADH	R_MAR03166	exchange	MAM02552	NAD+
MAM02553	NADH	R_MAR03172	exchange	MAM02552	NAD+
MAM02553	NADH	R_MAR03176	exchange	MAM02552	NAD+
MAM02553	NADH	R_MAR03180	exchange	MAM02552	NAD+
MAM02553	NADH	R_MAR03184	exchange	MAM02552	NAD+
MAM02553	NADH	R_MAR03188	exchange	MAM02552	NAD+
MAM02553	NADH	R_MAR03192	exchange	MAM02552	NAD+
MAM02553	NADH	R_MAR03196	exchange	MAM02552	NAD+
MAM02553	NADH	R_MAR03200	exchange	MAM02552	NAD+
MAM02553	NADH	R_MAR03204	exchange	MAM02552	NAD+
MAM02553	NADH	R_MAR03209	exchange	MAM02552	NAD+
MAM02553	NADH	R_MAR03220	exchange	MAM02552	NAD+
MAM02553	NADH	R_MAR03224	exchange	MAM02552	NAD+
MAM02553	NADH	R_MAR03228	exchange	MAM02552	NAD+
MAM02553	NADH	R_MAR03232	exchange	MAM02552	NAD+
MAM02553	NADH	R_MAR03236	exchange	MAM02552	NAD+
MAM02553	NADH	R_MAR03238	exchange	MAM02552	NAD+
MAM02553	NADH	R_MAR03242	exchange	MAM02552	NAD+
MAM02553	NADH	R_MAR03246	exchange	MAM02552	NAD+
MAM02553	NADH	R_MAR03254	exchange	MAM02552	NAD+
MAM02553	NADH	R_MAR03259	exchange	MAM02552	NAD+
MAM02553	NADH	R_MAR03262	exchange	MAM02552	NAD+
MAM02553	NADH	R_MAR03266	exchange	MAM02552	NAD+
MAM02553	NADH	R_MAR03267	exchange	MAM02552	NAD+
MAM02553	NADH	R_MAR03268	exchange	MAM02552	NAD+
MAM02553	NADH	R_MAR03269	exchange	MAM02552	NAD+
MAM02553	NADH	R_MAR03270	exchange	MAM02552	NAD+
MAM02553	NADH	R_MAR03278	exchange	MAM02552	NAD+
MAM02553	NADH	R_MAR03282	exchange	MAM02552	NAD+
MAM02553	NADH	R_MAR03286	exchange	MAM02552	NAD+
MAM02553	NADH	R_MAR03292	exchange	MAM02552	NAD+
MAM02553	NADH	R_MAR03304	exchange	MAM02552	NAD+
MAM02553	NADH	R_MAR03309	exchange	MAM02552	NAD+
MAM02553	NADH	R_MAR03314	exchange	MAM02552	NAD+
MAM02553	NADH	R_MAR03319	exchange	MAM02552	NAD+
MAM02553	NADH	R_MAR03328	exchange	MAM02552	NAD+
MAM02553	NADH	R_MAR03332	exchange	MAM02552	NAD+
MAM02553	NADH	R_MAR03336	exchange	MAM02552	NAD+
MAM02553	NADH	R_MAR03340	exchange	MAM02552	NAD+
MAM02553	NADH	R_MAR03344	exchange	MAM02552	NAD+
MAM02553	NADH	R_MAR03348	exchange	MAM02552	NAD+
MAM02553	NADH	R_MAR03352	exchange	MAM02552	NAD+
MAM02553	NADH	R_MAR03358	exchange	MAM02552	NAD+
MAM02553	NADH	R_MAR03362	exchange	MAM02552	NAD+
MAM02553	NADH	R_MAR03367	exchange	MAM02552	NAD+
MAM02553	NADH	R_MAR03372	exchange	MAM02552	NAD+
MAM02553	NADH	R_MAR03380	exchange	MAM02552	NAD+
MAM02553	NADH	R_MAR03386	exchange	MAM02552	NAD+
MAM02553	NADH	R_MAR03396	exchange	MAM02552	NAD+
MAM02553	NADH	R_MAR03397	exchange	MAM02552	NAD+
MAM02553	NADH	R_MAR03398	exchange	MAM02552	NAD+
MAM02553	NADH	R_MAR03400	exchange	MAM02552	NAD+
MAM02553	NADH	R_MAR03406	exchange	MAM02552	NAD+
MAM02553	NADH	R_MAR03407	exchange	MAM02552	NAD+
MAM02553	NADH	R_MAR03408	exchange	MAM02552	NAD+
MAM02553	NADH	R_MAR03409	exchange	MAM02552	NAD+
MAM02553	NADH	R_MAR03411	exchange	MAM02552	NAD+
MAM02553	NADH	R_MAR03413	exchange	MAM02552	NAD+
MAM02553	NADH	R_MAR03414	exchange	MAM02552	NAD+
MAM02553	NADH	R_MAR03416	exchange	MAM02552	NAD+
MAM02553	NADH	R_MAR03421	exchange	MAM02552	NAD+
MAM02553	NADH	R_MAR03423	exchange	MAM02552	NAD+
MAM02553	NADH	R_MAR03424	exchange	MAM02552	NAD+
MAM02553	NADH	R_MAR03425	exchange	MAM02552	NAD+
MAM02553	NADH	R_MAR03427	exchange	MAM02552	NAD+
MAM02553	NADH	R_MAR03428	exchange	MAM02552	NAD+
MAM02553	NADH	R_MAR03429	exchange	MAM02552	NAD+
MAM02553	NADH	R_MAR03430	exchange	MAM02552	NAD+
MAM02553	NADH	R_MAR03431	exchange	MAM02552	NAD+
MAM02553	NADH	R_MAR03432	exchange	MAM02552	NAD+
MAM02553	NADH	R_MAR03433	exchange	MAM02552	NAD+
MAM02553	NADH	R_MAR03450	exchange	MAM02552	NAD+
MAM02553	NADH	R_MAR03454	exchange	MAM02552	NAD+
MAM02553	NADH	R_MAR03464	exchange	MAM02552	NAD+
MAM02553	NADH	R_MAR03468	exchange	MAM02552	NAD+
MAM02553	NADH	R_MAR03488	exchange	MAM02552	NAD+
MAM02553	NADH	R_MAR03503	exchange	MAM02552	NAD+
MAM02553	NADH	R_MAR03509	exchange	MAM02552	NAD+
MAM02553	NADH	R_MAR03514	exchange	MAM02552	NAD+
MAM02553	NADH	R_MAR03524	exchange	MAM02552	NAD+
MAM02553	NADH	R_MAR03529	exchange	MAM02552	NAD+
MAM02553	NADH	R_MAR03533	exchange	MAM02552	NAD+
MAM02553	NADH	R_MAR03599	exchange	MAM02552	NAD+
MAM02553	NADH	R_MAR03757	exchange	MAM02552	NAD+
MAM02553	NADH	R_MAR03758	exchange	MAM02552	NAD+
MAM02553	NADH	R_MAR03759	exchange	MAM02552	NAD+
MAM02553	NADH	R_MAR03761	exchange	MAM02552	NAD+
MAM02553	NADH	R_MAR03764	exchange	MAM02552	NAD+
MAM02553	NADH	R_MAR03795	exchange	MAM02552	NAD+
MAM02553	NADH	R_MAR03802	exchange	MAM02552	NAD+
MAM02553	NADH	R_MAR03806	exchange	MAM02552	NAD+
MAM02553	NADH	R_MAR03808	exchange	MAM02552	NAD+
MAM02553	NADH	R_MAR03812	exchange	MAM02552	NAD+
MAM02553	NADH	R_MAR03815	exchange	MAM02552	NAD+
MAM02553	NADH	R_MAR03817	exchange	MAM02552	NAD+
MAM02553	NADH	R_MAR03821	exchange	MAM02552	NAD+
MAM02553	NADH	R_MAR03822	exchange	MAM02552	NAD+
MAM02553	NADH	R_MAR03823	exchange	MAM02552	NAD+
MAM02553	NADH	R_MAR03835	exchange	MAM02552	NAD+
MAM02553	NADH	R_MAR03837	exchange	MAM02552	NAD+
MAM02553	NADH	R_MAR03839	exchange	MAM02552	NAD+
MAM02553	NADH	R_MAR03854	exchange	MAM02552	NAD+
MAM02553	NADH	R_MAR03856	exchange	MAM02552	NAD+
MAM02553	NADH	R_MAR03868	exchange	MAM02552	NAD+
MAM02553	NADH	R_MAR03869	exchange	MAM02552	NAD+
MAM02553	NADH	R_MAR03876	exchange	MAM02552	NAD+
MAM02553	NADH	R_MAR03905	exchange	MAM02552	NAD+
MAM02553	NADH	R_MAR03925	exchange	MAM02552	NAD+
MAM02553	NADH	R_MAR03933	exchange	MAM02552	NAD+
MAM02553	NADH	R_MAR03957	exchange	MAM02552	NAD+
MAM02553	NADH	R_MAR03983	exchange	MAM02552	NAD+
MAM02553	NADH	R_MAR03996	exchange	MAM02552	NAD+
MAM02553	NADH	R_MAR04040	exchange	MAM02552	NAD+
MAM02553	NADH	R_MAR04087	exchange	MAM02552	NAD+
MAM02553	NADH	R_MAR04122	exchange	MAM02552	NAD+
MAM02553	NADH	R_MAR04139	exchange	MAM02552	NAD+
MAM02553	NADH	R_MAR04141	exchange	MAM02552	NAD+
MAM02553	NADH	R_MAR04202	exchange	MAM02552	NAD+
MAM02553	NADH	R_MAR04233	exchange	MAM02552	NAD+
MAM02553	NADH	R_MAR04280	exchange	MAM02552	NAD+
MAM02553	NADH	R_MAR04281	exchange	MAM02552	NAD+
MAM02553	NADH	R_MAR04282	exchange	MAM02552	NAD+
MAM02553	NADH	R_MAR04285	exchange	MAM02552	NAD+
MAM02553	NADH	R_MAR04315	exchange	MAM02552	NAD+
MAM02553	NADH	R_MAR04332	exchange	MAM02552	NAD+
MAM02553	NADH	R_MAR04344	exchange	MAM02552	NAD+
MAM02553	NADH	R_MAR04373	exchange	MAM02552	NAD+
MAM02553	NADH	R_MAR04388	exchange	MAM02552	NAD+
MAM02553	NADH	R_MAR04400	exchange	MAM02552	NAD+
MAM02553	NADH	R_MAR04431	exchange	MAM02552	NAD+
MAM02553	NADH	R_MAR04440	exchange	MAM02552	NAD+
MAM02553	NADH	R_MAR04448	exchange	MAM02552	NAD+
MAM02553	NADH	R_MAR04461	exchange	MAM02552	NAD+
MAM02553	NADH	R_MAR04470	exchange	MAM02552	NAD+
MAM02553	NADH	R_MAR04471	exchange	MAM02552	NAD+
MAM02553	NADH	R_MAR04497	exchange	MAM02552	NAD+
MAM02553	NADH	R_MAR04519	exchange	MAM02552	NAD+
MAM02553	NADH	R_MAR04531	exchange	MAM02552	NAD+
MAM02553	NADH	R_MAR04533	exchange	MAM02552	NAD+
MAM02553	NADH	R_MAR04559	exchange	MAM02552	NAD+
MAM02553	NADH	R_MAR04591	exchange	MAM02552	NAD+
MAM02553	NADH	R_MAR04593	exchange	MAM02552	NAD+
MAM02553	NADH	R_MAR04646	exchange	MAM02552	NAD+
MAM02553	NADH	R_MAR04648	exchange	MAM02552	NAD+
MAM02553	NADH	R_MAR04654	exchange	MAM02552	NAD+
MAM02553	NADH	R_MAR04667	exchange	MAM02552	NAD+
MAM02553	NADH	R_MAR04683	exchange	MAM02552	NAD+
MAM02553	NADH	R_MAR04685	exchange	MAM02552	NAD+
MAM02553	NADH	R_MAR04688	exchange	MAM02552	NAD+
MAM02553	NADH	R_MAR04689	exchange	MAM02552	NAD+
MAM02553	NADH	R_MAR04696	exchange	MAM02552	NAD+
MAM02553	NADH	R_MAR04697	exchange	MAM02552	NAD+
MAM02553	NADH	R_MAR04703	exchange	MAM02552	NAD+
MAM02553	NADH	R_MAR04737	exchange	MAM02552	NAD+
MAM02553	NADH	R_MAR04739	exchange	MAM02552	NAD+
MAM02553	NADH	R_MAR04764	exchange	MAM02552	NAD+
MAM02553	NADH	R_MAR04778	exchange	MAM02552	NAD+
MAM02553	NADH	R_MAR04779	exchange	MAM02552	NAD+
MAM02553	NADH	R_MAR04784	exchange	MAM02552	NAD+
MAM02553	NADH	R_MAR04797	exchange	MAM02552	NAD+
MAM02553	NADH	R_MAR04831	exchange	MAM02552	NAD+
MAM02553	NADH	R_MAR04841	exchange	MAM02552	NAD+
MAM02553	NADH	R_MAR04968	exchange	MAM02552	NAD+
MAM02553	NADH	R_MAR04984	exchange	MAM02552	NAD+
MAM02553	NADH	R_MAR04987	exchange	MAM02552	NAD+
MAM02553	NADH	R_MAR05025	exchange	MAM02552	NAD+
MAM02553	NADH	R_MAR05026	exchange	MAM02552	NAD+
MAM02553	NADH	R_MAR05028	exchange	MAM02552	NAD+
MAM02553	NADH	R_MAR05030	exchange	MAM02552	NAD+
MAM02553	NADH	R_MAR05044	exchange	MAM02552	NAD+
MAM02553	NADH	R_MAR05069	exchange	MAM02552	NAD+
MAM02553	NADH	R_MAR05083	exchange	MAM02552	NAD+
MAM02553	NADH	R_MAR05086	exchange	MAM02552	NAD+
MAM02553	NADH	R_MAR05095	exchange	MAM02552	NAD+
MAM02553	NADH	R_MAR05097	exchange	MAM02552	NAD+
MAM02553	NADH	R_MAR05100	exchange	MAM02552	NAD+
MAM02553	NADH	R_MAR05108	exchange	MAM02552	NAD+
MAM02553	NADH	R_MAR05110	exchange	MAM02552	NAD+
MAM02553	NADH	R_MAR05111	exchange	MAM02552	NAD+
MAM02553	NADH	R_MAR05119	exchange	MAM02552	NAD+
MAM02553	NADH	R_MAR05175	exchange	MAM02552	NAD+
MAM02553	NADH	R_MAR05177	exchange	MAM02552	NAD+
MAM02553	NADH	R_MAR05178	exchange	MAM02552	NAD+
MAM02553	NADH	R_MAR05179	exchange	MAM02552	NAD+
MAM02553	NADH	R_MAR05180	exchange	MAM02552	NAD+
MAM02553	NADH	R_MAR05182	exchange	MAM02552	NAD+
MAM02553	NADH	R_MAR05184	exchange	MAM02552	NAD+
MAM02553	NADH	R_MAR05185	exchange	MAM02552	NAD+
MAM02553	NADH	R_MAR05188	exchange	MAM02552	NAD+
MAM02553	NADH	R_MAR05189	exchange	MAM02552	NAD+
MAM02553	NADH	R_MAR05193	exchange	MAM02552	NAD+
MAM02553	NADH	R_MAR05194	exchange	MAM02552	NAD+
MAM02553	NADH	R_MAR05242	exchange	MAM02552	NAD+
MAM02553	NADH	R_MAR05256	exchange	MAM02552	NAD+
MAM02553	NADH	R_MAR05325	exchange	MAM02552	NAD+
MAM02553	NADH	R_MAR05327	exchange	MAM02552	NAD+
MAM02553	NADH	R_MAR05331	exchange	MAM02552	NAD+
MAM02553	NADH	R_MAR05343	exchange	MAM02552	NAD+
MAM02553	NADH	R_MAR05345	exchange	MAM02552	NAD+
MAM02553	NADH	R_MAR05350	exchange	MAM02552	NAD+
MAM02553	NADH	R_MAR05351	exchange	MAM02552	NAD+
MAM02553	NADH	R_MAR05359	exchange	MAM02552	NAD+
MAM02553	NADH	R_MAR05360	exchange	MAM02552	NAD+
MAM02553	NADH	R_MAR05364	exchange	MAM02552	NAD+
MAM02553	NADH	R_MAR05365	exchange	MAM02552	NAD+
MAM02553	NADH	R_MAR05366	exchange	MAM02552	NAD+
MAM02553	NADH	R_MAR05369	exchange	MAM02552	NAD+
MAM02553	NADH	R_MAR05372	exchange	MAM02552	NAD+
MAM02553	NADH	R_MAR05373	exchange	MAM02552	NAD+
MAM02553	NADH	R_MAR05375	exchange	MAM02552	NAD+
MAM02553	NADH	R_MAR05376	exchange	MAM02552	NAD+
MAM02553	NADH	R_MAR05377	exchange	MAM02552	NAD+
MAM02553	NADH	R_MAR05378	exchange	MAM02552	NAD+
MAM02553	NADH	R_MAR05379	exchange	MAM02552	NAD+
MAM02553	NADH	R_MAR05403	exchange	MAM02552	NAD+
MAM02553	NADH	R_MAR05421	exchange	MAM02552	NAD+
MAM02553	NADH	R_MAR05428	exchange	MAM02552	NAD+
MAM02553	NADH	R_MAR05431	exchange	MAM02552	NAD+
MAM02553	NADH	R_MAR05988	exchange	MAM02552	NAD+
MAM02553	NADH	R_MAR06280	exchange	MAM02552	NAD+
MAM02553	NADH	R_MAR06284	exchange	MAM02552	NAD+
MAM02553	NADH	R_MAR06285	exchange	MAM02552	NAD+
MAM02553	NADH	R_MAR06319	exchange	MAM02552	NAD+
MAM02553	NADH	R_MAR06320	exchange	MAM02552	NAD+
MAM02553	NADH	R_MAR06322	exchange	MAM02552	NAD+
MAM02553	NADH	R_MAR06344	exchange	MAM02552	NAD+
MAM02553	NADH	R_MAR06345	exchange	MAM02552	NAD+
MAM02553	NADH	R_MAR06346	exchange	MAM02552	NAD+
MAM02553	NADH	R_MAR06347	exchange	MAM02552	NAD+
MAM02553	NADH	R_MAR06349	exchange	MAM02552	NAD+
MAM02553	NADH	R_MAR06350	exchange	MAM02552	NAD+
MAM02553	NADH	R_MAR06376	exchange	MAM02552	NAD+
MAM02553	NADH	R_MAR06397	exchange	MAM02552	NAD+
MAM02553	NADH	R_MAR06404	exchange	MAM02552	NAD+
MAM02553	NADH	R_MAR06407	exchange	MAM02552	NAD+
MAM02553	NADH	R_MAR06409	exchange	MAM02552	NAD+
MAM02553	NADH	R_MAR06432	exchange	MAM02552	NAD+
MAM02553	NADH	R_MAR06433	exchange	MAM02552	NAD+
MAM02553	NADH	R_MAR06434	exchange	MAM02552	NAD+
MAM02553	NADH	R_MAR06436	exchange	MAM02552	NAD+
MAM02553	NADH	R_MAR06437	exchange	MAM02552	NAD+
MAM02553	NADH	R_MAR06447	exchange	MAM02552	NAD+
MAM02553	NADH	R_MAR06448	exchange	MAM02552	NAD+
MAM02553	NADH	R_MAR06449	exchange	MAM02552	NAD+
MAM02553	NADH	R_MAR06450	exchange	MAM02552	NAD+
MAM02553	NADH	R_MAR06452	exchange	MAM02552	NAD+
MAM02553	NADH	R_MAR06453	exchange	MAM02552	NAD+
MAM02553	NADH	R_MAR06470	exchange	MAM02552	NAD+
MAM02553	NADH	R_MAR06471	exchange	MAM02552	NAD+
MAM02553	NADH	R_MAR06472	exchange	MAM02552	NAD+
MAM02553	NADH	R_MAR06473	exchange	MAM02552	NAD+
MAM02553	NADH	R_MAR06482	exchange	MAM02552	NAD+
MAM02553	NADH	R_MAR06483	exchange	MAM02552	NAD+
MAM02553	NADH	R_MAR06484	exchange	MAM02552	NAD+
MAM02553	NADH	R_MAR06486	exchange	MAM02552	NAD+
MAM02553	NADH	R_MAR06488	exchange	MAM02552	NAD+
MAM02553	NADH	R_MAR06500	exchange	MAM02552	NAD+
MAM02553	NADH	R_MAR06519	exchange	MAM02552	NAD+
MAM02553	NADH	R_MAR06631	exchange	MAM02552	NAD+
MAM02553	NADH	R_MAR06633	exchange	MAM02552	NAD+
MAM02553	NADH	R_MAR06638	exchange	MAM02552	NAD+
MAM02553	NADH	R_MAR06644	exchange	MAM02552	NAD+
MAM02553	NADH	R_MAR06646	exchange	MAM02552	NAD+
MAM02553	NADH	R_MAR06647	exchange	MAM02552	NAD+
MAM02553	NADH	R_MAR06652	exchange	MAM02552	NAD+
MAM02553	NADH	R_MAR06674	exchange	MAM02552	NAD+
MAM02553	NADH	R_MAR06675	exchange	MAM02552	NAD+
MAM02553	NADH	R_MAR06676	exchange	MAM02552	NAD+
MAM02553	NADH	R_MAR06714	exchange	MAM02552	NAD+
MAM02553	NADH	R_MAR06721	exchange	MAM02552	NAD+
MAM02553	NADH	R_MAR06748	exchange	MAM02552	NAD+
MAM02553	NADH	R_MAR06753	exchange	MAM02552	NAD+
MAM02553	NADH	R_MAR06756	exchange	MAM02552	NAD+
MAM02553	NADH	R_MAR06760	exchange	MAM02552	NAD+
MAM02553	NADH	R_MAR06766	exchange	MAM02552	NAD+
MAM02553	NADH	R_MAR06782	exchange	MAM02552	NAD+
MAM02553	NADH	R_MAR06785	exchange	MAM02552	NAD+
MAM02553	NADH	R_MAR06790	exchange	MAM02552	NAD+
MAM02553	NADH	R_MAR06925	exchange	MAM02552	NAD+
MAM02553	NADH	R_MAR06953	exchange	MAM02552	NAD+
MAM02553	NADH	R_MAR06954	exchange	MAM02552	NAD+
MAM02553	NADH	R_MAR06965	exchange	MAM02552	NAD+
MAM02553	NADH	R_MAR06973	exchange	MAM02552	NAD+
MAM02553	NADH	R_MAR06981	exchange	MAM02552	NAD+
MAM02553	NADH	R_MAR07035	exchange	MAM02552	NAD+
MAM02553	NADH	R_MAR07038	exchange	MAM02552	NAD+
MAM02553	NADH	R_MAR07930	exchange	MAM02552	NAD+
MAM02553	NADH	R_MAR07931	exchange	MAM02552	NAD+
MAM02553	NADH	R_MAR07939	exchange	MAM02552	NAD+
MAM02553	NADH	R_MAR07943	exchange	MAM02552	NAD+
MAM02553	NADH	R_MAR07954	exchange	MAM02552	NAD+
MAM02553	NADH	R_MAR07955	exchange	MAM02552	NAD+
MAM02553	NADH	R_MAR07968	exchange	MAM02552	NAD+
MAM02553	NADH	R_MAR07971	exchange	MAM02552	NAD+
MAM02553	NADH	R_MAR07973	exchange	MAM02552	NAD+
MAM02553	NADH	R_MAR07993	exchange	MAM02552	NAD+
MAM02553	NADH	R_MAR08019	exchange	MAM02552	NAD+
MAM02553	NADH	R_MAR08068	exchange	MAM02552	NAD+
MAM02553	NADH	R_MAR08069	exchange	MAM02552	NAD+
MAM02553	NADH	R_MAR08097	exchange	MAM02552	NAD+
MAM02553	NADH	R_MAR08144	exchange	MAM02552	NAD+
MAM02553	NADH	R_MAR08342	exchange	MAM02552	NAD+
MAM02553	NADH	R_MAR08349	exchange	MAM02552	NAD+
MAM02553	NADH	R_MAR08352	exchange	MAM02552	NAD+
MAM02553	NADH	R_MAR08357	exchange	MAM02552	NAD+
MAM02553	NADH	R_MAR08440	exchange	MAM02552	NAD+
MAM02553	NADH	R_MAR08442	exchange	MAM02552	NAD+
MAM02553	NADH	R_MAR08502	exchange	MAM02552	NAD+
MAM02553	NADH	R_MAR08503	exchange	MAM02552	NAD+
MAM02553	NADH	R_MAR08504	exchange	MAM02552	NAD+
MAM02553	NADH	R_MAR08506	exchange	MAM02552	NAD+
MAM02553	NADH	R_MAR08507	exchange	MAM02552	NAD+
MAM02553	NADH	R_MAR08508	exchange	MAM02552	NAD+
MAM02553	NADH	R_MAR08512	exchange	MAM02552	NAD+
MAM02553	NADH	R_MAR08530	exchange	MAM02552	NAD+
MAM02553	NADH	R_MAR08563	exchange	MAM02552	NAD+
MAM02553	NADH	R_MAR08605	exchange	MAM02552	NAD+
MAM02553	NADH	R_MAR08613	exchange	MAM02552	NAD+
MAM02553	NADH	R_MAR08615	exchange	MAM02552	NAD+
MAM02553	NADH	R_MAR08653	exchange	MAM02552	NAD+
MAM02553	NADH	R_MAR08685	exchange	MAM02552	NAD+
MAM02553	NADH	R_MAR08710	exchange	MAM02552	NAD+
MAM02553	NADH	R_MAR08775	exchange	MAM02552	NAD+
MAM02553	NADH	R_MAR08778	exchange	MAM02552	NAD+
MAM02553	NADH	R_MAR08780	exchange	MAM02552	NAD+
MAM02553	NADH	R_MAR08782	exchange	MAM02552	NAD+
MAM02553	NADH	R_MAR08784	exchange	MAM02552	NAD+
MAM02553	NADH	R_MAR08786	exchange	MAM02552	NAD+
MAM02553	NADH	R_MAR08981	exchange	MAM02552	NAD+
MAM02553	NADH	R_MAR09470	exchange	MAM02552	NAD+
MAM02553	NADH	R_MAR09538	exchange	MAM02552	NAD+
MAM02553	NADH	R_MAR09563	exchange	MAM02552	NAD+
MAM02553	NADH	R_MAR09564	exchange	MAM02552	NAD+
MAM02553	NADH	R_MAR09719	exchange	MAM02552	NAD+
MAM02553	NADH	R_MAR09722	exchange	MAM02552	NAD+
MAM02553	NADH	R_MAR09934	exchange	MAM02552	NAD+
MAM02553	NADH	R_MAR09935	exchange	MAM02552	NAD+
MAM02553	NADH	R_MAR09936	exchange	MAM02552	NAD+
MAM02553	NADH	R_MAR09938	exchange	MAM02552	NAD+
MAM02553	NADH	R_MAR09992	exchange	MAM02552	NAD+
MAM02553	NADH	R_MAR10066	exchange	MAM02552	NAD+
MAM02553	NADH	R_MAR11369	exchange	MAM02552	NAD+
MAM02553	NADH	R_MAR11462	exchange	MAM02552	NAD+
MAM02553	NADH	R_MAR11463	exchange	MAM02552	NAD+
MAM02553	NADH	R_MAR11468	exchange	MAM02552	NAD+
MAM02553	NADH	R_MAR11476	exchange	MAM02552	NAD+
MAM02553	NADH	R_MAR11479	exchange	MAM02552	NAD+
MAM02553	NADH	R_MAR11489	exchange	MAM02552	NAD+
MAM02553	NADH	R_MAR11565	exchange	MAM02552	NAD+
MAM02553	NADH	R_MAR12021	exchange	MAM02552	NAD+
MAM02553	NADH	R_MAR12371	exchange	MAM02552	NAD+
MAM02553	NADH	R_MAR12372	exchange	MAM02552	NAD+
MAM02553	NADH	R_MAR12562	exchange	MAM02552	NAD+
MAM02553	NADH	R_MAR12808	exchange	MAM02552	NAD+
MAM02553	NADH	R_MAR13003	exchange	MAM02552	NAD+
MAM02553	NADH	R_MAR13083	exchange	MAM02552	NAD+
MAM02553	NADH	R_MAR20001	exchange	MAM02552	NAD+
MAM02553	NADH	R_MAR20003	exchange	MAM02552	NAD+
MAM02553	NADH	R_MAR20005	exchange	MAM02552	NAD+
MAM02553	NADH	R_MAR20006	exchange	MAM02552	NAD+
MAM02553	NADH	R_MAR20007	exchange	MAM02552	NAD+
MAM02553	NADH	R_MAR20008	exchange	MAM02552	NAD+
MAM02553	NADH	R_MAR20009	exchange	MAM02552	NAD+
MAM02553	NADH	R_MAR20010	exchange	MAM02552	NAD+
MAM02553	NADH	R_MAR20011	exchange	MAM02552	NAD+
MAM02553	NADH	R_MAR20016	exchange	MAM02552	NAD+
MAM02553	NADH	R_MAR20017	exchange	MAM02552	NAD+
MAM02553	NADH	R_MAR20039	exchange	MAM02552	NAD+
MAM02553	NADH	R_MAR20043	exchange	MAM02552	NAD+
MAM02553	NADH	R_MAR20046	exchange	MAM02552	NAD+
MAM02553	NADH	R_MAR20047	exchange	MAM02552	NAD+
MAM02553	NADH	R_MAR20048	exchange	MAM02552	NAD+
MAM02553	NADH	R_MAR20049	exchange	MAM02552	NAD+
MAM02553	NADH	R_MAR20050	exchange	MAM02552	NAD+
MAM02553	NADH	R_MAR20051	exchange	MAM02552	NAD+
MAM02553	NADH	R_MAR20053	exchange	MAM02552	NAD+
MAM02553	NADH	R_MAR20054	exchange	MAM02552	NAD+
MAM02553	NADH	R_MAR20055	exchange	MAM02552	NAD+
MAM02553	NADH	R_MAR20056	exchange	MAM02552	NAD+
MAM02553	NADH	R_MAR20057	exchange	MAM02552	NAD+
MAM02553	NADH	R_MAR20058	exchange	MAM02552	NAD+
MAM02553	NADH	R_MAR20059	exchange	MAM02552	NAD+
MAM02553	NADH	R_MAR20060	exchange	MAM02552	NAD+
MAM02553	NADH	R_MAR20061	exchange	MAM02552	NAD+
MAM02553	NADH	R_MAR20062	exchange	MAM02552	NAD+
MAM02553	NADH	R_MAR20063	exchange	MAM02552	NAD+
MAM02553	NADH	R_MAR20064	exchange	MAM02552	NAD+
MAM02553	NADH	R_MAR20065	exchange	MAM02552	NAD+
MAM02553	NADH	R_MAR20067	exchange	MAM02552	NAD+
MAM02553	NADH	R_MAR20068	exchange	MAM02552	NAD+
MAM02553	NADH	R_MAR20190	exchange	MAM02552	NAD+
MAM02554	NADP+	R_MAR00101	exchange	MAM02555	NADPH
MAM02554	NADP+	R_MAR00113	exchange	MAM02555	NADPH
MAM02554	NADP+	R_MAR00115	exchange	MAM02555	NADPH
MAM02554	NADP+	R_MAR00116	exchange	MAM02555	NADPH
MAM02554	NADP+	R_MAR00117	exchange	MAM02555	NADPH
MAM02554	NADP+	R_MAR00134	exchange	MAM02555	NADPH
MAM02554	NADP+	R_MAR00227	exchange	MAM02555	NADPH
MAM02554	NADP+	R_MAR00228	exchange	MAM02555	NADPH
MAM02554	NADP+	R_MAR00453	exchange	MAM02555	NADPH
MAM02554	NADP+	R_MAR00458	exchange	MAM02555	NADPH
MAM02554	NADP+	R_MAR00703	exchange	MAM02555	NADPH
MAM02554	NADP+	R_MAR00708	exchange	MAM02555	NADPH
MAM02554	NADP+	R_MAR00710	exchange	MAM02555	NADPH
MAM02554	NADP+	R_MAR00712	exchange	MAM02555	NADPH
MAM02554	NADP+	R_MAR00715	exchange	MAM02555	NADPH
MAM02554	NADP+	R_MAR00741	exchange	MAM02555	NADPH
MAM02554	NADP+	R_MAR00743	exchange	MAM02555	NADPH
MAM02554	NADP+	R_MAR00745	exchange	MAM02555	NADPH
MAM02554	NADP+	R_MAR00747	exchange	MAM02555	NADPH
MAM02554	NADP+	R_MAR00749	exchange	MAM02555	NADPH
MAM02554	NADP+	R_MAR00754	exchange	MAM02555	NADPH
MAM02554	NADP+	R_MAR00781	exchange	MAM02555	NADPH
MAM02554	NADP+	R_MAR00931	exchange	MAM02555	NADPH
MAM02554	NADP+	R_MAR00932	exchange	MAM02555	NADPH
MAM02554	NADP+	R_MAR00933	exchange	MAM02555	NADPH
MAM02554	NADP+	R_MAR00934	exchange	MAM02555	NADPH
MAM02554	NADP+	R_MAR00935	exchange	MAM02555	NADPH
MAM02554	NADP+	R_MAR00936	exchange	MAM02555	NADPH
MAM02554	NADP+	R_MAR00937	exchange	MAM02555	NADPH
MAM02554	NADP+	R_MAR00938	exchange	MAM02555	NADPH
MAM02554	NADP+	R_MAR00939	exchange	MAM02555	NADPH
MAM02554	NADP+	R_MAR00940	exchange	MAM02555	NADPH
MAM02554	NADP+	R_MAR00942	exchange	MAM02555	NADPH
MAM02554	NADP+	R_MAR00946	exchange	MAM02555	NADPH
MAM02554	NADP+	R_MAR00950	exchange	MAM02555	NADPH
MAM02554	NADP+	R_MAR00954	exchange	MAM02555	NADPH
MAM02554	NADP+	R_MAR00969	exchange	MAM02555	NADPH
MAM02554	NADP+	R_MAR00973	exchange	MAM02555	NADPH
MAM02554	NADP+	R_MAR00980	exchange	MAM02555	NADPH
MAM02554	NADP+	R_MAR00981	exchange	MAM02555	NADPH
MAM02554	NADP+	R_MAR00989	exchange	MAM02555	NADPH
MAM02554	NADP+	R_MAR00995	exchange	MAM02555	NADPH
MAM02554	NADP+	R_MAR00996	exchange	MAM02555	NADPH
MAM02554	NADP+	R_MAR00997	exchange	MAM02555	NADPH
MAM02554	NADP+	R_MAR01012	exchange	MAM02555	NADPH
MAM02554	NADP+	R_MAR01019	exchange	MAM02555	NADPH
MAM02554	NADP+	R_MAR01024	exchange	MAM02555	NADPH
MAM02554	NADP+	R_MAR01031	exchange	MAM02555	NADPH
MAM02554	NADP+	R_MAR01032	exchange	MAM02555	NADPH
MAM02554	NADP+	R_MAR01036	exchange	MAM02555	NADPH
MAM02554	NADP+	R_MAR01040	exchange	MAM02555	NADPH
MAM02554	NADP+	R_MAR01059	exchange	MAM02555	NADPH
MAM02554	NADP+	R_MAR01061	exchange	MAM02555	NADPH
MAM02554	NADP+	R_MAR01071	exchange	MAM02555	NADPH
MAM02554	NADP+	R_MAR01072	exchange	MAM02555	NADPH
MAM02554	NADP+	R_MAR01093	exchange	MAM02555	NADPH
MAM02554	NADP+	R_MAR01096	exchange	MAM02555	NADPH
MAM02554	NADP+	R_MAR01098	exchange	MAM02555	NADPH
MAM02554	NADP+	R_MAR01099	exchange	MAM02555	NADPH
MAM02554	NADP+	R_MAR01102	exchange	MAM02555	NADPH
MAM02554	NADP+	R_MAR01105	exchange	MAM02555	NADPH
MAM02554	NADP+	R_MAR01107	exchange	MAM02555	NADPH
MAM02554	NADP+	R_MAR01108	exchange	MAM02555	NADPH
MAM02554	NADP+	R_MAR01109	exchange	MAM02555	NADPH
MAM02554	NADP+	R_MAR01110	exchange	MAM02555	NADPH
MAM02554	NADP+	R_MAR01111	exchange	MAM02555	NADPH
MAM02554	NADP+	R_MAR01112	exchange	MAM02555	NADPH
MAM02554	NADP+	R_MAR01116	exchange	MAM02555	NADPH
MAM02554	NADP+	R_MAR01117	exchange	MAM02555	NADPH
MAM02554	NADP+	R_MAR01123	exchange	MAM02555	NADPH
MAM02554	NADP+	R_MAR01124	exchange	MAM02555	NADPH
MAM02554	NADP+	R_MAR01125	exchange	MAM02555	NADPH
MAM02554	NADP+	R_MAR01126	exchange	MAM02555	NADPH
MAM02554	NADP+	R_MAR01127	exchange	MAM02555	NADPH
MAM02554	NADP+	R_MAR01128	exchange	MAM02555	NADPH
MAM02554	NADP+	R_MAR01137	exchange	MAM02555	NADPH
MAM02554	NADP+	R_MAR01138	exchange	MAM02555	NADPH
MAM02554	NADP+	R_MAR01139	exchange	MAM02555	NADPH
MAM02554	NADP+	R_MAR01140	exchange	MAM02555	NADPH
MAM02554	NADP+	R_MAR01146	exchange	MAM02555	NADPH
MAM02554	NADP+	R_MAR01147	exchange	MAM02555	NADPH
MAM02554	NADP+	R_MAR01148	exchange	MAM02555	NADPH
MAM02554	NADP+	R_MAR01149	exchange	MAM02555	NADPH
MAM02554	NADP+	R_MAR01150	exchange	MAM02555	NADPH
MAM02554	NADP+	R_MAR01151	exchange	MAM02555	NADPH
MAM02554	NADP+	R_MAR01152	exchange	MAM02555	NADPH
MAM02554	NADP+	R_MAR01153	exchange	MAM02555	NADPH
MAM02554	NADP+	R_MAR01154	exchange	MAM02555	NADPH
MAM02554	NADP+	R_MAR01155	exchange	MAM02555	NADPH
MAM02554	NADP+	R_MAR01156	exchange	MAM02555	NADPH
MAM02554	NADP+	R_MAR01176	exchange	MAM02555	NADPH
MAM02554	NADP+	R_MAR01181	exchange	MAM02555	NADPH
MAM02554	NADP+	R_MAR01190	exchange	MAM02555	NADPH
MAM02554	NADP+	R_MAR01191	exchange	MAM02555	NADPH
MAM02554	NADP+	R_MAR01192	exchange	MAM02555	NADPH
MAM02554	NADP+	R_MAR01193	exchange	MAM02555	NADPH
MAM02554	NADP+	R_MAR01194	exchange	MAM02555	NADPH
MAM02554	NADP+	R_MAR01195	exchange	MAM02555	NADPH
MAM02554	NADP+	R_MAR01196	exchange	MAM02555	NADPH
MAM02554	NADP+	R_MAR01197	exchange	MAM02555	NADPH
MAM02554	NADP+	R_MAR01198	exchange	MAM02555	NADPH
MAM02554	NADP+	R_MAR01199	exchange	MAM02555	NADPH
MAM02554	NADP+	R_MAR01218	exchange	MAM02555	NADPH
MAM02554	NADP+	R_MAR01222	exchange	MAM02555	NADPH
MAM02554	NADP+	R_MAR01231	exchange	MAM02555	NADPH
MAM02554	NADP+	R_MAR01232	exchange	MAM02555	NADPH
MAM02554	NADP+	R_MAR01233	exchange	MAM02555	NADPH
MAM02554	NADP+	R_MAR01234	exchange	MAM02555	NADPH
MAM02554	NADP+	R_MAR01235	exchange	MAM02555	NADPH
MAM02554	NADP+	R_MAR01236	exchange	MAM02555	NADPH
MAM02554	NADP+	R_MAR01237	exchange	MAM02555	NADPH
MAM02554	NADP+	R_MAR01238	exchange	MAM02555	NADPH
MAM02554	NADP+	R_MAR01239	exchange	MAM02555	NADPH
MAM02554	NADP+	R_MAR01244	exchange	MAM02555	NADPH
MAM02554	NADP+	R_MAR01245	exchange	MAM02555	NADPH
MAM02554	NADP+	R_MAR01246	exchange	MAM02555	NADPH
MAM02554	NADP+	R_MAR01280	exchange	MAM02555	NADPH
MAM02554	NADP+	R_MAR01281	exchange	MAM02555	NADPH
MAM02554	NADP+	R_MAR01282	exchange	MAM02555	NADPH
MAM02554	NADP+	R_MAR01287	exchange	MAM02555	NADPH
MAM02554	NADP+	R_MAR01297	exchange	MAM02555	NADPH
MAM02554	NADP+	R_MAR01326	exchange	MAM02555	NADPH
MAM02554	NADP+	R_MAR01327	exchange	MAM02555	NADPH
MAM02554	NADP+	R_MAR01329	exchange	MAM02555	NADPH
MAM02554	NADP+	R_MAR01336	exchange	MAM02555	NADPH
MAM02554	NADP+	R_MAR01344	exchange	MAM02555	NADPH
MAM02554	NADP+	R_MAR01382	exchange	MAM02555	NADPH
MAM02554	NADP+	R_MAR01387	exchange	MAM02555	NADPH
MAM02554	NADP+	R_MAR01440	exchange	MAM02555	NADPH
MAM02554	NADP+	R_MAR01446	exchange	MAM02555	NADPH
MAM02554	NADP+	R_MAR01450	exchange	MAM02555	NADPH
MAM02554	NADP+	R_MAR01456	exchange	MAM02555	NADPH
MAM02554	NADP+	R_MAR01467	exchange	MAM02555	NADPH
MAM02554	NADP+	R_MAR01470	exchange	MAM02555	NADPH
MAM02554	NADP+	R_MAR01471	exchange	MAM02555	NADPH
MAM02554	NADP+	R_MAR01477	exchange	MAM02555	NADPH
MAM02554	NADP+	R_MAR01478	exchange	MAM02555	NADPH
MAM02554	NADP+	R_MAR01479	exchange	MAM02555	NADPH
MAM02554	NADP+	R_MAR01484	exchange	MAM02555	NADPH
MAM02554	NADP+	R_MAR01490	exchange	MAM02555	NADPH
MAM02554	NADP+	R_MAR01493	exchange	MAM02555	NADPH
MAM02554	NADP+	R_MAR01494	exchange	MAM02555	NADPH
MAM02554	NADP+	R_MAR01495	exchange	MAM02555	NADPH
MAM02554	NADP+	R_MAR01497	exchange	MAM02555	NADPH
MAM02554	NADP+	R_MAR01500	exchange	MAM02555	NADPH
MAM02554	NADP+	R_MAR01502	exchange	MAM02555	NADPH
MAM02554	NADP+	R_MAR01503	exchange	MAM02555	NADPH
MAM02554	NADP+	R_MAR01504	exchange	MAM02555	NADPH
MAM02554	NADP+	R_MAR01505	exchange	MAM02555	NADPH
MAM02554	NADP+	R_MAR01508	exchange	MAM02555	NADPH
MAM02554	NADP+	R_MAR01509	exchange	MAM02555	NADPH
MAM02554	NADP+	R_MAR01510	exchange	MAM02555	NADPH
MAM02554	NADP+	R_MAR01516	exchange	MAM02555	NADPH
MAM02554	NADP+	R_MAR01519	exchange	MAM02555	NADPH
MAM02554	NADP+	R_MAR01526	exchange	MAM02555	NADPH
MAM02554	NADP+	R_MAR01533	exchange	MAM02555	NADPH
MAM02554	NADP+	R_MAR01535	exchange	MAM02555	NADPH
MAM02554	NADP+	R_MAR01536	exchange	MAM02555	NADPH
MAM02554	NADP+	R_MAR01538	exchange	MAM02555	NADPH
MAM02554	NADP+	R_MAR01539	exchange	MAM02555	NADPH
MAM02554	NADP+	R_MAR01540	exchange	MAM02555	NADPH
MAM02554	NADP+	R_MAR01543	exchange	MAM02555	NADPH
MAM02554	NADP+	R_MAR01544	exchange	MAM02555	NADPH
MAM02554	NADP+	R_MAR01545	exchange	MAM02555	NADPH
MAM02554	NADP+	R_MAR01546	exchange	MAM02555	NADPH
MAM02554	NADP+	R_MAR01547	exchange	MAM02555	NADPH
MAM02554	NADP+	R_MAR01548	exchange	MAM02555	NADPH
MAM02554	NADP+	R_MAR01549	exchange	MAM02555	NADPH
MAM02554	NADP+	R_MAR01550	exchange	MAM02555	NADPH
MAM02554	NADP+	R_MAR01551	exchange	MAM02555	NADPH
MAM02554	NADP+	R_MAR01552	exchange	MAM02555	NADPH
MAM02554	NADP+	R_MAR01558	exchange	MAM02555	NADPH
MAM02554	NADP+	R_MAR01565	exchange	MAM02555	NADPH
MAM02554	NADP+	R_MAR01567	exchange	MAM02555	NADPH
MAM02554	NADP+	R_MAR01569	exchange	MAM02555	NADPH
MAM02554	NADP+	R_MAR01570	exchange	MAM02555	NADPH
MAM02554	NADP+	R_MAR01571	exchange	MAM02555	NADPH
MAM02554	NADP+	R_MAR01574	exchange	MAM02555	NADPH
MAM02554	NADP+	R_MAR01575	exchange	MAM02555	NADPH
MAM02554	NADP+	R_MAR01578	exchange	MAM02555	NADPH
MAM02554	NADP+	R_MAR01581	exchange	MAM02555	NADPH
MAM02554	NADP+	R_MAR01585	exchange	MAM02555	NADPH
MAM02554	NADP+	R_MAR01589	exchange	MAM02555	NADPH
MAM02554	NADP+	R_MAR01595	exchange	MAM02555	NADPH
MAM02554	NADP+	R_MAR01599	exchange	MAM02555	NADPH
MAM02554	NADP+	R_MAR01604	exchange	MAM02555	NADPH
MAM02554	NADP+	R_MAR01605	exchange	MAM02555	NADPH
MAM02554	NADP+	R_MAR01610	exchange	MAM02555	NADPH
MAM02554	NADP+	R_MAR01614	exchange	MAM02555	NADPH
MAM02554	NADP+	R_MAR01673	exchange	MAM02555	NADPH
MAM02554	NADP+	R_MAR01676	exchange	MAM02555	NADPH
MAM02554	NADP+	R_MAR01681	exchange	MAM02555	NADPH
MAM02554	NADP+	R_MAR01682	exchange	MAM02555	NADPH
MAM02554	NADP+	R_MAR01685	exchange	MAM02555	NADPH
MAM02554	NADP+	R_MAR01687	exchange	MAM02555	NADPH
MAM02554	NADP+	R_MAR01690	exchange	MAM02555	NADPH
MAM02554	NADP+	R_MAR01691	exchange	MAM02555	NADPH
MAM02554	NADP+	R_MAR01693	exchange	MAM02555	NADPH
MAM02554	NADP+	R_MAR01714	exchange	MAM02555	NADPH
MAM02554	NADP+	R_MAR01715	exchange	MAM02555	NADPH
MAM02554	NADP+	R_MAR01735	exchange	MAM02555	NADPH
MAM02554	NADP+	R_MAR01737	exchange	MAM02555	NADPH
MAM02554	NADP+	R_MAR01739	exchange	MAM02555	NADPH
MAM02554	NADP+	R_MAR01740	exchange	MAM02555	NADPH
MAM02554	NADP+	R_MAR01741	exchange	MAM02555	NADPH
MAM02554	NADP+	R_MAR01742	exchange	MAM02555	NADPH
MAM02554	NADP+	R_MAR01743	exchange	MAM02555	NADPH
MAM02554	NADP+	R_MAR01746	exchange	MAM02555	NADPH
MAM02554	NADP+	R_MAR01747	exchange	MAM02555	NADPH
MAM02554	NADP+	R_MAR01748	exchange	MAM02555	NADPH
MAM02554	NADP+	R_MAR01749	exchange	MAM02555	NADPH
MAM02554	NADP+	R_MAR01750	exchange	MAM02555	NADPH
MAM02554	NADP+	R_MAR01751	exchange	MAM02555	NADPH
MAM02554	NADP+	R_MAR01762	exchange	MAM02555	NADPH
MAM02554	NADP+	R_MAR01765	exchange	MAM02555	NADPH
MAM02554	NADP+	R_MAR01767	exchange	MAM02555	NADPH
MAM02554	NADP+	R_MAR01768	exchange	MAM02555	NADPH
MAM02554	NADP+	R_MAR01769	exchange	MAM02555	NADPH
MAM02554	NADP+	R_MAR01770	exchange	MAM02555	NADPH
MAM02554	NADP+	R_MAR01771	exchange	MAM02555	NADPH
MAM02554	NADP+	R_MAR01776	exchange	MAM02555	NADPH
MAM02554	NADP+	R_MAR01777	exchange	MAM02555	NADPH
MAM02554	NADP+	R_MAR01781	exchange	MAM02555	NADPH
MAM02554	NADP+	R_MAR01784	exchange	MAM02555	NADPH
MAM02554	NADP+	R_MAR01785	exchange	MAM02555	NADPH
MAM02554	NADP+	R_MAR01786	exchange	MAM02555	NADPH
MAM02554	NADP+	R_MAR01790	exchange	MAM02555	NADPH
MAM02554	NADP+	R_MAR01792	exchange	MAM02555	NADPH
MAM02554	NADP+	R_MAR01794	exchange	MAM02555	NADPH
MAM02554	NADP+	R_MAR01796	exchange	MAM02555	NADPH
MAM02554	NADP+	R_MAR01797	exchange	MAM02555	NADPH
MAM02554	NADP+	R_MAR01798	exchange	MAM02555	NADPH
MAM02554	NADP+	R_MAR01800	exchange	MAM02555	NADPH
MAM02554	NADP+	R_MAR01802	exchange	MAM02555	NADPH
MAM02554	NADP+	R_MAR01804	exchange	MAM02555	NADPH
MAM02554	NADP+	R_MAR01805	exchange	MAM02555	NADPH
MAM02554	NADP+	R_MAR01810	exchange	MAM02555	NADPH
MAM02554	NADP+	R_MAR01811	exchange	MAM02555	NADPH
MAM02554	NADP+	R_MAR01813	exchange	MAM02555	NADPH
MAM02554	NADP+	R_MAR01815	exchange	MAM02555	NADPH
MAM02554	NADP+	R_MAR01817	exchange	MAM02555	NADPH
MAM02554	NADP+	R_MAR01819	exchange	MAM02555	NADPH
MAM02554	NADP+	R_MAR01830	exchange	MAM02555	NADPH
MAM02554	NADP+	R_MAR01831	exchange	MAM02555	NADPH
MAM02554	NADP+	R_MAR01838	exchange	MAM02555	NADPH
MAM02554	NADP+	R_MAR01839	exchange	MAM02555	NADPH
MAM02554	NADP+	R_MAR01840	exchange	MAM02555	NADPH
MAM02554	NADP+	R_MAR01927	exchange	MAM02555	NADPH
MAM02554	NADP+	R_MAR01928	exchange	MAM02555	NADPH
MAM02554	NADP+	R_MAR01929	exchange	MAM02555	NADPH
MAM02554	NADP+	R_MAR01931	exchange	MAM02555	NADPH
MAM02554	NADP+	R_MAR01933	exchange	MAM02555	NADPH
MAM02554	NADP+	R_MAR01940	exchange	MAM02555	NADPH
MAM02554	NADP+	R_MAR01943	exchange	MAM02555	NADPH
MAM02554	NADP+	R_MAR01944	exchange	MAM02555	NADPH
MAM02554	NADP+	R_MAR01945	exchange	MAM02555	NADPH
MAM02554	NADP+	R_MAR01948	exchange	MAM02555	NADPH
MAM02554	NADP+	R_MAR01958	exchange	MAM02555	NADPH
MAM02554	NADP+	R_MAR01959	exchange	MAM02555	NADPH
MAM02554	NADP+	R_MAR01960	exchange	MAM02555	NADPH
MAM02554	NADP+	R_MAR01973	exchange	MAM02555	NADPH
MAM02554	NADP+	R_MAR01974	exchange	MAM02555	NADPH
MAM02554	NADP+	R_MAR01976	exchange	MAM02555	NADPH
MAM02554	NADP+	R_MAR01977	exchange	MAM02555	NADPH
MAM02554	NADP+	R_MAR01978	exchange	MAM02555	NADPH
MAM02554	NADP+	R_MAR01981	exchange	MAM02555	NADPH
MAM02554	NADP+	R_MAR01985	exchange	MAM02555	NADPH
MAM02554	NADP+	R_MAR01987	exchange	MAM02555	NADPH
MAM02554	NADP+	R_MAR01988	exchange	MAM02555	NADPH
MAM02554	NADP+	R_MAR01989	exchange	MAM02555	NADPH
MAM02554	NADP+	R_MAR01990	exchange	MAM02555	NADPH
MAM02554	NADP+	R_MAR01991	exchange	MAM02555	NADPH
MAM02554	NADP+	R_MAR01992	exchange	MAM02555	NADPH
MAM02554	NADP+	R_MAR01993	exchange	MAM02555	NADPH
MAM02554	NADP+	R_MAR01995	exchange	MAM02555	NADPH
MAM02554	NADP+	R_MAR01996	exchange	MAM02555	NADPH
MAM02554	NADP+	R_MAR01999	exchange	MAM02555	NADPH
MAM02554	NADP+	R_MAR02000	exchange	MAM02555	NADPH
MAM02554	NADP+	R_MAR02001	exchange	MAM02555	NADPH
MAM02554	NADP+	R_MAR02002	exchange	MAM02555	NADPH
MAM02554	NADP+	R_MAR02003	exchange	MAM02555	NADPH
MAM02554	NADP+	R_MAR02007	exchange	MAM02555	NADPH
MAM02554	NADP+	R_MAR02009	exchange	MAM02555	NADPH
MAM02554	NADP+	R_MAR02010	exchange	MAM02555	NADPH
MAM02554	NADP+	R_MAR02011	exchange	MAM02555	NADPH
MAM02554	NADP+	R_MAR02014	exchange	MAM02555	NADPH
MAM02554	NADP+	R_MAR02015	exchange	MAM02555	NADPH
MAM02554	NADP+	R_MAR02018	exchange	MAM02555	NADPH
MAM02554	NADP+	R_MAR02019	exchange	MAM02555	NADPH
MAM02554	NADP+	R_MAR02023	exchange	MAM02555	NADPH
MAM02554	NADP+	R_MAR02028	exchange	MAM02555	NADPH
MAM02554	NADP+	R_MAR02031	exchange	MAM02555	NADPH
MAM02554	NADP+	R_MAR02034	exchange	MAM02555	NADPH
MAM02554	NADP+	R_MAR02036	exchange	MAM02555	NADPH
MAM02554	NADP+	R_MAR02041	exchange	MAM02555	NADPH
MAM02554	NADP+	R_MAR02042	exchange	MAM02555	NADPH
MAM02554	NADP+	R_MAR02043	exchange	MAM02555	NADPH
MAM02554	NADP+	R_MAR02046	exchange	MAM02555	NADPH
MAM02554	NADP+	R_MAR02047	exchange	MAM02555	NADPH
MAM02554	NADP+	R_MAR02049	exchange	MAM02555	NADPH
MAM02554	NADP+	R_MAR02050	exchange	MAM02555	NADPH
MAM02554	NADP+	R_MAR02051	exchange	MAM02555	NADPH
MAM02554	NADP+	R_MAR02053	exchange	MAM02555	NADPH
MAM02554	NADP+	R_MAR02054	exchange	MAM02555	NADPH
MAM02554	NADP+	R_MAR02055	exchange	MAM02555	NADPH
MAM02554	NADP+	R_MAR02056	exchange	MAM02555	NADPH
MAM02554	NADP+	R_MAR02057	exchange	MAM02555	NADPH
MAM02554	NADP+	R_MAR02115	exchange	MAM02555	NADPH
MAM02554	NADP+	R_MAR02117	exchange	MAM02555	NADPH
MAM02554	NADP+	R_MAR02118	exchange	MAM02555	NADPH
MAM02554	NADP+	R_MAR02129	exchange	MAM02555	NADPH
MAM02554	NADP+	R_MAR02130	exchange	MAM02555	NADPH
MAM02554	NADP+	R_MAR02137	exchange	MAM02555	NADPH
MAM02554	NADP+	R_MAR02138	exchange	MAM02555	NADPH
MAM02554	NADP+	R_MAR02141	exchange	MAM02555	NADPH
MAM02554	NADP+	R_MAR02142	exchange	MAM02555	NADPH
MAM02554	NADP+	R_MAR02143	exchange	MAM02555	NADPH
MAM02554	NADP+	R_MAR02144	exchange	MAM02555	NADPH
MAM02554	NADP+	R_MAR02145	exchange	MAM02555	NADPH
MAM02554	NADP+	R_MAR02147	exchange	MAM02555	NADPH
MAM02554	NADP+	R_MAR02148	exchange	MAM02555	NADPH
MAM02554	NADP+	R_MAR02149	exchange	MAM02555	NADPH
MAM02554	NADP+	R_MAR02153	exchange	MAM02555	NADPH
MAM02554	NADP+	R_MAR02155	exchange	MAM02555	NADPH
MAM02554	NADP+	R_MAR02157	exchange	MAM02555	NADPH
MAM02554	NADP+	R_MAR02159	exchange	MAM02555	NADPH
MAM02554	NADP+	R_MAR02161	exchange	MAM02555	NADPH
MAM02554	NADP+	R_MAR02163	exchange	MAM02555	NADPH
MAM02554	NADP+	R_MAR02165	exchange	MAM02555	NADPH
MAM02554	NADP+	R_MAR02167	exchange	MAM02555	NADPH
MAM02554	NADP+	R_MAR02169	exchange	MAM02555	NADPH
MAM02554	NADP+	R_MAR02171	exchange	MAM02555	NADPH
MAM02554	NADP+	R_MAR02174	exchange	MAM02555	NADPH
MAM02554	NADP+	R_MAR02176	exchange	MAM02555	NADPH
MAM02554	NADP+	R_MAR02179	exchange	MAM02555	NADPH
MAM02554	NADP+	R_MAR02181	exchange	MAM02555	NADPH
MAM02554	NADP+	R_MAR02183	exchange	MAM02555	NADPH
MAM02554	NADP+	R_MAR02184	exchange	MAM02555	NADPH
MAM02554	NADP+	R_MAR02187	exchange	MAM02555	NADPH
MAM02554	NADP+	R_MAR02189	exchange	MAM02555	NADPH
MAM02554	NADP+	R_MAR02191	exchange	MAM02555	NADPH
MAM02554	NADP+	R_MAR02194	exchange	MAM02555	NADPH
MAM02554	NADP+	R_MAR02195	exchange	MAM02555	NADPH
MAM02554	NADP+	R_MAR02197	exchange	MAM02555	NADPH
MAM02554	NADP+	R_MAR02200	exchange	MAM02555	NADPH
MAM02554	NADP+	R_MAR02202	exchange	MAM02555	NADPH
MAM02554	NADP+	R_MAR02204	exchange	MAM02555	NADPH
MAM02554	NADP+	R_MAR02206	exchange	MAM02555	NADPH
MAM02554	NADP+	R_MAR02207	exchange	MAM02555	NADPH
MAM02554	NADP+	R_MAR02208	exchange	MAM02555	NADPH
MAM02554	NADP+	R_MAR02210	exchange	MAM02555	NADPH
MAM02554	NADP+	R_MAR02212	exchange	MAM02555	NADPH
MAM02554	NADP+	R_MAR02214	exchange	MAM02555	NADPH
MAM02554	NADP+	R_MAR02217	exchange	MAM02555	NADPH
MAM02554	NADP+	R_MAR02219	exchange	MAM02555	NADPH
MAM02554	NADP+	R_MAR02229	exchange	MAM02555	NADPH
MAM02554	NADP+	R_MAR02231	exchange	MAM02555	NADPH
MAM02554	NADP+	R_MAR02233	exchange	MAM02555	NADPH
MAM02554	NADP+	R_MAR02235	exchange	MAM02555	NADPH
MAM02554	NADP+	R_MAR02237	exchange	MAM02555	NADPH
MAM02554	NADP+	R_MAR02239	exchange	MAM02555	NADPH
MAM02554	NADP+	R_MAR02241	exchange	MAM02555	NADPH
MAM02554	NADP+	R_MAR02243	exchange	MAM02555	NADPH
MAM02554	NADP+	R_MAR02245	exchange	MAM02555	NADPH
MAM02554	NADP+	R_MAR02247	exchange	MAM02555	NADPH
MAM02554	NADP+	R_MAR02250	exchange	MAM02555	NADPH
MAM02554	NADP+	R_MAR02252	exchange	MAM02555	NADPH
MAM02554	NADP+	R_MAR02255	exchange	MAM02555	NADPH
MAM02554	NADP+	R_MAR02257	exchange	MAM02555	NADPH
MAM02554	NADP+	R_MAR02260	exchange	MAM02555	NADPH
MAM02554	NADP+	R_MAR02262	exchange	MAM02555	NADPH
MAM02554	NADP+	R_MAR02264	exchange	MAM02555	NADPH
MAM02554	NADP+	R_MAR02266	exchange	MAM02555	NADPH
MAM02554	NADP+	R_MAR02268	exchange	MAM02555	NADPH
MAM02554	NADP+	R_MAR02270	exchange	MAM02555	NADPH
MAM02554	NADP+	R_MAR02281	exchange	MAM02555	NADPH
MAM02554	NADP+	R_MAR02282	exchange	MAM02555	NADPH
MAM02554	NADP+	R_MAR02284	exchange	MAM02555	NADPH
MAM02554	NADP+	R_MAR02286	exchange	MAM02555	NADPH
MAM02554	NADP+	R_MAR02287	exchange	MAM02555	NADPH
MAM02554	NADP+	R_MAR02288	exchange	MAM02555	NADPH
MAM02554	NADP+	R_MAR02289	exchange	MAM02555	NADPH
MAM02554	NADP+	R_MAR02292	exchange	MAM02555	NADPH
MAM02554	NADP+	R_MAR02293	exchange	MAM02555	NADPH
MAM02554	NADP+	R_MAR02294	exchange	MAM02555	NADPH
MAM02554	NADP+	R_MAR02295	exchange	MAM02555	NADPH
MAM02554	NADP+	R_MAR02296	exchange	MAM02555	NADPH
MAM02554	NADP+	R_MAR02300	exchange	MAM02555	NADPH
MAM02554	NADP+	R_MAR02301	exchange	MAM02555	NADPH
MAM02554	NADP+	R_MAR02307	exchange	MAM02555	NADPH
MAM02554	NADP+	R_MAR02311	exchange	MAM02555	NADPH
MAM02554	NADP+	R_MAR02317	exchange	MAM02555	NADPH
MAM02554	NADP+	R_MAR02321	exchange	MAM02555	NADPH
MAM02554	NADP+	R_MAR02323	exchange	MAM02555	NADPH
MAM02554	NADP+	R_MAR02326	exchange	MAM02555	NADPH
MAM02554	NADP+	R_MAR02327	exchange	MAM02555	NADPH
MAM02554	NADP+	R_MAR02330	exchange	MAM02555	NADPH
MAM02554	NADP+	R_MAR02334	exchange	MAM02555	NADPH
MAM02554	NADP+	R_MAR02337	exchange	MAM02555	NADPH
MAM02554	NADP+	R_MAR02338	exchange	MAM02555	NADPH
MAM02554	NADP+	R_MAR02343	exchange	MAM02555	NADPH
MAM02554	NADP+	R_MAR02345	exchange	MAM02555	NADPH
MAM02554	NADP+	R_MAR02348	exchange	MAM02555	NADPH
MAM02554	NADP+	R_MAR02350	exchange	MAM02555	NADPH
MAM02554	NADP+	R_MAR02354	exchange	MAM02555	NADPH
MAM02554	NADP+	R_MAR02356	exchange	MAM02555	NADPH
MAM02554	NADP+	R_MAR02359	exchange	MAM02555	NADPH
MAM02554	NADP+	R_MAR02362	exchange	MAM02555	NADPH
MAM02554	NADP+	R_MAR02364	exchange	MAM02555	NADPH
MAM02554	NADP+	R_MAR02365	exchange	MAM02555	NADPH
MAM02554	NADP+	R_MAR02368	exchange	MAM02555	NADPH
MAM02554	NADP+	R_MAR02374	exchange	MAM02555	NADPH
MAM02554	NADP+	R_MAR02375	exchange	MAM02555	NADPH
MAM02554	NADP+	R_MAR02378	exchange	MAM02555	NADPH
MAM02554	NADP+	R_MAR02380	exchange	MAM02555	NADPH
MAM02554	NADP+	R_MAR02387	exchange	MAM02555	NADPH
MAM02554	NADP+	R_MAR02391	exchange	MAM02555	NADPH
MAM02554	NADP+	R_MAR02393	exchange	MAM02555	NADPH
MAM02554	NADP+	R_MAR02397	exchange	MAM02555	NADPH
MAM02554	NADP+	R_MAR02401	exchange	MAM02555	NADPH
MAM02554	NADP+	R_MAR02403	exchange	MAM02555	NADPH
MAM02554	NADP+	R_MAR02417	exchange	MAM02555	NADPH
MAM02554	NADP+	R_MAR02421	exchange	MAM02555	NADPH
MAM02554	NADP+	R_MAR02426	exchange	MAM02555	NADPH
MAM02554	NADP+	R_MAR02430	exchange	MAM02555	NADPH
MAM02554	NADP+	R_MAR02434	exchange	MAM02555	NADPH
MAM02554	NADP+	R_MAR02436	exchange	MAM02555	NADPH
MAM02554	NADP+	R_MAR02438	exchange	MAM02555	NADPH
MAM02554	NADP+	R_MAR02441	exchange	MAM02555	NADPH
MAM02554	NADP+	R_MAR02455	exchange	MAM02555	NADPH
MAM02554	NADP+	R_MAR02456	exchange	MAM02555	NADPH
MAM02554	NADP+	R_MAR02457	exchange	MAM02555	NADPH
MAM02554	NADP+	R_MAR02458	exchange	MAM02555	NADPH
MAM02554	NADP+	R_MAR02472	exchange	MAM02555	NADPH
MAM02554	NADP+	R_MAR02478	exchange	MAM02555	NADPH
MAM02554	NADP+	R_MAR02482	exchange	MAM02555	NADPH
MAM02554	NADP+	R_MAR02484	exchange	MAM02555	NADPH
MAM02554	NADP+	R_MAR02489	exchange	MAM02555	NADPH
MAM02554	NADP+	R_MAR02493	exchange	MAM02555	NADPH
MAM02554	NADP+	R_MAR02495	exchange	MAM02555	NADPH
MAM02554	NADP+	R_MAR02496	exchange	MAM02555	NADPH
MAM02554	NADP+	R_MAR02499	exchange	MAM02555	NADPH
MAM02554	NADP+	R_MAR02503	exchange	MAM02555	NADPH
MAM02554	NADP+	R_MAR02516	exchange	MAM02555	NADPH
MAM02554	NADP+	R_MAR02520	exchange	MAM02555	NADPH
MAM02554	NADP+	R_MAR02521	exchange	MAM02555	NADPH
MAM02554	NADP+	R_MAR02524	exchange	MAM02555	NADPH
MAM02554	NADP+	R_MAR02525	exchange	MAM02555	NADPH
MAM02554	NADP+	R_MAR02528	exchange	MAM02555	NADPH
MAM02554	NADP+	R_MAR02533	exchange	MAM02555	NADPH
MAM02554	NADP+	R_MAR02537	exchange	MAM02555	NADPH
MAM02554	NADP+	R_MAR02541	exchange	MAM02555	NADPH
MAM02554	NADP+	R_MAR02543	exchange	MAM02555	NADPH
MAM02554	NADP+	R_MAR02546	exchange	MAM02555	NADPH
MAM02554	NADP+	R_MAR02548	exchange	MAM02555	NADPH
MAM02554	NADP+	R_MAR02553	exchange	MAM02555	NADPH
MAM02554	NADP+	R_MAR02555	exchange	MAM02555	NADPH
MAM02554	NADP+	R_MAR02581	exchange	MAM02555	NADPH
MAM02554	NADP+	R_MAR02582	exchange	MAM02555	NADPH
MAM02554	NADP+	R_MAR02585	exchange	MAM02555	NADPH
MAM02554	NADP+	R_MAR02723	exchange	MAM02555	NADPH
MAM02554	NADP+	R_MAR02751	exchange	MAM02555	NADPH
MAM02554	NADP+	R_MAR02858	exchange	MAM02555	NADPH
MAM02554	NADP+	R_MAR02887	exchange	MAM02555	NADPH
MAM02554	NADP+	R_MAR02889	exchange	MAM02555	NADPH
MAM02554	NADP+	R_MAR02891	exchange	MAM02555	NADPH
MAM02554	NADP+	R_MAR02893	exchange	MAM02555	NADPH
MAM02554	NADP+	R_MAR02895	exchange	MAM02555	NADPH
MAM02554	NADP+	R_MAR02933	exchange	MAM02555	NADPH
MAM02554	NADP+	R_MAR02934	exchange	MAM02555	NADPH
MAM02554	NADP+	R_MAR02935	exchange	MAM02555	NADPH
MAM02554	NADP+	R_MAR02936	exchange	MAM02555	NADPH
MAM02554	NADP+	R_MAR02937	exchange	MAM02555	NADPH
MAM02554	NADP+	R_MAR02938	exchange	MAM02555	NADPH
MAM02554	NADP+	R_MAR02939	exchange	MAM02555	NADPH
MAM02554	NADP+	R_MAR02960	exchange	MAM02555	NADPH
MAM02554	NADP+	R_MAR02993	exchange	MAM02555	NADPH
MAM02554	NADP+	R_MAR03047	exchange	MAM02555	NADPH
MAM02554	NADP+	R_MAR03061	exchange	MAM02555	NADPH
MAM02554	NADP+	R_MAR03133	exchange	MAM02555	NADPH
MAM02554	NADP+	R_MAR03134	exchange	MAM02555	NADPH
MAM02554	NADP+	R_MAR03210	exchange	MAM02555	NADPH
MAM02554	NADP+	R_MAR03214	exchange	MAM02555	NADPH
MAM02554	NADP+	R_MAR03216	exchange	MAM02555	NADPH
MAM02554	NADP+	R_MAR03217	exchange	MAM02555	NADPH
MAM02554	NADP+	R_MAR03257	exchange	MAM02555	NADPH
MAM02554	NADP+	R_MAR03271	exchange	MAM02555	NADPH
MAM02554	NADP+	R_MAR03354	exchange	MAM02555	NADPH
MAM02554	NADP+	R_MAR03377	exchange	MAM02555	NADPH
MAM02554	NADP+	R_MAR03394	exchange	MAM02555	NADPH
MAM02554	NADP+	R_MAR03395	exchange	MAM02555	NADPH
MAM02554	NADP+	R_MAR03401	exchange	MAM02555	NADPH
MAM02554	NADP+	R_MAR03403	exchange	MAM02555	NADPH
MAM02554	NADP+	R_MAR03405	exchange	MAM02555	NADPH
MAM02554	NADP+	R_MAR03412	exchange	MAM02555	NADPH
MAM02554	NADP+	R_MAR03417	exchange	MAM02555	NADPH
MAM02554	NADP+	R_MAR03419	exchange	MAM02555	NADPH
MAM02554	NADP+	R_MAR03420	exchange	MAM02555	NADPH
MAM02554	NADP+	R_MAR03434	exchange	MAM02555	NADPH
MAM02554	NADP+	R_MAR03435	exchange	MAM02555	NADPH
MAM02554	NADP+	R_MAR03436	exchange	MAM02555	NADPH
MAM02554	NADP+	R_MAR03437	exchange	MAM02555	NADPH
MAM02554	NADP+	R_MAR03438	exchange	MAM02555	NADPH
MAM02554	NADP+	R_MAR03442	exchange	MAM02555	NADPH
MAM02554	NADP+	R_MAR03446	exchange	MAM02555	NADPH
MAM02554	NADP+	R_MAR03451	exchange	MAM02555	NADPH
MAM02554	NADP+	R_MAR03457	exchange	MAM02555	NADPH
MAM02554	NADP+	R_MAR03461	exchange	MAM02555	NADPH
MAM02554	NADP+	R_MAR03471	exchange	MAM02555	NADPH
MAM02554	NADP+	R_MAR03474	exchange	MAM02555	NADPH
MAM02554	NADP+	R_MAR03487	exchange	MAM02555	NADPH
MAM02554	NADP+	R_MAR03492	exchange	MAM02555	NADPH
MAM02554	NADP+	R_MAR03495	exchange	MAM02555	NADPH
MAM02554	NADP+	R_MAR03497	exchange	MAM02555	NADPH
MAM02554	NADP+	R_MAR03499	exchange	MAM02555	NADPH
MAM02554	NADP+	R_MAR03502	exchange	MAM02555	NADPH
MAM02554	NADP+	R_MAR03507	exchange	MAM02555	NADPH
MAM02554	NADP+	R_MAR03518	exchange	MAM02555	NADPH
MAM02554	NADP+	R_MAR03607	exchange	MAM02555	NADPH
MAM02554	NADP+	R_MAR03609	exchange	MAM02555	NADPH
MAM02554	NADP+	R_MAR03610	exchange	MAM02555	NADPH
MAM02554	NADP+	R_MAR03612	exchange	MAM02555	NADPH
MAM02554	NADP+	R_MAR03615	exchange	MAM02555	NADPH
MAM02554	NADP+	R_MAR03617	exchange	MAM02555	NADPH
MAM02554	NADP+	R_MAR03620	exchange	MAM02555	NADPH
MAM02554	NADP+	R_MAR03621	exchange	MAM02555	NADPH
MAM02554	NADP+	R_MAR03745	exchange	MAM02555	NADPH
MAM02554	NADP+	R_MAR03749	exchange	MAM02555	NADPH
MAM02554	NADP+	R_MAR03766	exchange	MAM02555	NADPH
MAM02554	NADP+	R_MAR03768	exchange	MAM02555	NADPH
MAM02554	NADP+	R_MAR03804	exchange	MAM02555	NADPH
MAM02554	NADP+	R_MAR03833	exchange	MAM02555	NADPH
MAM02554	NADP+	R_MAR03840	exchange	MAM02555	NADPH
MAM02554	NADP+	R_MAR03842	exchange	MAM02555	NADPH
MAM02554	NADP+	R_MAR03855	exchange	MAM02555	NADPH
MAM02554	NADP+	R_MAR03870	exchange	MAM02555	NADPH
MAM02554	NADP+	R_MAR03886	exchange	MAM02555	NADPH
MAM02554	NADP+	R_MAR03887	exchange	MAM02555	NADPH
MAM02554	NADP+	R_MAR03888	exchange	MAM02555	NADPH
MAM02554	NADP+	R_MAR03891	exchange	MAM02555	NADPH
MAM02554	NADP+	R_MAR03894	exchange	MAM02555	NADPH
MAM02554	NADP+	R_MAR03896	exchange	MAM02555	NADPH
MAM02554	NADP+	R_MAR03897	exchange	MAM02555	NADPH
MAM02554	NADP+	R_MAR03907	exchange	MAM02555	NADPH
MAM02554	NADP+	R_MAR03909	exchange	MAM02555	NADPH
MAM02554	NADP+	R_MAR03913	exchange	MAM02555	NADPH
MAM02554	NADP+	R_MAR03958	exchange	MAM02555	NADPH
MAM02554	NADP+	R_MAR03990	exchange	MAM02555	NADPH
MAM02554	NADP+	R_MAR03993	exchange	MAM02555	NADPH
MAM02554	NADP+	R_MAR03994	exchange	MAM02555	NADPH
MAM02554	NADP+	R_MAR03995	exchange	MAM02555	NADPH
MAM02554	NADP+	R_MAR04009	exchange	MAM02555	NADPH
MAM02554	NADP+	R_MAR04017	exchange	MAM02555	NADPH
MAM02554	NADP+	R_MAR04019	exchange	MAM02555	NADPH
MAM02554	NADP+	R_MAR04039	exchange	MAM02555	NADPH
MAM02554	NADP+	R_MAR04041	exchange	MAM02555	NADPH
MAM02554	NADP+	R_MAR04049	exchange	MAM02555	NADPH
MAM02554	NADP+	R_MAR04051	exchange	MAM02555	NADPH
MAM02554	NADP+	R_MAR04053	exchange	MAM02555	NADPH
MAM02554	NADP+	R_MAR04055	exchange	MAM02555	NADPH
MAM02554	NADP+	R_MAR04079	exchange	MAM02555	NADPH
MAM02554	NADP+	R_MAR04088	exchange	MAM02555	NADPH
MAM02554	NADP+	R_MAR04089	exchange	MAM02555	NADPH
MAM02554	NADP+	R_MAR04090	exchange	MAM02555	NADPH
MAM02554	NADP+	R_MAR04091	exchange	MAM02555	NADPH
MAM02554	NADP+	R_MAR04118	exchange	MAM02555	NADPH
MAM02554	NADP+	R_MAR04165	exchange	MAM02555	NADPH
MAM02554	NADP+	R_MAR04166	exchange	MAM02555	NADPH
MAM02554	NADP+	R_MAR04167	exchange	MAM02555	NADPH
MAM02554	NADP+	R_MAR04190	exchange	MAM02555	NADPH
MAM02554	NADP+	R_MAR04220	exchange	MAM02555	NADPH
MAM02554	NADP+	R_MAR04235	exchange	MAM02555	NADPH
MAM02554	NADP+	R_MAR04283	exchange	MAM02555	NADPH
MAM02554	NADP+	R_MAR04287	exchange	MAM02555	NADPH
MAM02554	NADP+	R_MAR04288	exchange	MAM02555	NADPH
MAM02554	NADP+	R_MAR04304	exchange	MAM02555	NADPH
MAM02554	NADP+	R_MAR04316	exchange	MAM02555	NADPH
MAM02554	NADP+	R_MAR04333	exchange	MAM02555	NADPH
MAM02554	NADP+	R_MAR04335	exchange	MAM02555	NADPH
MAM02554	NADP+	R_MAR04336	exchange	MAM02555	NADPH
MAM02554	NADP+	R_MAR04345	exchange	MAM02555	NADPH
MAM02554	NADP+	R_MAR04360	exchange	MAM02555	NADPH
MAM02554	NADP+	R_MAR04442	exchange	MAM02555	NADPH
MAM02554	NADP+	R_MAR04444	exchange	MAM02555	NADPH
MAM02554	NADP+	R_MAR04446	exchange	MAM02555	NADPH
MAM02554	NADP+	R_MAR04465	exchange	MAM02555	NADPH
MAM02554	NADP+	R_MAR04472	exchange	MAM02555	NADPH
MAM02554	NADP+	R_MAR04473	exchange	MAM02555	NADPH
MAM02554	NADP+	R_MAR04474	exchange	MAM02555	NADPH
MAM02554	NADP+	R_MAR04523	exchange	MAM02555	NADPH
MAM02554	NADP+	R_MAR04534	exchange	MAM02555	NADPH
MAM02554	NADP+	R_MAR04561	exchange	MAM02555	NADPH
MAM02554	NADP+	R_MAR04590	exchange	MAM02555	NADPH
MAM02554	NADP+	R_MAR04592	exchange	MAM02555	NADPH
MAM02554	NADP+	R_MAR04594	exchange	MAM02555	NADPH
MAM02554	NADP+	R_MAR04605	exchange	MAM02555	NADPH
MAM02554	NADP+	R_MAR04630	exchange	MAM02555	NADPH
MAM02554	NADP+	R_MAR04655	exchange	MAM02555	NADPH
MAM02554	NADP+	R_MAR04656	exchange	MAM02555	NADPH
MAM02554	NADP+	R_MAR04668	exchange	MAM02555	NADPH
MAM02554	NADP+	R_MAR04686	exchange	MAM02555	NADPH
MAM02554	NADP+	R_MAR04687	exchange	MAM02555	NADPH
MAM02554	NADP+	R_MAR04698	exchange	MAM02555	NADPH
MAM02554	NADP+	R_MAR04700	exchange	MAM02555	NADPH
MAM02554	NADP+	R_MAR04702	exchange	MAM02555	NADPH
MAM02554	NADP+	R_MAR04780	exchange	MAM02555	NADPH
MAM02554	NADP+	R_MAR04781	exchange	MAM02555	NADPH
MAM02554	NADP+	R_MAR04785	exchange	MAM02555	NADPH
MAM02554	NADP+	R_MAR04970	exchange	MAM02555	NADPH
MAM02554	NADP+	R_MAR04974	exchange	MAM02555	NADPH
MAM02554	NADP+	R_MAR05001	exchange	MAM02555	NADPH
MAM02554	NADP+	R_MAR05017	exchange	MAM02555	NADPH
MAM02554	NADP+	R_MAR05293	exchange	MAM02555	NADPH
MAM02554	NADP+	R_MAR05312	exchange	MAM02555	NADPH
MAM02554	NADP+	R_MAR05321	exchange	MAM02555	NADPH
MAM02554	NADP+	R_MAR05341	exchange	MAM02555	NADPH
MAM02554	NADP+	R_MAR05404	exchange	MAM02555	NADPH
MAM02554	NADP+	R_MAR05405	exchange	MAM02555	NADPH
MAM02554	NADP+	R_MAR05412	exchange	MAM02555	NADPH
MAM02554	NADP+	R_MAR05425	exchange	MAM02555	NADPH
MAM02554	NADP+	R_MAR05427	exchange	MAM02555	NADPH
MAM02554	NADP+	R_MAR06348	exchange	MAM02555	NADPH
MAM02554	NADP+	R_MAR06390	exchange	MAM02555	NADPH
MAM02554	NADP+	R_MAR06396	exchange	MAM02555	NADPH
MAM02554	NADP+	R_MAR06403	exchange	MAM02555	NADPH
MAM02554	NADP+	R_MAR06426	exchange	MAM02555	NADPH
MAM02554	NADP+	R_MAR06427	exchange	MAM02555	NADPH
MAM02554	NADP+	R_MAR06428	exchange	MAM02555	NADPH
MAM02554	NADP+	R_MAR06429	exchange	MAM02555	NADPH
MAM02554	NADP+	R_MAR06441	exchange	MAM02555	NADPH
MAM02554	NADP+	R_MAR06442	exchange	MAM02555	NADPH
MAM02554	NADP+	R_MAR06443	exchange	MAM02555	NADPH
MAM02554	NADP+	R_MAR06444	exchange	MAM02555	NADPH
MAM02554	NADP+	R_MAR06464	exchange	MAM02555	NADPH
MAM02554	NADP+	R_MAR06465	exchange	MAM02555	NADPH
MAM02554	NADP+	R_MAR06466	exchange	MAM02555	NADPH
MAM02554	NADP+	R_MAR06467	exchange	MAM02555	NADPH
MAM02554	NADP+	R_MAR06476	exchange	MAM02555	NADPH
MAM02554	NADP+	R_MAR06477	exchange	MAM02555	NADPH
MAM02554	NADP+	R_MAR06478	exchange	MAM02555	NADPH
MAM02554	NADP+	R_MAR06479	exchange	MAM02555	NADPH
MAM02554	NADP+	R_MAR06537	exchange	MAM02555	NADPH
MAM02554	NADP+	R_MAR06630	exchange	MAM02555	NADPH
MAM02554	NADP+	R_MAR06632	exchange	MAM02555	NADPH
MAM02554	NADP+	R_MAR06634	exchange	MAM02555	NADPH
MAM02554	NADP+	R_MAR06641	exchange	MAM02555	NADPH
MAM02554	NADP+	R_MAR06642	exchange	MAM02555	NADPH
MAM02554	NADP+	R_MAR06648	exchange	MAM02555	NADPH
MAM02554	NADP+	R_MAR06649	exchange	MAM02555	NADPH
MAM02554	NADP+	R_MAR06653	exchange	MAM02555	NADPH
MAM02554	NADP+	R_MAR06654	exchange	MAM02555	NADPH
MAM02554	NADP+	R_MAR06655	exchange	MAM02555	NADPH
MAM02554	NADP+	R_MAR06656	exchange	MAM02555	NADPH
MAM02554	NADP+	R_MAR06657	exchange	MAM02555	NADPH
MAM02554	NADP+	R_MAR06658	exchange	MAM02555	NADPH
MAM02554	NADP+	R_MAR06664	exchange	MAM02555	NADPH
MAM02554	NADP+	R_MAR06665	exchange	MAM02555	NADPH
MAM02554	NADP+	R_MAR06670	exchange	MAM02555	NADPH
MAM02554	NADP+	R_MAR06677	exchange	MAM02555	NADPH
MAM02554	NADP+	R_MAR06678	exchange	MAM02555	NADPH
MAM02554	NADP+	R_MAR06681	exchange	MAM02555	NADPH
MAM02554	NADP+	R_MAR06682	exchange	MAM02555	NADPH
MAM02554	NADP+	R_MAR06683	exchange	MAM02555	NADPH
MAM02554	NADP+	R_MAR06684	exchange	MAM02555	NADPH
MAM02554	NADP+	R_MAR06687	exchange	MAM02555	NADPH
MAM02554	NADP+	R_MAR06700	exchange	MAM02555	NADPH
MAM02554	NADP+	R_MAR06701	exchange	MAM02555	NADPH
MAM02554	NADP+	R_MAR06702	exchange	MAM02555	NADPH
MAM02554	NADP+	R_MAR06703	exchange	MAM02555	NADPH
MAM02554	NADP+	R_MAR06749	exchange	MAM02555	NADPH
MAM02554	NADP+	R_MAR06754	exchange	MAM02555	NADPH
MAM02554	NADP+	R_MAR06761	exchange	MAM02555	NADPH
MAM02554	NADP+	R_MAR06767	exchange	MAM02555	NADPH
MAM02554	NADP+	R_MAR06791	exchange	MAM02555	NADPH
MAM02554	NADP+	R_MAR06814	exchange	MAM02555	NADPH
MAM02554	NADP+	R_MAR06817	exchange	MAM02555	NADPH
MAM02554	NADP+	R_MAR06819	exchange	MAM02555	NADPH
MAM02554	NADP+	R_MAR06823	exchange	MAM02555	NADPH
MAM02554	NADP+	R_MAR06826	exchange	MAM02555	NADPH
MAM02554	NADP+	R_MAR06827	exchange	MAM02555	NADPH
MAM02554	NADP+	R_MAR06834	exchange	MAM02555	NADPH
MAM02554	NADP+	R_MAR06835	exchange	MAM02555	NADPH
MAM02554	NADP+	R_MAR06840	exchange	MAM02555	NADPH
MAM02554	NADP+	R_MAR06841	exchange	MAM02555	NADPH
MAM02554	NADP+	R_MAR06848	exchange	MAM02555	NADPH
MAM02554	NADP+	R_MAR06849	exchange	MAM02555	NADPH
MAM02554	NADP+	R_MAR06854	exchange	MAM02555	NADPH
MAM02554	NADP+	R_MAR06855	exchange	MAM02555	NADPH
MAM02554	NADP+	R_MAR06885	exchange	MAM02555	NADPH
MAM02554	NADP+	R_MAR06904	exchange	MAM02555	NADPH
MAM02554	NADP+	R_MAR06907	exchange	MAM02555	NADPH
MAM02554	NADP+	R_MAR06909	exchange	MAM02555	NADPH
MAM02554	NADP+	R_MAR06992	exchange	MAM02555	NADPH
MAM02554	NADP+	R_MAR06993	exchange	MAM02555	NADPH
MAM02554	NADP+	R_MAR06994	exchange	MAM02555	NADPH
MAM02554	NADP+	R_MAR06999	exchange	MAM02555	NADPH
MAM02554	NADP+	R_MAR07000	exchange	MAM02555	NADPH
MAM02554	NADP+	R_MAR07001	exchange	MAM02555	NADPH
MAM02554	NADP+	R_MAR07002	exchange	MAM02555	NADPH
MAM02554	NADP+	R_MAR07005	exchange	MAM02555	NADPH
MAM02554	NADP+	R_MAR07007	exchange	MAM02555	NADPH
MAM02554	NADP+	R_MAR07009	exchange	MAM02555	NADPH
MAM02554	NADP+	R_MAR07012	exchange	MAM02555	NADPH
MAM02554	NADP+	R_MAR07017	exchange	MAM02555	NADPH
MAM02554	NADP+	R_MAR07018	exchange	MAM02555	NADPH
MAM02554	NADP+	R_MAR07019	exchange	MAM02555	NADPH
MAM02554	NADP+	R_MAR07020	exchange	MAM02555	NADPH
MAM02554	NADP+	R_MAR07021	exchange	MAM02555	NADPH
MAM02554	NADP+	R_MAR07030	exchange	MAM02555	NADPH
MAM02554	NADP+	R_MAR07032	exchange	MAM02555	NADPH
MAM02554	NADP+	R_MAR07033	exchange	MAM02555	NADPH
MAM02554	NADP+	R_MAR07036	exchange	MAM02555	NADPH
MAM02554	NADP+	R_MAR07037	exchange	MAM02555	NADPH
MAM02554	NADP+	R_MAR07040	exchange	MAM02555	NADPH
MAM02554	NADP+	R_MAR07044	exchange	MAM02555	NADPH
MAM02554	NADP+	R_MAR07048	exchange	MAM02555	NADPH
MAM02554	NADP+	R_MAR07052	exchange	MAM02555	NADPH
MAM02554	NADP+	R_MAR07053	exchange	MAM02555	NADPH
MAM02554	NADP+	R_MAR07054	exchange	MAM02555	NADPH
MAM02554	NADP+	R_MAR07056	exchange	MAM02555	NADPH
MAM02554	NADP+	R_MAR07059	exchange	MAM02555	NADPH
MAM02554	NADP+	R_MAR07060	exchange	MAM02555	NADPH
MAM02554	NADP+	R_MAR07061	exchange	MAM02555	NADPH
MAM02554	NADP+	R_MAR07062	exchange	MAM02555	NADPH
MAM02554	NADP+	R_MAR07063	exchange	MAM02555	NADPH
MAM02554	NADP+	R_MAR07064	exchange	MAM02555	NADPH
MAM02554	NADP+	R_MAR07067	exchange	MAM02555	NADPH
MAM02554	NADP+	R_MAR07070	exchange	MAM02555	NADPH
MAM02554	NADP+	R_MAR07072	exchange	MAM02555	NADPH
MAM02554	NADP+	R_MAR07074	exchange	MAM02555	NADPH
MAM02554	NADP+	R_MAR07076	exchange	MAM02555	NADPH
MAM02554	NADP+	R_MAR07078	exchange	MAM02555	NADPH
MAM02554	NADP+	R_MAR07082	exchange	MAM02555	NADPH
MAM02554	NADP+	R_MAR07088	exchange	MAM02555	NADPH
MAM02554	NADP+	R_MAR07091	exchange	MAM02555	NADPH
MAM02554	NADP+	R_MAR07096	exchange	MAM02555	NADPH
MAM02554	NADP+	R_MAR07099	exchange	MAM02555	NADPH
MAM02554	NADP+	R_MAR07130	exchange	MAM02555	NADPH
MAM02554	NADP+	R_MAR07131	exchange	MAM02555	NADPH
MAM02554	NADP+	R_MAR07138	exchange	MAM02555	NADPH
MAM02554	NADP+	R_MAR07146	exchange	MAM02555	NADPH
MAM02554	NADP+	R_MAR07260	exchange	MAM02555	NADPH
MAM02554	NADP+	R_MAR07591	exchange	MAM02555	NADPH
MAM02554	NADP+	R_MAR07597	exchange	MAM02555	NADPH
MAM02554	NADP+	R_MAR07601	exchange	MAM02555	NADPH
MAM02554	NADP+	R_MAR07702	exchange	MAM02555	NADPH
MAM02554	NADP+	R_MAR07928	exchange	MAM02555	NADPH
MAM02554	NADP+	R_MAR07932	exchange	MAM02555	NADPH
MAM02554	NADP+	R_MAR07934	exchange	MAM02555	NADPH
MAM02554	NADP+	R_MAR07935	exchange	MAM02555	NADPH
MAM02554	NADP+	R_MAR07936	exchange	MAM02555	NADPH
MAM02554	NADP+	R_MAR07937	exchange	MAM02555	NADPH
MAM02554	NADP+	R_MAR07938	exchange	MAM02555	NADPH
MAM02554	NADP+	R_MAR07940	exchange	MAM02555	NADPH
MAM02554	NADP+	R_MAR07941	exchange	MAM02555	NADPH
MAM02554	NADP+	R_MAR07942	exchange	MAM02555	NADPH
MAM02554	NADP+	R_MAR07957	exchange	MAM02555	NADPH
MAM02554	NADP+	R_MAR07958	exchange	MAM02555	NADPH
MAM02554	NADP+	R_MAR07970	exchange	MAM02555	NADPH
MAM02554	NADP+	R_MAR07972	exchange	MAM02555	NADPH
MAM02554	NADP+	R_MAR07976	exchange	MAM02555	NADPH
MAM02554	NADP+	R_MAR07996	exchange	MAM02555	NADPH
MAM02554	NADP+	R_MAR07999	exchange	MAM02555	NADPH
MAM02554	NADP+	R_MAR08003	exchange	MAM02555	NADPH
MAM02554	NADP+	R_MAR08004	exchange	MAM02555	NADPH
MAM02554	NADP+	R_MAR08005	exchange	MAM02555	NADPH
MAM02554	NADP+	R_MAR08006	exchange	MAM02555	NADPH
MAM02554	NADP+	R_MAR08008	exchange	MAM02555	NADPH
MAM02554	NADP+	R_MAR08032	exchange	MAM02555	NADPH
MAM02554	NADP+	R_MAR08034	exchange	MAM02555	NADPH
MAM02554	NADP+	R_MAR08036	exchange	MAM02555	NADPH
MAM02554	NADP+	R_MAR08037	exchange	MAM02555	NADPH
MAM02554	NADP+	R_MAR08038	exchange	MAM02555	NADPH
MAM02554	NADP+	R_MAR08040	exchange	MAM02555	NADPH
MAM02554	NADP+	R_MAR08043	exchange	MAM02555	NADPH
MAM02554	NADP+	R_MAR08046	exchange	MAM02555	NADPH
MAM02554	NADP+	R_MAR08049	exchange	MAM02555	NADPH
MAM02554	NADP+	R_MAR08052	exchange	MAM02555	NADPH
MAM02554	NADP+	R_MAR08055	exchange	MAM02555	NADPH
MAM02554	NADP+	R_MAR08059	exchange	MAM02555	NADPH
MAM02554	NADP+	R_MAR08062	exchange	MAM02555	NADPH
MAM02554	NADP+	R_MAR08218	exchange	MAM02555	NADPH
MAM02554	NADP+	R_MAR08219	exchange	MAM02555	NADPH
MAM02554	NADP+	R_MAR08341	exchange	MAM02555	NADPH
MAM02554	NADP+	R_MAR08344	exchange	MAM02555	NADPH
MAM02554	NADP+	R_MAR08348	exchange	MAM02555	NADPH
MAM02554	NADP+	R_MAR08497	exchange	MAM02555	NADPH
MAM02554	NADP+	R_MAR08498	exchange	MAM02555	NADPH
MAM02554	NADP+	R_MAR08499	exchange	MAM02555	NADPH
MAM02554	NADP+	R_MAR08500	exchange	MAM02555	NADPH
MAM02554	NADP+	R_MAR08501	exchange	MAM02555	NADPH
MAM02554	NADP+	R_MAR08509	exchange	MAM02555	NADPH
MAM02554	NADP+	R_MAR08546	exchange	MAM02555	NADPH
MAM02554	NADP+	R_MAR08554	exchange	MAM02555	NADPH
MAM02554	NADP+	R_MAR08555	exchange	MAM02555	NADPH
MAM02554	NADP+	R_MAR08556	exchange	MAM02555	NADPH
MAM02554	NADP+	R_MAR08557	exchange	MAM02555	NADPH
MAM02554	NADP+	R_MAR08558	exchange	MAM02555	NADPH
MAM02554	NADP+	R_MAR08566	exchange	MAM02555	NADPH
MAM02554	NADP+	R_MAR08596	exchange	MAM02555	NADPH
MAM02554	NADP+	R_MAR08598	exchange	MAM02555	NADPH
MAM02554	NADP+	R_MAR08601	exchange	MAM02555	NADPH
MAM02554	NADP+	R_MAR08609	exchange	MAM02555	NADPH
MAM02554	NADP+	R_MAR08634	exchange	MAM02555	NADPH
MAM02554	NADP+	R_MAR08675	exchange	MAM02555	NADPH
MAM02554	NADP+	R_MAR08698	exchange	MAM02555	NADPH
MAM02554	NADP+	R_MAR08699	exchange	MAM02555	NADPH
MAM02554	NADP+	R_MAR08700	exchange	MAM02555	NADPH
MAM02554	NADP+	R_MAR08709	exchange	MAM02555	NADPH
MAM02554	NADP+	R_MAR08739	exchange	MAM02555	NADPH
MAM02554	NADP+	R_MAR08757	exchange	MAM02555	NADPH
MAM02554	NADP+	R_MAR08766	exchange	MAM02555	NADPH
MAM02554	NADP+	R_MAR08768	exchange	MAM02555	NADPH
MAM02554	NADP+	R_MAR08779	exchange	MAM02555	NADPH
MAM02554	NADP+	R_MAR08971	exchange	MAM02555	NADPH
MAM02554	NADP+	R_MAR09501	exchange	MAM02555	NADPH
MAM02554	NADP+	R_MAR09514	exchange	MAM02555	NADPH
MAM02554	NADP+	R_MAR09550	exchange	MAM02555	NADPH
MAM02554	NADP+	R_MAR09557	exchange	MAM02555	NADPH
MAM02554	NADP+	R_MAR09803	exchange	MAM02555	NADPH
MAM02554	NADP+	R_MAR09804	exchange	MAM02555	NADPH
MAM02554	NADP+	R_MAR09933	exchange	MAM02555	NADPH
MAM02554	NADP+	R_MAR09937	exchange	MAM02555	NADPH
MAM02554	NADP+	R_MAR09971	exchange	MAM02555	NADPH
MAM02554	NADP+	R_MAR10061	exchange	MAM02555	NADPH
MAM02554	NADP+	R_MAR10071	exchange	MAM02555	NADPH
MAM02554	NADP+	R_MAR10072	exchange	MAM02555	NADPH
MAM02554	NADP+	R_MAR10448	exchange	MAM02555	NADPH
MAM02554	NADP+	R_MAR10449	exchange	MAM02555	NADPH
MAM02554	NADP+	R_MAR10461	exchange	MAM02555	NADPH
MAM02554	NADP+	R_MAR11224	exchange	MAM02555	NADPH
MAM02554	NADP+	R_MAR11225	exchange	MAM02555	NADPH
MAM02554	NADP+	R_MAR11305	exchange	MAM02555	NADPH
MAM02554	NADP+	R_MAR11368	exchange	MAM02555	NADPH
MAM02554	NADP+	R_MAR11499	exchange	MAM02555	NADPH
MAM02554	NADP+	R_MAR11545	exchange	MAM02555	NADPH
MAM02554	NADP+	R_MAR11548	exchange	MAM02555	NADPH
MAM02554	NADP+	R_MAR12005	exchange	MAM02555	NADPH
MAM02554	NADP+	R_MAR12020	exchange	MAM02555	NADPH
MAM02554	NADP+	R_MAR12041	exchange	MAM02555	NADPH
MAM02554	NADP+	R_MAR12145	exchange	MAM02555	NADPH
MAM02554	NADP+	R_MAR12146	exchange	MAM02555	NADPH
MAM02554	NADP+	R_MAR12154	exchange	MAM02555	NADPH
MAM02554	NADP+	R_MAR12158	exchange	MAM02555	NADPH
MAM02554	NADP+	R_MAR12183	exchange	MAM02555	NADPH
MAM02554	NADP+	R_MAR12289	exchange	MAM02555	NADPH
MAM02554	NADP+	R_MAR12308	exchange	MAM02555	NADPH
MAM02554	NADP+	R_MAR12318	exchange	MAM02555	NADPH
MAM02554	NADP+	R_MAR12319	exchange	MAM02555	NADPH
MAM02554	NADP+	R_MAR12337	exchange	MAM02555	NADPH
MAM02554	NADP+	R_MAR12342	exchange	MAM02555	NADPH
MAM02554	NADP+	R_MAR12349	exchange	MAM02555	NADPH
MAM02554	NADP+	R_MAR12360	exchange	MAM02555	NADPH
MAM02554	NADP+	R_MAR12363	exchange	MAM02555	NADPH
MAM02554	NADP+	R_MAR12375	exchange	MAM02555	NADPH
MAM02554	NADP+	R_MAR12387	exchange	MAM02555	NADPH
MAM02554	NADP+	R_MAR12390	exchange	MAM02555	NADPH
MAM02554	NADP+	R_MAR12392	exchange	MAM02555	NADPH
MAM02554	NADP+	R_MAR12397	exchange	MAM02555	NADPH
MAM02554	NADP+	R_MAR12404	exchange	MAM02555	NADPH
MAM02554	NADP+	R_MAR12406	exchange	MAM02555	NADPH
MAM02554	NADP+	R_MAR12409	exchange	MAM02555	NADPH
MAM02554	NADP+	R_MAR12414	exchange	MAM02555	NADPH
MAM02554	NADP+	R_MAR12417	exchange	MAM02555	NADPH
MAM02554	NADP+	R_MAR12423	exchange	MAM02555	NADPH
MAM02554	NADP+	R_MAR12427	exchange	MAM02555	NADPH
MAM02554	NADP+	R_MAR12436	exchange	MAM02555	NADPH
MAM02554	NADP+	R_MAR12439	exchange	MAM02555	NADPH
MAM02554	NADP+	R_MAR12443	exchange	MAM02555	NADPH
MAM02554	NADP+	R_MAR12446	exchange	MAM02555	NADPH
MAM02554	NADP+	R_MAR12449	exchange	MAM02555	NADPH
MAM02554	NADP+	R_MAR12455	exchange	MAM02555	NADPH
MAM02554	NADP+	R_MAR12457	exchange	MAM02555	NADPH
MAM02554	NADP+	R_MAR12474	exchange	MAM02555	NADPH
MAM02554	NADP+	R_MAR12475	exchange	MAM02555	NADPH
MAM02554	NADP+	R_MAR12481	exchange	MAM02555	NADPH
MAM02554	NADP+	R_MAR12484	exchange	MAM02555	NADPH
MAM02554	NADP+	R_MAR12489	exchange	MAM02555	NADPH
MAM02554	NADP+	R_MAR12492	exchange	MAM02555	NADPH
MAM02554	NADP+	R_MAR12497	exchange	MAM02555	NADPH
MAM02554	NADP+	R_MAR12500	exchange	MAM02555	NADPH
MAM02554	NADP+	R_MAR12506	exchange	MAM02555	NADPH
MAM02554	NADP+	R_MAR12533	exchange	MAM02555	NADPH
MAM02554	NADP+	R_MAR12535	exchange	MAM02555	NADPH
MAM02554	NADP+	R_MAR12539	exchange	MAM02555	NADPH
MAM02554	NADP+	R_MAR12543	exchange	MAM02555	NADPH
MAM02554	NADP+	R_MAR12564	exchange	MAM02555	NADPH
MAM02554	NADP+	R_MAR12567	exchange	MAM02555	NADPH
MAM02554	NADP+	R_MAR12569	exchange	MAM02555	NADPH
MAM02554	NADP+	R_MAR12738	exchange	MAM02555	NADPH
MAM02554	NADP+	R_MAR12739	exchange	MAM02555	NADPH
MAM02554	NADP+	R_MAR12746	exchange	MAM02555	NADPH
MAM02554	NADP+	R_MAR12747	exchange	MAM02555	NADPH
MAM02554	NADP+	R_MAR12748	exchange	MAM02555	NADPH
MAM02554	NADP+	R_MAR12761	exchange	MAM02555	NADPH
MAM02554	NADP+	R_MAR12763	exchange	MAM02555	NADPH
MAM02554	NADP+	R_MAR12767	exchange	MAM02555	NADPH
MAM02554	NADP+	R_MAR12777	exchange	MAM02555	NADPH
MAM02554	NADP+	R_MAR12778	exchange	MAM02555	NADPH
MAM02554	NADP+	R_MAR12779	exchange	MAM02555	NADPH
MAM02554	NADP+	R_MAR12780	exchange	MAM02555	NADPH
MAM02554	NADP+	R_MAR12781	exchange	MAM02555	NADPH
MAM02554	NADP+	R_MAR12790	exchange	MAM02555	NADPH
MAM02554	NADP+	R_MAR12792	exchange	MAM02555	NADPH
MAM02554	NADP+	R_MAR12794	exchange	MAM02555	NADPH
MAM02554	NADP+	R_MAR12801	exchange	MAM02555	NADPH
MAM02554	NADP+	R_MAR12808	exchange	MAM02555	NADPH
MAM02554	NADP+	R_MAR12815	exchange	MAM02555	NADPH
MAM02554	NADP+	R_MAR12856	exchange	MAM02555	NADPH
MAM02554	NADP+	R_MAR12860	exchange	MAM02555	NADPH
MAM02554	NADP+	R_MAR12862	exchange	MAM02555	NADPH
MAM02554	NADP+	R_MAR12869	exchange	MAM02555	NADPH
MAM02554	NADP+	R_MAR12996	exchange	MAM02555	NADPH
MAM02554	NADP+	R_MAR13001	exchange	MAM02555	NADPH
MAM02554	NADP+	R_MAR20018	exchange	MAM02555	NADPH
MAM02554	NADP+	R_MAR20019	exchange	MAM02555	NADPH
MAM02554	NADP+	R_MAR20031	exchange	MAM02555	NADPH
MAM02554	NADP+	R_MAR20032	exchange	MAM02555	NADPH
MAM02554	NADP+	R_MAR20037	exchange	MAM02555	NADPH
MAM02554	NADP+	R_MAR20038	exchange	MAM02555	NADPH
MAM02554	NADP+	R_MAR20040	exchange	MAM02555	NADPH
MAM02554	NADP+	R_MAR20041	exchange	MAM02555	NADPH
MAM02554	NADP+	R_MAR20042	exchange	MAM02555	NADPH
MAM02554	NADP+	R_MAR20044	exchange	MAM02555	NADPH
MAM02554	NADP+	R_MAR20184	exchange	MAM02555	NADPH
MAM02554	NADP+	R_MAR20185	exchange	MAM02555	NADPH
MAM02554	NADP+	R_MAR04268	kept		
MAM02554	NADP+	R_MAR04269	kept		
MAM02554	NADP+	R_MAR04270	kept		
MAM02554	NADP+	R_MAR07627	kept		
MAM02554	NADP+	R_MAR08788	kept		
MAM02555	NADPH	R_MAR00101	exchange	MAM02554	NADP+
MAM02555	NADPH	R_MAR00113	exchange	MAM02554	NADP+
MAM02555	NADPH	R_MAR00115	exchange	MAM02554	NADP+
MAM02555	NADPH	R_MAR00116	exchange	MAM02554	NADP+
MAM02555	NADPH	R_MAR00117	exchange	MAM02554	NADP+
MAM02555	NADPH	R_MAR00134	exchange	MAM02554	NADP+
MAM02555	NADPH	R_MAR00227	exchange	MAM02554	NADP+
MAM02555	NADPH	R_MAR00228	exchange	MAM02554	NADP+
MAM02555	NADPH	R_MAR00453	exchange	MAM02554	NADP+
MAM02555	NADPH	R_MAR00458	exchange	MAM02554	NADP+
MAM02555	NADPH	R_MAR00703	exchange	MAM02554	NADP+
MAM02555	NADPH	R_MAR00708	exchange	MAM02554	NADP+
MAM02555	NADPH	R_MAR00710	exchange	MAM02554	NADP+
MAM02555	NADPH	R_MAR00712	exchange	MAM02554	NADP+
MAM02555	NADPH	R_MAR00715	exchange	MAM02554	NADP+
MAM02555	NADPH	R_MAR00741	exchange	MAM02554	NADP+
MAM02555	NADPH	R_MAR00743	exchange	MAM02554	NADP+
MAM02555	NADPH	R_MAR00745	exchange	MAM02554	NADP+
MAM02555	NADPH	R_MAR00747	exchange	MAM02554	NADP+
MAM02555	NADPH	R_MAR00749	exchange	MAM02554	NADP+
MAM02555	NADPH	R_MAR00754	exchange	MAM02554	NADP+
MAM02555	NADPH	R_MAR00781	exchange	MAM02554	NADP+
MAM02555	NADPH	R_MAR00931	exchange	MAM02554	NADP+
MAM02555	NADPH	R_MAR00932	exchange	MAM02554	NADP+
MAM02555	NADPH	R_MAR00933	exchange	MAM02554	NADP+
MAM02555	NADPH	R_MAR00934	exchange	MAM02554	NADP+
MAM02555	NADPH	R_MAR00935	exchange	MAM02554	NADP+
MAM02555	NADPH	R_MAR00936	exchange	MAM02554	NADP+
MAM02555	NADPH	R_MAR00937	exchange	MAM02554	NADP+
MAM02555	NADPH	R_MAR00938	exchange	MAM02554	NADP+
MAM02555	NADPH	R_MAR00939	exchange	MAM02554	NADP+
MAM02555	NADPH	R_MAR00940	exchange	MAM02554	NADP+
MAM02555	NADPH	R_MAR00942	exchange	MAM02554	NADP+
MAM02555	NADPH	R_MAR00946	exchange	MAM02554	NADP+
MAM02555	NADPH	R_MAR00950	exchange	MAM02554	NADP+
MAM02555	NADPH	R_MAR00954	exchange	MAM02554	NADP+
MAM02555	NADPH	R_MAR00969	exchange	MAM02554	NADP+
MAM02555	NADPH	R_MAR00973	exchange	MAM02554	NADP+
MAM02555	NADPH	R_MAR00980	exchange	MAM02554	NADP+
MAM02555	NADPH	R_MAR00981	exchange	MAM02554	NADP+
MAM02555	NADPH	R_MAR00989	exchange	MAM02554	NADP+
MAM02555	NADPH	R_MAR00995	exchange	MAM02554	NADP+
MAM02555	NADPH	R_MAR00996	exchange	MAM02554	NADP+
MAM02555	NADPH	R_MAR00997	exchange	MAM02554	NADP+
MAM02555	NADPH	R_MAR01012	exchange	MAM02554	NADP+
MAM02555	NADPH	R_MAR01019	exchange	MAM02554	NADP+
MAM02555	NADPH	R_MAR01024	exchange	MAM02554	NADP+
MAM02555	NADPH	R_MAR01031	exchange	MAM02554	NADP+
MAM02555	NADPH	R_MAR01032	exchange	MAM02554	NADP+
MAM02555	NADPH	R_MAR01036	exchange	MAM02554	NADP+
MAM02555	NADPH	R_MAR01040	exchange	MAM02554	NADP+
MAM02555	NADPH	R_MAR01059	exchange	MAM02554	NADP+
MAM02555	NADPH	R_MAR01061	exchange	MAM02554	NADP+
MAM02555	NADPH	R_MAR01071	exchange	MAM02554	NADP+
MAM02555	NADPH	R_MAR01072	exchange	MAM02554	NADP+
MAM02555	NADPH	R_MAR01093	exchange	MAM02554	NADP+
MAM02555	NADPH	R_MAR01096	exchange	MAM02554	NADP+
MAM02555	NADPH	R_MAR01098	exchange	MAM02554	NADP+
MAM02555	NADPH	R_MAR01099	exchange	MAM02554	NADP+
MAM02555	NADPH	R_MAR01102	exchange	MAM02554	NADP+
MAM02555	NADPH	R_MAR01105	exchange	MAM02554	NADP+
MAM02555	NADPH	R_MAR01107	exchange	MAM02554	NADP+
MAM02555	NADPH	R_MAR01108	exchange	MAM02554	NADP+
MAM02555	NADPH	R_MAR01109	exchange	MAM02554	NADP+
MAM02555	NADPH	R_MAR01110	exchange	MAM02554	NADP+
MAM02555	NADPH	R_MAR01111	exchange	MAM02554	NADP+
MAM02555	NADPH	R_MAR01112	exchange	MAM02554	NADP+
MAM02555	NADPH	R_MAR01116	exchange	MAM02554	NADP+
MAM02555	NADPH	R_MAR01117	exchange	MAM02554	NADP+
MAM02555	NADPH	R_MAR01123	exchange	MAM02554	NADP+
MAM02555	NADPH	R_MAR01124	exchange	MAM02554	NADP+
MAM02555	NADPH	R_MAR01125	exchange	MAM02554	NADP+
MAM02555	NADPH	R_MAR01126	exchange	MAM02554	NADP+
MAM02555	NADPH	R_MAR01127	exchange	MAM02554	NADP+
MAM02555	NADPH	R_MAR01128	exchange	MAM02554	NADP+
MAM02555	NADPH	R_MAR01137	exchange	MAM02554	NADP+
MAM02555	NADPH	R_MAR01138	exchange	MAM02554	NADP+
MAM02555	NADPH	R_MAR01139	exchange	MAM02554	NADP+
MAM02555	NADPH	R_MAR01140	exchange	MAM02554	NADP+
MAM02555	NADPH	R_MAR01146	exchange	MAM02554	NADP+
MAM02555	NADPH	R_MAR01147	exchange	MAM02554	NADP+
MAM02555	NADPH	R_MAR01148	exchange	MAM02554	NADP+
MAM02555	NADPH	R_MAR01149	exchange	MAM02554	NADP+
MAM02555	NADPH	R_MAR01150	exchange	MAM02554	NADP+
MAM02555	NADPH	R_MAR01151	exchange	MAM02554	NADP+
MAM02555	NADPH	R_MAR01152	exchange	MAM02554	NADP+
MAM02555	NADPH	R_MAR01153	exchange	MAM02554	NADP+
MAM02555	NADPH	R_MAR01154	exchange	MAM02554	NADP+
MAM02555	NADPH	R_MAR01155	exchange	MAM02554	NADP+
MAM02555	NADPH	R_MAR01156	exchange	MAM02554	NADP+
MAM02555	NADPH	R_MAR01176	exchange	MAM02554	NADP+
MAM02555	NADPH	R_MAR01181	exchange	MAM02554	NADP+
MAM02555	NADPH	R_MAR01190	exchange	MAM02554	NADP+
MAM02555	NADPH	R_MAR01191	exchange	MAM02554	NADP+
MAM02555	NADPH	R_MAR01192	exchange	MAM02554	NADP+
MAM02555	NADPH	R_MAR01193	exchange	MAM02554	NADP+
MAM02555	NADPH	R_MAR01194	exchange	MAM02554	NADP+
MAM02555	NADPH	R_MAR01195	exchange	MAM02554	NADP+
MAM02555	NADPH	R_MAR01196	exchange	MAM02554	NADP+
MAM02555	NADPH	R_MAR01197	exchange	MAM02554	NADP+
MAM02555	NADPH	R_MAR01198	exchange	MAM02554	NADP+
MAM02555	NADPH	R_MAR01199	exchange	MAM02554	NADP+
MAM02555	NADPH	R_MAR01218	exchange	MAM02554	NADP+
MAM02555	NADPH	R_MAR01222	exchange	MAM02554	NADP+
MAM02555	NADPH	R_MAR01231	exchange	MAM02554	NADP+
MAM02555	NADPH	R_MAR01232	exchange	MAM02554	NADP+
MAM02555	NADPH	R_MAR01233	exchange	MAM02554	NADP+
MAM02555	NADPH	R_MAR01234	exchange	MAM02554	NADP+
MAM02555	NADPH	R_MAR01235	exchange	MAM02554	NADP+
MAM02555	NADPH	R_MAR01236	exchange	MAM02554	NADP+
MAM02555	NADPH	R_MAR01237	exchange	MAM02554	NADP+
MAM02555	NADPH	R_MAR01238	exchange	MAM02554	NADP+
MAM02555	NADPH	R_MAR01239	exchange	MAM02554	NADP+
MAM02555	NADPH	R_MAR01244	exchange	MAM02554	NADP+
MAM02555	NADPH	R_MAR01245	exchange	MAM02554	NADP+
MAM02555	NADPH	R_MAR01246	exchange	MAM02554	NADP+
MAM02555	NADPH	R_MAR01280	exchange	MAM02554	NADP+
MAM02555	NADPH	R_MAR01281	exchange	MAM02554	NADP+
MAM02555	NADPH	R_MAR01282	exchange	MAM02554	NADP+
MAM02555	NADPH	R_MAR01287	exchange	MAM02554	NADP+
MAM02555	NADPH	R_MAR01297	exchange	MAM02554	NADP+
MAM02555	NADPH	R_MAR01326	exchange	MAM02554	NADP+
MAM02555	NADPH	R_MAR01327	exchange	MAM02554	NADP+
MAM02555	NADPH	R_MAR01329	exchange	MAM02554	NADP+
MAM02555	NADPH	R_MAR01336	exchange	MAM02554	NADP+
MAM02555	NADPH	R_MAR01344	exchange	MAM02554	NADP+
MAM02555	NADPH	R_MAR01382	exchange	MAM02554	NADP+
MAM02555	NADPH	R_MAR01387	exchange	MAM02554	NADP+
MAM02555	NADPH	R_MAR01440	exchange	MAM02554	NADP+
MAM02555	NADPH	R_MAR01446	exchange	MAM02554	NADP+
MAM02555	NADPH	R_MAR01450	exchange	MAM02554	NADP+
MAM02555	NADPH	R_MAR01456	exchange	MAM02554	NADP+
MAM02555	NADPH	R_MAR01467	exchange	MAM02554	NADP+
MAM02555	NADPH	R_MAR01470	exchange	MAM02554	NADP+
MAM02555	NADPH	R_MAR01471	exchange	MAM02554	NADP+
MAM02555	NADPH	R_MAR01477	exchange	MAM02554	NADP+
MAM02555	NADPH	R_MAR01478	exchange	MAM02554	NADP+
MAM02555	NADPH	R_MAR01479	exchange	MAM02554	NADP+
MAM02555	NADPH	R_MAR01484	exchange	MAM02554	NADP+
MAM02555	NADPH	R_MAR01490	exchange	MAM02554	NADP+
MAM02555	NADPH	R_MAR01493	exchange	MAM02554	NADP+
MAM02555	NADPH	R_MAR01494	exchange	MAM02554	NADP+
MAM02555	NADPH	R_MAR01495	exchange	MAM02554	NADP+
MAM02555	NADPH	R_MAR01497	exchange	MAM02554	NADP+
MAM02555	NADPH	R_MAR01500	exchange	MAM02554	NADP+
MAM02555	NADPH	R_MAR01502	exchange	MAM02554	NADP+
MAM02555	NADPH	R_MAR01503	exchange	MAM02554	NADP+
MAM02555	NADPH	R_MAR01504	exchange	MAM02554	NADP+
MAM02555	NADPH	R_MAR01505	exchange	MAM02554	NADP+
MAM02555	NADPH	R_MAR01508	exchange	MAM02554	NADP+
MAM02555	NADPH	R_MAR01509	exchange	MAM02554	NADP+
MAM02555	NADPH	R_MAR01510	exchange	MAM02554	NADP+
MAM02555	NADPH	R_MAR01516	exchange	MAM02554	NADP+
MAM02555	NADPH	R_MAR01519	exchange	MAM02554	NADP+
MAM02555	NADPH	R_MAR01526	exchange	MAM02554	NADP+
MAM02555	NADPH	R_MAR01533	exchange	MAM02554	NADP+
MAM02555	NADPH	R_MAR01535	exchange	MAM02554	NADP+
MAM02555	NADPH	R_MAR01536	exchange	MAM02554	NADP+
MAM02555	NADPH	R_MAR01538	exchange	MAM02554	NADP+
MAM02555	NADPH	R_MAR01539	exchange	MAM02554	NADP+
MAM02555	NADPH	R_MAR01540	exchange	MAM02554	NADP+
MAM02555	NADPH	R_MAR01543	exchange	MAM02554	NADP+
MAM02555	NADPH	R_MAR01544	exchange	MAM02554	NADP+
MAM02555	NADPH	R_MAR01545	exchange	MAM02554	NADP+
MAM02555	NADPH	R_MAR01546	exchange	MAM02554	NADP+
MAM02555	NADPH	R_MAR01547	exchange	MAM02554	NADP+
MAM02555	NADPH	R_MAR01548	exchange	MAM02554	NADP+
MAM02555	NADPH	R_MAR01549	exchange	MAM02554	NADP+
MAM02555	NADPH	R_MAR01550	exchange	MAM02554	NADP+
MAM02555	NADPH	R_MAR01551	exchange	MAM02554	NADP+
MAM02555	NADPH	R_MAR01552	exchange	MAM02554	NADP+
MAM02555	NADPH	R_MAR01558	exchange	MAM02554	NADP+
MAM02555	NADPH	R_MAR01565	exchange	MAM02554	NADP+
MAM02555	NADPH	R_MAR01567	exchange	MAM02554	NADP+
MAM02555	NADPH	R_MAR01569	exchange	MAM02554	NADP+
MAM02555	NADPH	R_MAR01570	exchange	MAM02554	NADP+
MAM02555	NADPH	R_MAR01571	exchange	MAM02554	NADP+
MAM02555	NADPH	R_MAR01574	exchange	MAM02554	NADP+
MAM02555	NADPH	R_MAR01575	exchange	MAM02554	NADP+
MAM02555	NADPH	R_MAR01578	exchange	MAM02554	NADP+
MAM02555	NADPH	R_MAR01581	exchange	MAM02554	NADP+
MAM02555	NADPH	R_MAR01585	exchange	MAM02554	NADP+
MAM02555	NADPH	R_MAR01589	exchange	MAM02554	NADP+
MAM02555	NADPH	R_MAR01595	exchange	MAM02554	NADP+
MAM02555	NADPH	R_MAR01599	exchange	MAM02554	NADP+
MAM02555	NADPH	R_MAR01604	exchange	MAM02554	NADP+
MAM02555	NADPH	R_MAR01605	exchange	MAM02554	NADP+
MAM02555	NADPH	R_MAR01610	exchange	MAM02554	NADP+
MAM02555	NADPH	R_MAR01614	exchange	MAM02554	NADP+
MAM02555	NADPH	R_MAR01673	exchange	MAM02554	NADP+
MAM02555	NADPH	R_MAR01676	exchange	MAM02554	NADP+
MAM02555	NADPH	R_MAR01681	exchange	MAM02554	NADP+
MAM02555	NADPH	R_MAR01682	exchange	MAM02554	NADP+
MAM02555	NADPH	R_MAR01685	exchange	MAM02554	NADP+
MAM02555	NADPH	R_MAR01687	exchange	MAM02554	NADP+
MAM02555	NADPH	R_MAR01690	exchange	MAM02554	NADP+
MAM02555	NADPH	R_MAR01691	exchange	MAM02554	NADP+
MAM02555	NADPH	R_MAR01693	exchange	MAM02554	NADP+
MAM02555	NADPH	R_MAR01714	exchange	MAM02554	NADP+
MAM02555	NADPH	R_MAR01715	exchange	MAM02554	NADP+
MAM02555	NADPH	R_MAR01735	exchange	MAM02554	NADP+
MAM02555	NADPH	R_MAR01737	exchange	MAM02554	NADP+
MAM02555	NADPH	R_MAR01739	exchange	MAM02554	NADP+
MAM02555	NADPH	R_MAR01740	exchange	MAM02554	NADP+
MAM02555	NADPH	R_MAR01741	exchange	MAM02554	NADP+
MAM02555	NADPH	R_MAR01742	exchange	MAM02554	NADP+
MAM02555	NADPH	R_MAR01743	exchange	MAM02554	NADP+
MAM02555	NADPH	R_MAR01746	exchange	MAM02554	NADP+
MAM02555	NADPH	R_MAR01747	exchange	MAM02554	NADP+
MAM02555	NADPH	R_MAR01748	exchange	MAM02554	NADP+
MAM02555	NADPH	R_MAR01749	exchange	MAM02554	NADP+
MAM02555	NADPH	R_MAR01750	exchange	MAM02554	NADP+
MAM02555	NADPH	R_MAR01751	exchange	MAM02554	NADP+
MAM02555	NADPH	R_MAR01762	exchange	MAM02554	NADP+
MAM02555	NADPH	R_MAR01765	exchange	MAM02554	NADP+
MAM02555	NADPH	R_MAR01767	exchange	MAM02554	NADP+
MAM02555	NADPH	R_MAR01768	exchange	MAM02554	NADP+
MAM02555	NADPH	R_MAR01769	exchange	MAM02554	NADP+
MAM02555	NADPH	R_MAR01770	exchange	MAM02554	NADP+
MAM02555	NADPH	R_MAR01771	exchange	MAM02554	NADP+
MAM02555	NADPH	R_MAR01776	exchange	MAM02554	NADP+
MAM02555	NADPH	R_MAR01777	exchange	MAM02554	NADP+
MAM02555	NADPH	R_MAR01781	exchange	MAM02554	NADP+
MAM02555	NADPH	R_MAR01784	exchange	MAM02554	NADP+
MAM02555	NADPH	R_MAR01785	exchange	MAM02554	NADP+
MAM02555	NADPH	R_MAR01786	exchange	MAM02554	NADP+
MAM02555	NADPH	R_MAR01790	exchange	MAM02554	NADP+
MAM02555	NADPH	R_MAR01792	exchange	MAM02554	NADP+
MAM02555	NADPH	R_MAR01794	exchange	MAM02554	NADP+
MAM02555	NADPH	R_MAR01796	exchange	MAM02554	NADP+
MAM02555	NADPH	R_MAR01797	exchange	MAM02554	NADP+
MAM02555	NADPH	R_MAR01798	exchange	MAM02554	NADP+
MAM02555	NADPH	R_MAR01800	exchange	MAM02554	NADP+
MAM02555	NADPH	R_MAR01802	exchange	MAM02554	NADP+
MAM02555	NADPH	R_MAR01804	exchange	MAM02554	NADP+
MAM02555	NADPH	R_MAR01805	exchange	MAM02554	NADP+
MAM02555	NADPH	R_MAR01810	exchange	MAM02554	NADP+
MAM02555	NADPH	R_MAR01811	exchange	MAM02554	NADP+
MAM02555	NADPH	R_MAR01813	exchange	MAM02554	NADP+
MAM02555	NADPH	R_MAR01815	exchange	MAM02554	NADP+
MAM02555	NADPH	R_MAR01817	exchange	MAM02554	NADP+
MAM02555	NADPH	R_MAR01819	exchange	MAM02554	NADP+
MAM02555	NADPH	R_MAR01830	exchange	MAM02554	NADP+
MAM02555	NADPH	R_MAR01831	exchange	MAM02554	NADP+
MAM02555	NADPH	R_MAR01838	exchange	MAM02554	NADP+
MAM02555	NADPH	R_MAR01839	exchange	MAM02554	NADP+
MAM02555	NADPH	R_MAR01840	exchange	MAM02554	NADP+
MAM02555	NADPH	R_MAR01927	exchange	MAM02554	NADP+
MAM02555	NADPH	R_MAR01928	exchange	MAM02554	NADP+
MAM02555	NADPH	R_MAR01929	exchange	MAM02554	NADP+
MAM02555	NADPH	R_MAR01931	exchange	MAM02554	NADP+
MAM02555	NADPH	R_MAR01933	exchange	MAM02554	NADP+
MAM02555	NADPH	R_MAR01940	exchange	MAM02554	NADP+
MAM02555	NADPH	R_MAR01943	exchange	MAM02554	NADP+
MAM02555	NADPH	R_MAR01944	exchange	MAM02554	NADP+
MAM02555	NADPH	R_MAR01945	exchange	MAM02554	NADP+
MAM02555	NADPH	R_MAR01948	exchange	MAM02554	NADP+
MAM02555	NADPH	R_MAR01958	exchange	MAM02554	NADP+
MAM02555	NADPH	R_MAR01959	exchange	MAM02554	NADP+
MAM02555	NADPH	R_MAR01960	exchange	MAM02554	NADP+
MAM02555	NADPH	R_MAR01973	exchange	MAM02554	NADP+
MAM02555	NADPH	R_MAR01974	exchange	MAM02554	NADP+
MAM02555	NADPH	R_MAR01976	exchange	MAM02554	NADP+
MAM02555	NADPH	R_MAR01977	exchange	MAM02554	NADP+
MAM02555	NADPH	R_MAR01978	exchange	MAM02554	NADP+
MAM02555	NADPH	R_MAR01981	exchange	MAM02554	NADP+
MAM02555	NADPH	R_MAR01985	exchange	MAM02554	NADP+
MAM02555	NADPH	R_MAR01987	exchange	MAM02554	NADP+
MAM02555	NADPH	R_MAR01988	exchange	MAM02554	NADP+
MAM02555	NADPH	R_MAR01989	exchange	MAM02554	NADP+
MAM02555	NADPH	R_MAR01990	exchange	MAM02554	NADP+
MAM02555	NADPH	R_MAR01991	exchange	MAM02554	NADP+
MAM02555	NADPH	R_MAR01992	exchange	MAM02554	NADP+
MAM02555	NADPH	R_MAR01993	exchange	MAM02554	NADP+
MAM02555	NADPH	R_MAR01995	exchange	MAM02554	NADP+
MAM02555	NADPH	R_MAR01996	exchange	MAM02554	NADP+
MAM02555	NADPH	R_MAR01999	exchange	MAM02554	NADP+
MAM02555	NADPH	R_MAR02000	exchange	MAM02554	NADP+
MAM02555	NADPH	R_MAR02001	exchange	MAM02554	NADP+
MAM02555	NADPH	R_MAR02002	exchange	MAM02554	NADP+
MAM02555	NADPH	R_MAR02003	exchange	MAM02554	NADP+
MAM02555	NADPH	R_MAR02007	exchange	MAM02554	NADP+
MAM02555	NADPH	R_MAR02009	exchange	MAM02554	NADP+
MAM02555	NADPH	R_MAR02010	exchange	MAM02554	NADP+
MAM02555	NADPH	R_MAR02011	exchange	MAM02554	NADP+
MAM02555	NADPH	R_MAR02014	exchange	MAM02554	NADP+
MAM02555	NADPH	R_MAR02015	exchange	MAM02554	NADP+
MAM02555	NADPH	R_MAR02018	exchange	MAM02554	NADP+
MAM02555	NADPH	R_MAR02019	exchange	MAM02554	NADP+
MAM02555	NADPH	R_MAR02023	exchange	MAM02554	NADP+
MAM02555	NADPH	R_MAR02028	exchange	MAM02554	NADP+
MAM02555	NADPH	R_MAR02031	exchange	MAM02554	NADP+
MAM02555	NADPH	R_MAR02034	exchange	MAM02554	NADP+
MAM02555	NADPH	R_MAR02036	exchange	MAM02554	NADP+
MAM02555	NADPH	R_MAR02041	exchange	MAM02554	NADP+
MAM02555	NADPH	R_MAR02042	exchange	MAM02554	NADP+
MAM02555	NADPH	R_MAR02043	exchange	MAM02554	NADP+
MAM02555	NADPH	R_MAR02046	exchange	MAM02554	NADP+
MAM02555	NADPH	R_MAR02047	exchange	MAM02554	NADP+
MAM02555	NADPH	R_MAR02049	exchange	MAM02554	NADP+
MAM02555	NADPH	R_MAR02050	exchange	MAM02554	NADP+
MAM02555	NADPH	R_MAR02051	exchange	MAM02554	NADP+
MAM02555	NADPH	R_MAR02053	exchange	MAM02554	NADP+
MAM02555	NADPH	R_MAR02054	exchange	MAM02554	NADP+
MAM02555	NADPH	R_MAR02055	exchange	MAM02554	NADP+
MAM02555	NADPH	R_MAR02056	exchange	MAM02554	NADP+
MAM02555	NADPH	R_MAR02057	exchange	MAM02554	NADP+
MAM02555	NADPH	R_MAR02115	exchange	MAM02554	NADP+
MAM02555	NADPH	R_MAR02117	exchange	MAM02554	NADP+
MAM02555	NADPH	R_MAR02118	exchange	MAM02554	NADP+
MAM02555	NADPH	R_MAR02129	exchange	MAM02554	NADP+
MAM02555	NADPH	R_MAR02130	exchange	MAM02554	NADP+
MAM02555	NADPH	R_MAR02137	exchange	MAM02554	NADP+
MAM02555	NADPH	R_MAR02138	exchange	MAM02554	NADP+
MAM02555	NADPH	R_MAR02141	exchange	MAM02554	NADP+
MAM02555	NADPH	R_MAR02142	exchange	MAM02554	NADP+
MAM02555	NADPH	R_MAR02143	exchange	MAM02554	NADP+
MAM02555	NADPH	R_MAR02144	exchange	MAM02554	NADP+
MAM02555	NADPH	R_MAR02145	exchange	MAM02554	NADP+
MAM02555	NADPH	R_MAR02147	exchange	MAM02554	NADP+
MAM02555	NADPH	R_MAR02148	exchange	MAM02554	NADP+
MAM02555	NADPH	R_MAR02149	exchange	MAM02554	NADP+
MAM02555	NADPH	R_MAR02153	exchange	MAM02554	NADP+
MAM02555	NADPH	R_MAR02155	exchange	MAM02554	NADP+
MAM02555	NADPH	R_MAR02157	exchange	MAM02554	NADP+
MAM02555	NADPH	R_MAR02159	exchange	MAM02554	NADP+
MAM02555	NADPH	R_MAR02161	exchange	MAM02554	NADP+
MAM02555	NADPH	R_MAR02163	exchange	MAM02554	NADP+
MAM02555	NADPH	R_MAR02165	exchange	MAM02554	NADP+
MAM02555	NADPH	R_MAR02167	exchange	MAM02554	NADP+
MAM02555	NADPH	R_MAR02169	exchange	MAM02554	NADP+
MAM02555	NADPH	R_MAR02171	exchange	MAM02554	NADP+
MAM02555	NADPH	R_MAR02174	exchange	MAM02554	NADP+
MAM02555	NADPH	R_MAR02176	exchange	MAM02554	NADP+
MAM02555	NADPH	R_MAR02179	exchange	MAM02554	NADP+
MAM02555	NADPH	R_MAR02181	exchange	MAM02554	NADP+
MAM02555	NADPH	R_MAR02183	exchange	MAM02554	NADP+
MAM02555	NADPH	R_MAR02184	exchange	MAM02554	NADP+
MAM02555	NADPH	R_MAR02187	exchange	MAM02554	NADP+
MAM02555	NADPH	R_MAR02189	exchange	MAM02554	NADP+
MAM02555	NADPH	R_MAR02191	exchange	MAM02554	NADP+
MAM02555	NADPH	R_MAR02194	exchange	MAM02554	NADP+
MAM02555	NADPH	R_MAR02195	exchange	MAM02554	NADP+
MAM02555	NADPH	R_MAR02197	exchange	MAM02554	NADP+
MAM02555	NADPH	R_MAR02200	exchange	MAM02554	NADP+
MAM02555	NADPH	R_MAR02202	exchange	MAM02554	NADP+
MAM02555	NADPH	R_MAR02204	exchange	MAM02554	NADP+
MAM02555	NADPH	R_MAR02206	exchange	MAM02554	NADP+
MAM02555	NADPH	R_MAR02207	exchange	MAM02554	NADP+
MAM02555	NADPH	R_MAR02208	exchange	MAM02554	NADP+
MAM02555	NADPH	R_MAR02210	exchange	MAM02554	NADP+
MAM02555	NADPH	R_MAR02212	exchange	MAM02554	NADP+
MAM02555	NADPH	R_MAR02214	exchange	MAM02554	NADP+
MAM02555	NADPH	R_MAR02217	exchange	MAM02554	NADP+
MAM02555	NADPH	R_MAR02219	exchange	MAM02554	NADP+
MAM02555	NADPH	R_MAR02229	exchange	MAM02554	NADP+
MAM02555	NADPH	R_MAR02231	exchange	MAM02554	NADP+
MAM02555	NADPH	R_MAR02233	exchange	MAM02554	NADP+
MAM02555	NADPH	R_MAR02235	exchange	MAM02554	NADP+
MAM02555	NADPH	R_MAR02237	exchange	MAM02554	NADP+
MAM02555	NADPH	R_MAR02239	exchange	MAM02554	NADP+
MAM02555	NADPH	R_MAR02241	exchange	MAM02554	NADP+
MAM02555	NADPH	R_MAR02243	exchange	MAM02554	NADP+
MAM02555	NADPH	R_MAR02245	exchange	MAM02554	NADP+
MAM02555	NADPH	R_MAR02247	exchange	MAM02554	NADP+
MAM02555	NADPH	R_MAR02250	exchange	MAM02554	NADP+
MAM02555	NADPH	R_MAR02252	exchange	MAM02554	NADP+
MAM02555	NADPH	R_MAR02255	exchange	MAM02554	NADP+
MAM02555	NADPH	R_MAR02257	exchange	MAM02554	NADP+
MAM02555	NADPH	R_MAR02260	exchange	MAM02554	NADP+
MAM02555	NADPH	R_MAR02262	exchange	MAM02554	NADP+
MAM02555	NADPH	R_MAR02264	exchange	MAM02554	NADP+
MAM02555	NADPH	R_MAR02266	exchange	MAM02554	NADP+
MAM02555	NADPH	R_MAR02268	exchange	MAM02554	NADP+
MAM02555	NADPH	R_MAR02270	exchange	MAM02554	NADP+
MAM02555	NADPH	R_MAR02281	exchange	MAM02554	NADP+
MAM02555	NADPH	R_MAR02282	exchange	MAM02554	NADP+
MAM02555	NADPH	R_MAR02284	exchange	MAM02554	NADP+
MAM02555	NADPH	R_MAR02286	exchange	MAM02554	NADP+
MAM02555	NADPH	R_MAR02287	exchange	MAM02554	NADP+
MAM02555	NADPH	R_MAR02288	exchange	MAM02554	NADP+
MAM02555	NADPH	R_MAR02289	exchange	MAM02554	NADP+
MAM02555	NADPH	R_MAR02292	exchange	MAM02554	NADP+
MAM02555	NADPH	R_MAR02293	exchange	MAM02554	NADP+
MAM02555	NADPH	R_MAR02294	exchange	MAM02554	NADP+
MAM02555	NADPH	R_MAR02295	exchange	MAM02554	NADP+
MAM02555	NADPH	R_MAR02296	exchange	MAM02554	NADP+
MAM02555	NADPH	R_MAR02300	exchange	MAM02554	NADP+
MAM02555	NADPH	R_MAR02301	exchange	MAM02554	NADP+
MAM02555	NADPH	R_MAR02307	exchange	MAM02554	NADP+
MAM02555	NADPH	R_MAR02311	exchange	MAM02554	NADP+
MAM02555	NADPH	R_MAR02317	exchange	MAM02554	NADP+
MAM02555	NADPH	R_MAR02321	exchange	MAM02554	NADP+
MAM02555	NADPH	R_MAR02323	exchange	MAM02554	NADP+
MAM02555	NADPH	R_MAR02326	exchange	MAM02554	NADP+
MAM02555	NADPH	R_MAR02327	exchange	MAM02554	NADP+
MAM02555	NADPH	R_MAR02330	exchange	MAM02554	NADP+
MAM02555	NADPH	R_MAR02334	exchange	MAM02554	NADP+
MAM02555	NADPH	R_MAR02337	exchange	MAM02554	NADP+
MAM02555	NADPH	R_MAR02338	exchange	MAM02554	NADP+
MAM02555	NADPH	R_MAR02343	exchange	MAM02554	NADP+
MAM02555	NADPH	R_MAR02345	exchange	MAM02554	NADP+
MAM02555	NADPH	R_MAR02348	exchange	MAM02554	NADP+
MAM02555	NADPH	R_MAR02350	exchange	MAM02554	NADP+
MAM02555	NADPH	R_MAR02354	exchange	MAM02554	NADP+
MAM02555	NADPH	R_MAR02356	exchange	MAM02554	NADP+
MAM02555	NADPH	R_MAR02359	exchange	MAM02554	NADP+
MAM02555	NADPH	R_MAR02362	exchange	MAM02554	NADP+
MAM02555	NADPH	R_MAR02364	exchange	MAM02554	NADP+
MAM02555	NADPH	R_MAR02365	exchange	MAM02554	NADP+
MAM02555	NADPH	R_MAR02368	exchange	MAM02554	NADP+
MAM02555	NADPH	R_MAR02374	exchange	MAM02554	NADP+
MAM02555	NADPH	R_MAR02375	exchange	MAM02554	NADP+
MAM02555	NADPH	R_MAR02378	exchange	MAM02554	NADP+
MAM02555	NADPH	R_MAR02380	exchange	MAM02554	NADP+
MAM02555	NADPH	R_MAR02387	exchange	MAM02554	NADP+
MAM02555	NADPH	R_MAR02391	exchange	MAM02554	NADP+
MAM02555	NADPH	R_MAR02393	exchange	MAM02554	NADP+
MAM02555	NADPH	R_MAR02397	exchange	MAM02554	NADP+
MAM02555	NADPH	R_MAR02401	exchange	MAM02554	NADP+
MAM02555	NADPH	R_MAR02403	exchange	MAM02554	NADP+
MAM02555	NADPH	R_MAR02417	exchange	MAM02554	NADP+
MAM02555	NADPH	R_MAR02421	exchange	MAM02554	NADP+
MAM02555	NADPH	R_MAR02426	exchange	MAM02554	NADP+
MAM02555	NADPH	R_MAR02430	exchange	MAM02554	NADP+
MAM02555	NADPH	R_MAR02434	exchange	MAM02554	NADP+
MAM02555	NADPH	R_MAR02436	exchange	MAM02554	NADP+
MAM02555	NADPH	R_MAR02438	exchange	MAM02554	NADP+
MAM02555	NADPH	R_MAR02441	exchange	MAM02554	NADP+
MAM02555	NADPH	R_MAR02455	exchange	MAM02554	NADP+
MAM02555	NADPH	R_MAR02456	exchange	MAM02554	NADP+
MAM02555	NADPH	R_MAR02457	exchange	MAM02554	NADP+
MAM02555	NADPH	R_MAR02458	exchange	MAM02554	NADP+
MAM02555	NADPH	R_MAR02472	exchange	MAM02554	NADP+
MAM02555	NADPH	R_MAR02478	exchange	MAM02554	NADP+
MAM02555	NADPH	R_MAR02482	exchange	MAM02554	NADP+
MAM02555	NADPH	R_MAR02484	exchange	MAM02554	NADP+
MAM02555	NADPH	R_MAR02489	exchange	MAM02554	NADP+
MAM02555	NADPH	R_MAR02493	exchange	MAM02554	NADP+
MAM02555	NADPH	R_MAR02495	exchange	MAM02554	NADP+
MAM02555	NADPH	R_MAR02496	exchange	MAM02554	NADP+
MAM02555	NADPH	R_MAR02499	exchange	MAM02554	NADP+
MAM02555	NADPH	R_MAR02503	exchange	MAM02554	NADP+
MAM02555	NADPH	R_MAR02516	exchange	MAM02554	NADP+
MAM02555	NADPH	R_MAR02520	exchange	MAM02554	NADP+
MAM02555	NADPH	R_MAR02521	exchange	MAM02554	NADP+
MAM02555	NADPH	R_MAR02524	exchange	MAM02554	NADP+
MAM02555	NADPH	R_MAR02525	exchange	MAM02554	NADP+
MAM02555	NADPH	R_MAR02528	exchange	MAM02554	NADP+
MAM02555	NADPH	R_MAR02533	exchange	MAM02554	NADP+
MAM02555	NADPH	R_MAR02537	exchange	MAM02554	NADP+
MAM02555	NADPH	R_MAR02541	exchange	MAM02554	NADP+
MAM02555	NADPH	R_MAR02543	exchange	MAM02554	NADP+
MAM02555	NADPH	R_MAR02546	exchange	MAM02554	NADP+
MAM02555	NADPH	R_MAR02548	exchange	MAM02554	NADP+
MAM02555	NADPH	R_MAR02553	exchange	MAM02554	NADP+
MAM02555	NADPH	R_MAR02555	exchange	MAM02554	NADP+
MAM02555	NADPH	R_MAR02581	exchange	MAM02554	NADP+
MAM02555	NADPH	R_MAR02582	exchange	MAM02554	NADP+
MAM02555	NADPH	R_MAR02585	exchange	MAM02554	NADP+
MAM02555	NADPH	R_MAR02723	exchange	MAM02554	NADP+
MAM02555	NADPH	R_MAR02751	exchange	MAM02554	NADP+
MAM02555	NADPH	R_MAR02858	exchange	MAM02554	NADP+
MAM02555	NADPH	R_MAR02887	exchange	MAM02554	NADP+
MAM02555	NADPH	R_MAR02889	exchange	MAM02554	NADP+
MAM02555	NADPH	R_MAR02891	exchange	MAM02554	NADP+
MAM02555	NADPH	R_MAR02893	exchange	MAM02554	NADP+
MAM02555	NADPH	R_MAR02895	exchange	MAM02554	NADP+
MAM02555	NADPH	R_MAR02933	exchange	MAM02554	NADP+
MAM02555	NADPH	R_MAR02934	exchange	MAM02554	NADP+
MAM02555	NADPH	R_MAR02935	exchange	MAM02554	NADP+
MAM02555	NADPH	R_MAR02936	exchange	MAM02554	NADP+
MAM02555	NADPH	R_MAR02937	exchange	MAM02554	NADP+
MAM02555	NADPH	R_MAR02938	exchange	MAM02554	NADP+
MAM02555	NADPH	R_MAR02939	exchange	MAM02554	NADP+
MAM02555	NADPH	R_MAR02960	exchange	MAM02554	NADP+
MAM02555	NADPH	R_MAR02993	exchange	MAM02554	NADP+
MAM02555	NADPH	R_MAR03047	exchange	MAM02554	NADP+
MAM02555	NADPH	R_MAR03061	exchange	MAM02554	NADP+
MAM02555	NADPH	R_MAR03133	exchange	MAM02554	NADP+
MAM02555	NADPH	R_MAR03134	exchange	MAM02554	NADP+
MAM02555	NADPH	R_MAR03210	exchange	MAM02554	NADP+
MAM02555	NADPH	R_MAR03214	exchange	MAM02554	NADP+
MAM02555	NADPH	R_MAR03216	exchange	MAM02554	NADP+
MAM02555	NADPH	R_MAR03217	exchange	MAM02554	NADP+
MAM02555	NADPH	R_MAR03257	exchange	MAM02554	NADP+
MAM02555	NADPH	R_MAR03271	exchange	MAM02554	NADP+
MAM02555	NADPH	R_MAR03354	exchange	MAM02554	NADP+
MAM02555	NADPH	R_MAR03377	exchange	MAM02554	NADP+
MAM02555	NADPH	R_MAR03394	exchange	MAM02554	NADP+
MAM02555	NADPH	R_MAR03395	exchange	MAM02554	NADP+
MAM02555	NADPH	R_MAR03401	exchange	MAM02554	NADP+
MAM02555	NADPH	R_MAR03403	exchange	MAM02554	NADP+
MAM02555	NADPH	R_MAR03405	exchange	MAM02554	NADP+
MAM02555	NADPH	R_MAR03412	exchange	MAM02554	NADP+
MAM02555	NADPH	R_MAR03417	exchange	MAM02554	NADP+
MAM02555	NADPH	R_MAR03419	exchange	MAM02554	NADP+
MAM02555	NADPH	R_MAR03420	exchange	MAM02554	NADP+
MAM02555	NADPH	R_MAR03434	exchange	MAM02554	NADP+
MAM02555	NADPH	R_MAR03435	exchange	MAM02554	NADP+
MAM02555	NADPH	R_MAR03436	exchange	MAM02554	NADP+
MAM02555	NADPH	R_MAR03437	exchange	MAM02554	NADP+
MAM02555	NADPH	R_MAR03438	exchange	MAM02554	NADP+
MAM02555	NADPH	R_MAR03442	exchange	MAM02554	NADP+
MAM02555	NADPH	R_MAR03446	exchange	MAM02554	NADP+
MAM02555	NADPH	R_MAR03451	exchange	MAM02554	NADP+
MAM02555	NADPH	R_MAR03457	exchange	MAM02554	NADP+
MAM02555	NADPH	R_MAR03461	exchange	MAM02554	NADP+
MAM02555	NADPH	R_MAR03471	exchange	MAM02554	NADP+
MAM02555	NADPH	R_MAR03474	exchange	MAM02554	NADP+
MAM02555	NADPH	R_MAR03487	exchange	MAM02554	NADP+
MAM02555	NADPH	R_MAR03492	exchange	MAM02554	NADP+
MAM02555	NADPH	R_MAR03495	exchange	MAM02554	NADP+
MAM02555	NADPH	R_MAR03497	exchange	MAM02554	NADP+
MAM02555	NADPH	R_MAR03499	exchange	MAM02554	NADP+
MAM02555	NADPH	R_MAR03502	exchange	MAM02554	NADP+
MAM02555	NADPH	R_MAR03507	exchange	MAM02554	NADP+
MAM02555	NADPH	R_MAR03518	exchange	MAM02554	NADP+
MAM02555	NADPH	R_MAR03607	exchange	MAM02554	NADP+
MAM02555	NADPH	R_MAR03609	exchange	MAM02554	NADP+
MAM02555	NADPH	R_MAR03610	exchange	MAM02554	NADP+
MAM02555	NADPH	R_MAR03612	exchange	MAM02554	NADP+
MAM02555	NADPH	R_MAR03615	exchange	MAM02554	NADP+
MAM02555	NADPH	R_MAR03617	exchange	MAM02554	NADP+
MAM02555	NADPH	R_MAR03620	exchange	MAM02554	NADP+
MAM02555	NADPH	R_MAR03621	exchange	MAM02554	NADP+
MAM02555	NADPH	R_MAR03745	exchange	MAM02554	NADP+
MAM02555	NADPH	R_MAR03749	exchange	MAM02554	NADP+
MAM02555	NADPH	R_MAR03766	exchange	MAM02554	NADP+
MAM02555	NADPH	R_MAR03768	exchange	MAM02554	NADP+
MAM02555	NADPH	R_MAR03804	exchange	MAM02554	NADP+
MAM02555	NADPH	R_MAR03833	exchange	MAM02554	NADP+
MAM02555	NADPH	R_MAR03840	exchange	MAM02554	NADP+
MAM02555	NADPH	R_MAR03842	exchange	MAM02554	NADP+
MAM02555	NADPH	R_MAR03855	exchange	MAM02554	NADP+
MAM02555	NADPH	R_MAR03870	exchange	MAM02554	NADP+
MAM02555	NADPH	R_MAR03886	exchange	MAM02554	NADP+
MAM02555	NADPH	R_MAR03887	exchange	MAM02554	NADP+
MAM02555	NADPH	R_MAR03888	exchange	MAM02554	NADP+
MAM02555	NADPH	R_MAR03891	exchange	MAM02554	NADP+
MAM02555	NADPH	R_MAR03894	exchange	MAM02554	NADP+
MAM02555	NADPH	R_MAR03896	exchange	MAM02554	NADP+
MAM02555	NADPH	R_MAR03897	exchange	MAM02554	NADP+
MAM02555	NADPH	R_MAR03907	exchange	MAM02554	NADP+
MAM02555	NADPH	R_MAR03909	exchange	MAM02554	NADP+
MAM02555	NADPH	R_MAR03913	exchange	MAM02554	NADP+
MAM02555	NADPH	R_MAR03958	exchange	MAM02554	NADP+
MAM02555	NADPH	R_MAR03990	exchange	MAM02554	NADP+
MAM02555	NADPH	R_MAR03993	exchange	MAM02554	NADP+
MAM02555	NADPH	R_MAR03994	exchange	MAM02554	NADP+
MAM02555	NADPH	R_MAR03995	exchange	MAM02554	NADP+
MAM02555	NADPH	R_MAR04009	exchange	MAM02554	NADP+
MAM02555	NADPH	R_MAR04017	exchange	MAM02554	NADP+
MAM02555	NADPH	R_MAR04019	exchange	MAM02554	NADP+
MAM02555	NADPH	R_MAR04039	exchange	MAM02554	NADP+
MAM02555	NADPH	R_MAR04041	exchange	MAM02554	NADP+
MAM02555	NADPH	R_MAR04049	exchange	MAM02554	NADP+
MAM02555	NADPH	R_MAR04051	exchange	MAM02554	NADP+
MAM02555	NADPH	R_MAR04053	exchange	MAM02554	NADP+
MAM02555	NADPH	R_MAR04055	exchange	MAM02554	NADP+
MAM02555	NADPH	R_MAR04079	exchange	MAM02554	NADP+
MAM02555	NADPH	R_MAR04088	exchange	MAM02554	NADP+
MAM02555	NADPH	R_MAR04089	exchange	MAM02554	NADP+
MAM02555	NADPH	R_MAR04090	exchange	MAM02554	NADP+
MAM02555	NADPH	R_MAR04091	exchange	MAM02554	NADP+
MAM02555	NADPH	R_MAR04118	exchange	MAM02554	NADP+
MAM02555	NADPH	R_MAR04165	exchange	MAM02554	NADP+
MAM02555	NADPH	R_MAR04166	exchange	MAM02554	NADP+
MAM02555	NADPH	R_MAR04167	exchange	MAM02554	NADP+
MAM02555	NADPH	R_MAR04190	exchange	MAM02554	NADP+
MAM02555	NADPH	R_MAR04220	exchange	MAM02554	NADP+
MAM02555	NADPH	R_MAR04235	exchange	MAM02554	NADP+
MAM02555	NADPH	R_MAR04283	exchange	MAM02554	NADP+
MAM02555	NADPH	R_MAR04287	exchange	MAM02554	NADP+
MAM02555	NADPH	R_MAR04288	exchange	MAM02554	NADP+
MAM02555	NADPH	R_MAR04304	exchange	MAM02554	NADP+
MAM02555	NADPH	R_MAR04316	exchange	MAM02554	NADP+
MAM02555	NADPH	R_MAR04333	exchange	MAM02554	NADP+
MAM02555	NADPH	R_MAR04335	exchange	MAM02554	NADP+
MAM02555	NADPH	R_MAR04336	exchange	MAM02554	NADP+
MAM02555	NADPH	R_MAR04345	exchange	MAM02554	NADP+
MAM02555	NADPH	R_MAR04360	exchange	MAM02554	NADP+
MAM02555	NADPH	R_MAR04442	exchange	MAM02554	NADP+
MAM02555	NADPH	R_MAR04444	exchange	MAM02554	NADP+
MAM02555	NADPH	R_MAR04446	exchange	MAM02554	NADP+
MAM02555	NADPH	R_MAR04465	exchange	MAM02554	NADP+
MAM02555	NADPH	R_MAR04472	exchange	MAM02554	NADP+
MAM02555	NADPH	R_MAR04473	exchange	MAM02554	NADP+
MAM02555	NADPH	R_MAR04474	exchange	MAM02554	NADP+
MAM02555	NADPH	R_MAR04523	exchange	MAM02554	NADP+
MAM02555	NADPH	R_MAR04534	exchange	MAM02554	NADP+
MAM02555	NADPH	R_MAR04561	exchange	MAM02554	NADP+
MAM02555	NADPH	R_MAR04590	exchange	MAM02554	NADP+
MAM02555	NADPH	R_MAR04592	exchange	MAM02554	NADP+
MAM02555	NADPH	R_MAR04594	exchange	MAM02554	NADP+
MAM02555	NADPH	R_MAR04605	exchange	MAM02554	NADP+
MAM02555	NADPH	R_MAR04630	exchange	MAM02554	NADP+
MAM02555	NADPH	R_MAR04655	exchange	MAM02554	NADP+
MAM02555	NADPH	R_MAR04656	exchange	MAM02554	NADP+
MAM02555	NADPH	R_MAR04668	exchange	MAM02554	NADP+
MAM02555	NADPH	R_MAR04686	exchange	MAM02554	NADP+
MAM02555	NADPH	R_MAR04687	exchange	MAM02554	NADP+
MAM02555	NADPH	R_MAR04698	exchange	MAM02554	NADP+
MAM02555	NADPH	R_MAR04700	exchange	MAM02554	NADP+
MAM02555	NADPH	R_MAR04702	exchange	MAM02554	NADP+
MAM02555	NADPH	R_MAR04780	exchange	MAM02554	NADP+
MAM02555	NADPH	R_MAR04781	exchange	MAM02554	NADP+
MAM02555	NADPH	R_MAR04785	exchange	MAM02554	NADP+
MAM02555	NADPH	R_MAR04970	exchange	MAM02554	NADP+
MAM02555	NADPH	R_MAR04974	exchange	MAM02554	NADP+
MAM02555	NADPH	R_MAR05001	exchange	MAM02554	NADP+
MAM02555	NADPH	R_MAR05017	exchange	MAM02554	NADP+
MAM02555	NADPH	R_MAR05293	exchange	MAM02554	NADP+
MAM02555	NADPH	R_MAR05312	exchange	MAM02554	NADP+
MAM02555	NADPH	R_MAR05321	exchange	MAM02554	NADP+
MAM02555	NADPH	R_MAR05341	exchange	MAM02554	NADP+
MAM02555	NADPH	R_MAR05404	exchange	MAM02554	NADP+
MAM02555	NADPH	R_MAR05405	exchange	MAM02554	NADP+
MAM02555	NADPH	R_MAR05412	exchange	MAM02554	NADP+
MAM02555	NADPH	R_MAR05425	exchange	MAM02554	NADP+
MAM02555	NADPH	R_MAR05427	exchange	MAM02554	NADP+
MAM02555	NADPH	R_MAR06348	exchange	MAM02554	NADP+
MAM02555	NADPH	R_MAR06390	exchange	MAM02554	NADP+
MAM02555	NADPH	R_MAR06396	exchange	MAM02554	NADP+
MAM02555	NADPH	R_MAR06403	exchange	MAM02554	NADP+
MAM02555	NADPH	R_MAR06426	exchange	MAM02554	NADP+
MAM02555	NADPH	R_MAR06427	exchange	MAM02554	NADP+
MAM02555	NADPH	R_MAR06428	exchange	MAM02554	NADP+
MAM02555	NADPH	R_MAR06429	exchange	MAM02554	NADP+
MAM02555	NADPH	R_MAR06441	exchange	MAM02554	NADP+
MAM02555	NADPH	R_MAR06442	exchange	MAM02554	NADP+
MAM02555	NADPH	R_MAR06443	exchange	MAM02554	NADP+
MAM02555	NADPH	R_MAR06444	exchange	MAM02554	NADP+
MAM02555	NADPH	R_MAR06464	exchange	MAM02554	NADP+
MAM02555	NADPH	R_MAR06465	exchange	MAM02554	NADP+
MAM02555	NADPH	R_MAR06466	exchange	MAM02554	NADP+
MAM02555	NADPH	R_MAR06467	exchange	MAM02554	NADP+
MAM02555	NADPH	R_MAR06476	exchange	MAM02554	NADP+
MAM02555	NADPH	R_MAR06477	exchange	MAM02554	NADP+
MAM02555	NADPH	R_MAR06478	exchange	MAM02554	NADP+
MAM02555	NADPH	R_MAR06479	exchange	MAM02554	NADP+
MAM02555	NADPH	R_MAR06537	exchange	MAM02554	NADP+
MAM02555	NADPH	R_MAR06630	exchange	MAM02554	NADP+
MAM02555	NADPH	R_MAR06632	exchange	MAM02554	NADP+
MAM02555	NADPH	R_MAR06634	exchange	MAM02554	NADP+
MAM02555	NADPH	R_MAR06641	exchange	MAM02554	NADP+
MAM02555	NADPH	R_MAR06642	exchange	MAM02554	NADP+
MAM02555	NADPH	R_MAR06648	exchange	MAM02554	NADP+
MAM02555	NADPH	R_MAR06649	exchange	MAM02554	NADP+
MAM02555	NADPH	R_MAR06653	exchange	MAM02554	NADP+
MAM02555	NADPH	R_MAR06654	exchange	MAM02554	NADP+
MAM02555	NADPH	R_MAR06655	exchange	MAM02554	NADP+
MAM02555	NADPH	R_MAR06656	exchange	MAM02554	NADP+
MAM02555	NADPH	R_MAR06657	exchange	MAM02554	NADP+
MAM02555	NADPH	R_MAR06658	exchange	MAM02554	NADP+
MAM02555	NADPH	R_MAR06664	exchange	MAM02554	NADP+
MAM02555	NADPH	R_MAR06665	exchange	MAM02554	NADP+
MAM02555	NADPH	R_MAR06670	exchange	MAM02554	NADP+
MAM02555	NADPH	R_MAR06677	exchange	MAM02554	NADP+
MAM02555	NADPH	R_MAR06678	exchange	MAM02554	NADP+
MAM02555	NADPH	R_MAR06681	exchange	MAM02554	NADP+
MAM02555	NADPH	R_MAR06682	exchange	MAM02554	NADP+
MAM02555	NADPH	R_MAR06683	exchange	MAM02554	NADP+
MAM02555	NADPH	R_MAR06684	exchange	MAM02554	NADP+
MAM02555	NADPH	R_MAR06687	exchange	MAM02554	NADP+
MAM02555	NADPH	R_MAR06700	exchange	MAM02554	NADP+
MAM02555	NADPH	R_MAR06701	exchange	MAM02554	NADP+
MAM02555	NADPH	R_MAR06702	exchange	MAM02554	NADP+
MAM02555	NADPH	R_MAR06703	exchange	MAM02554	NADP+
MAM02555	NADPH	R_MAR06749	exchange	MAM02554	NADP+
MAM02555	NADPH	R_MAR06754	exchange	MAM02554	NADP+
MAM02555	NADPH	R_MAR06761	exchange	MAM02554	NADP+
MAM02555	NADPH	R_MAR06767	exchange	MAM02554	NADP+
MAM02555	NADPH	R_MAR06791	exchange	MAM02554	NADP+
MAM02555	NADPH	R_MAR06814	exchange	MAM02554	NADP+
MAM02555	NADPH	R_MAR06817	exchange	MAM02554	NADP+
MAM02555	NADPH	R_MAR06819	exchange	MAM02554	NADP+
MAM02555	NADPH	R_MAR06823	exchange	MAM02554	NADP+
MAM02555	NADPH	R_MAR06826	exchange	MAM02554	NADP+
MAM02555	NADPH	R_MAR06827	exchange	MAM02554	NADP+
MAM02555	NADPH	R_MAR06834	exchange	MAM02554	NADP+
MAM02555	NADPH	R_MAR06835	exchange	MAM02554	NADP+
MAM02555	NADPH	R_MAR06840	exchange	MAM02554	NADP+
MAM02555	NADPH	R_MAR06841	exchange	MAM02554	NADP+
MAM02555	NADPH	R_MAR06848	exchange	MAM02554	NADP+
MAM02555	NADPH	R_MAR06849	exchange	MAM02554	NADP+
MAM02555	NADPH	R_MAR06854	exchange	MAM02554	NADP+
MAM02555	NADPH	R_MAR06855	exchange	MAM02554	NADP+
MAM02555	NADPH	R_MAR06885	exchange	MAM02554	NADP+
MAM02555	NADPH	R_MAR06904	exchange	MAM02554	NADP+
MAM02555	NADPH	R_MAR06907	exchange	MAM02554	NADP+
MAM02555	NADPH	R_MAR06909	exchange	MAM02554	NADP+
MAM02555	NADPH	R_MAR06992	exchange	MAM02554	NADP+
MAM02555	NADPH	R_MAR06993	exchange	MAM02554	NADP+
MAM02555	NADPH	R_MAR06994	exchange	MAM02554	NADP+
MAM02555	NADPH	R_MAR06999	exchange	MAM02554	NADP+
MAM02555	NADPH	R_MAR07000	exchange	MAM02554	NADP+
MAM02555	NADPH	R_MAR07001	exchange	MAM02554	NADP+
MAM02555	NADPH	R_MAR07002	exchange	MAM02554	NADP+
MAM02555	NADPH	R_MAR07005	exchange	MAM02554	NADP+
MAM02555	NADPH	R_MAR07007	exchange	MAM02554	NADP+
MAM02555	NADPH	R_MAR07009	exchange	MAM02554	NADP+
MAM02555	NADPH	R_MAR07012	exchange	MAM02554	NADP+
MAM02555	NADPH	R_MAR07017	exchange	MAM02554	NADP+
MAM02555	NADPH	R_MAR07018	exchange	MAM02554	NADP+
MAM02555	NADPH	R_MAR07019	exchange	MAM02554	NADP+
MAM02555	NADPH	R_MAR07020	exchange	MAM02554	NADP+
MAM02555	NADPH	R_MAR07021	exchange	MAM02554	NADP+
MAM02555	NADPH	R_MAR07030	exchange	MAM02554	NADP+
MAM02555	NADPH	R_MAR07032	exchange	MAM02554	NADP+
MAM02555	NADPH	R_MAR07033	exchange	MAM02554	NADP+
MAM02555	NADPH	R_MAR07036	exchange	MAM02554	NADP+
MAM02555	NADPH	R_MAR07037	exchange	MAM02554	NADP+
MAM02555	NADPH	R_MAR07040	exchange	MAM02554	NADP+
MAM02555	NADPH	R_MAR07044	exchange	MAM02554	NADP+
MAM02555	NADPH	R_MAR07048	exchange	MAM02554	NADP+
MAM02555	NADPH	R_MAR07052	exchange	MAM02554	NADP+
MAM02555	NADPH	R_MAR07053	exchange	MAM02554	NADP+
MAM02555	NADPH	R_MAR07054	exchange	MAM02554	NADP+
MAM02555	NADPH	R_MAR07056	exchange	MAM02554	NADP+
MAM02555	NADPH	R_MAR07059	exchange	MAM02554	NADP+
MAM02555	NADPH	R_MAR07060	exchange	MAM02554	NADP+
MAM02555	NADPH	R_MAR07061	exchange	MAM02554	NADP+
MAM02555	NADPH	R_MAR07062	exchange	MAM02554	NADP+
MAM02555	NADPH	R_MAR07063	exchange	MAM02554	NADP+
MAM02555	NADPH	R_MAR07064	exchange	MAM02554	NADP+
MAM02555	NADPH	R_MAR07067	exchange	MAM02554	NADP+
MAM02555	NADPH	R_MAR07070	exchange	MAM02554	NADP+
MAM02555	NADPH	R_MAR07072	exchange	MAM02554	NADP+
MAM02555	NADPH	R_MAR07074	exchange	MAM02554	NADP+
MAM02555	NADPH	R_MAR07076	exchange	MAM02554	NADP+
MAM02555	NADPH	R_MAR07078	exchange	MAM02554	NADP+
MAM02555	NADPH	R_MAR07082	exchange	MAM02554	NADP+
MAM02555	NADPH	R_MAR07088	exchange	MAM02554	NADP+
MAM02555	NADPH	R_MAR07091	exchange	MAM02554	NADP+
MAM02555	NADPH	R_MAR07096	exchange	MAM02554	NADP+
MAM02555	NADPH	R_MAR07099	exchange	MAM02554	NADP+
MAM02555	NADPH	R_MAR07130	exchange	MAM02554	NADP+
MAM02555	NADPH	R_MAR07131	exchange	MAM02554	NADP+
MAM02555	NADPH	R_MAR07138	exchange	MAM02554	NADP+
MAM02555	NADPH	R_MAR07146	exchange	MAM02554	NADP+
MAM02555	NADPH	R_MAR07260	exchange	MAM02554	NADP+
MAM02555	NADPH	R_MAR07591	exchange	MAM02554	NADP+
MAM02555	NADPH	R_MAR07597	exchange	MAM02554	NADP+
MAM02555	NADPH	R_MAR07601	exchange	MAM02554	NADP+
MAM02555	NADPH	R_MAR07702	exchange	MAM02554	NADP+
MAM02555	NADPH	R_MAR07928	exchange	MAM02554	NADP+
MAM02555	NADPH	R_MAR07932	exchange	MAM02554	NADP+
MAM02555	NADPH	R_MAR07934	exchange	MAM02554	NADP+
MAM02555	NADPH	R_MAR07935	exchange	MAM02554	NADP+
MAM02555	NADPH	R_MAR07936	exchange	MAM02554	NADP+
MAM02555	NADPH	R_MAR07937	exchange	MAM02554	NADP+
MAM02555	NADPH	R_MAR07938	exchange	MAM02554	NADP+
MAM02555	NADPH	R_MAR07940	exchange	MAM02554	NADP+
MAM02555	NADPH	R_MAR07941	exchange	MAM02554	NADP+
MAM02555	NADPH	R_MAR07942	exchange	MAM02554	NADP+
MAM02555	NADPH	R_MAR07957	exchange	MAM02554	NADP+
MAM02555	NADPH	R_MAR07958	exchange	MAM02554	NADP+
MAM02555	NADPH	R_MAR07970	exchange	MAM02554	NADP+
MAM02555	NADPH	R_MAR07972	exchange	MAM02554	NADP+
MAM02555	NADPH	R_MAR07976	exchange	MAM02554	NADP+
MAM02555	NADPH	R_MAR07996	exchange	MAM02554	NADP+
MAM02555	NADPH	R_MAR07999	exchange	MAM02554	NADP+
MAM02555	NADPH	R_MAR08003	exchange	MAM02554	NADP+
MAM02555	NADPH	R_MAR08004	exchange	MAM02554	NADP+
MAM02555	NADPH	R_MAR08005	exchange	MAM02554	NADP+
MAM02555	NADPH	R_MAR08006	exchange	MAM02554	NADP+
MAM02555	NADPH	R_MAR08008	exchange	MAM02554	NADP+
MAM02555	NADPH	R_MAR08032	exchange	MAM02554	NADP+
MAM02555	NADPH	R_MAR08034	exchange	MAM02554	NADP+
MAM02555	NADPH	R_MAR08036	exchange	MAM02554	NADP+
MAM02555	NADPH	R_MAR08037	exchange	MAM02554	NADP+
MAM02555	NADPH	R_MAR08038	exchange	MAM02554	NADP+
MAM02555	NADPH	R_MAR08040	exchange	MAM02554	NADP+
MAM02555	NADPH	R_MAR08043	exchange	MAM02554	NADP+
MAM02555	NADPH	R_MAR08046	exchange	MAM02554	NADP+
MAM02555	NADPH	R_MAR08049	exchange	MAM02554	NADP+
MAM02555	NADPH	R_MAR08052	exchange	MAM02554	NADP+
MAM02555	NADPH	R_MAR08055	exchange	MAM02554	NADP+
MAM02555	NADPH	R_MAR08059	exchange	MAM02554	NADP+
MAM02555	NADPH	R_MAR08062	exchange	MAM02554	NADP+
MAM02555	NADPH	R_MAR08218	exchange	MAM02554	NADP+
MAM02555	NADPH	R_MAR08219	exchange	MAM02554	NADP+
MAM02555	NADPH	R_MAR08341	exchange	MAM02554	NADP+
MAM02555	NADPH	R_MAR08344	exchange	MAM02554	NADP+
MAM02555	NADPH	R_MAR08348	exchange	MAM02554	NADP+
MAM02555	NADPH	R_MAR08497	exchange	MAM02554	NADP+
MAM02555	NADPH	R_MAR08498	exchange	MAM02554	NADP+
MAM02555	NADPH	R_MAR08499	exchange	MAM02554	NADP+
MAM02555	NADPH	R_MAR08500	exchange	MAM02554	NADP+
MAM02555	NADPH	R_MAR08501	exchange	MAM02554	NADP+
MAM02555	NADPH	R_MAR08509	exchange	MAM02554	NADP+
MAM02555	NADPH	R_MAR08546	exchange	MAM02554	NADP+
MAM02555	NADPH	R_MAR08554	exchange	MAM02554	NADP+
MAM02555	NADPH	R_MAR08555	exchange	MAM02554	NADP+
MAM02555	NADPH	R_MAR08556	exchange	MAM02554	NADP+
MAM02555	NADPH	R_MAR08557	exchange	MAM02554	NADP+
MAM02555	NADPH	R_MAR08558	exchange	MAM02554	NADP+
MAM02555	NADPH	R_MAR08566	exchange	MAM02554	NADP+
MAM02555	NADPH	R_MAR08596	exchange	MAM02554	NADP+
MAM02555	NADPH	R_MAR08598	exchange	MAM02554	NADP+
MAM02555	NADPH	R_MAR08601	exchange	MAM02554	NADP+
MAM02555	NADPH	R_MAR08609	exchange	MAM02554	NADP+
MAM02555	NADPH	R_MAR08634	exchange	MAM02554	NADP+
MAM02555	NADPH	R_MAR08675	exchange	MAM02554	NADP+
MAM02555	NADPH	R_MAR08698	exchange	MAM02554	NADP+
MAM02555	NADPH	R_MAR08699	exchange	MAM02554	NADP+
MAM02555	NADPH	R_MAR08700	exchange	MAM02554	NADP+
MAM02555	NADPH	R_MAR08709	exchange	MAM02554	NADP+
MAM02555	NADPH	R_MAR08739	exchange	MAM02554	NADP+
MAM02555	NADPH	R_MAR08757	exchange	MAM02554	NADP+
MAM02555	NADPH	R_MAR08766	exchange	MAM02554	NADP+
MAM02555	NADPH	R_MAR08768	exchange	MAM02554	NADP+
MAM02555	NADPH	R_MAR08779	exchange	MAM02554	NADP+
MAM02555	NADPH	R_MAR08971	exchange	MAM02554	NADP+
MAM02555	NADPH	R_MAR09501	exchange	MAM02554	NADP+
MAM02555	NADPH	R_MAR09514	exchange	MAM02554	NADP+
MAM02555	NADPH	R_MAR09550	exchange	MAM02554	NADP+
MAM02555	NADPH	R_MAR09557	exchange	MAM02554	NADP+
MAM02555	NADPH	R_MAR09803	exchange	MAM02554	NADP+
MAM02555	NADPH	R_MAR09804	exchange	MAM02554	NADP+
MAM02555	NADPH	R_MAR09933	exchange	MAM02554	NADP+
MAM02555	NADPH	R_MAR09937	exchange	MAM02554	NADP+
MAM02555	NADPH	R_MAR09971	exchange	MAM02554	NADP+
MAM02555	NADPH	R_MAR10061	exchange	MAM02554	NADP+
MAM02555	NADPH	R_MAR10071	exchange	MAM02554	NADP+
MAM02555	NADPH	R_MAR10072	exchange	MAM02554	NADP+
MAM02555	NADPH	R_MAR10448	exchange	MAM02554	NADP+
MAM02555	NADPH	R_MAR10449	exchange	MAM02554	NADP+
MAM02555	NADPH	R_MAR10461	exchange	MAM02554	NADP+
MAM02555	NADPH	R_MAR11224	exchange	MAM02554	NADP+
MAM02555	NADPH	R_MAR11225	exchange	MAM02554	NADP+
MAM02555	NADPH	R_MAR11305	exchange	MAM02554	NADP+
MAM02555	NADPH	R_MAR11368	exchange	MAM02554	NADP+
MAM02555	NADPH	R_MAR11499	exchange	MAM02554	NADP+
MAM02555	NADPH	R_MAR11545	exchange	MAM02554	NADP+
MAM02555	NADPH	R_MAR11548	exchange	MAM02554	NADP+
MAM02555	NADPH	R_MAR12005	exchange	MAM02554	NADP+
MAM02555	NADPH	R_MAR12020	exchange	MAM02554	NADP+
MAM02555	NADPH	R_MAR12041	exchange	MAM02554	NADP+
MAM02555	NADPH	R_MAR12145	exchange	MAM02554	NADP+
MAM02555	NADPH	R_MAR12146	exchange	MAM02554	NADP+
MAM02555	NADPH	R_MAR12154	exchange	MAM02554	NADP+
MAM02555	NADPH	R_MAR12158	exchange	MAM02554	NADP+
MAM02555	NADPH	R_MAR12183	exchange	MAM02554	NADP+
MAM02555	NADPH	R_MAR12289	exchange	MAM02554	NADP+
MAM02555	NADPH	R_MAR12308	exchange	MAM02554	NADP+
MAM02555	NADPH	R_MAR12318	exchange	MAM02554	NADP+
MAM02555	NADPH	R_MAR12319	exchange	MAM02554	NADP+
MAM02555	NADPH	R_MAR12337	exchange	MAM02554	NADP+
MAM02555	NADPH	R_MAR12342	exchange	MAM02554	NADP+
MAM02555	NADPH	R_MAR12349	exchange	MAM02554	NADP+
MAM02555	NADPH	R_MAR12360	exchange	MAM02554	NADP+
MAM02555	NADPH	R_MAR12363	exchange	MAM02554	NADP+
MAM02555	NADPH	R_MAR12375	exchange	MAM02554	NADP+
MAM02555	NADPH	R_MAR12387	exchange	MAM02554	NADP+
MAM02555	NADPH	R_MAR12390	exchange	MAM02554	NADP+
MAM02555	NADPH	R_MAR12392	exchange	MAM02554	NADP+
MAM02555	NADPH	R_MAR12397	exchange	MAM02554	NADP+
MAM02555	NADPH	R_MAR12404	exchange	MAM02554	NADP+
MAM02555	NADPH	R_MAR12406	exchange	MAM02554	NADP+
MAM02555	NADPH	R_MAR12409	exchange	MAM02554	NADP+
MAM02555	NADPH	R_MAR12414	exchange	MAM02554	NADP+
MAM02555	NADPH	R_MAR12417	exchange	MAM02554	NADP+
MAM02555	NADPH	R_MAR12423	exchange	MAM02554	NADP+
MAM02555	NADPH	R_MAR12427	exchange	MAM02554	NADP+
MAM02555	NADPH	R_MAR12436	exchange	MAM02554	NADP+
MAM02555	NADPH	R_MAR12439	exchange	MAM02554	NADP+
MAM02555	NADPH	R_MAR12443	exchange	MAM02554	NADP+
MAM02555	NADPH	R_MAR12446	exchange	MAM02554	NADP+
MAM02555	NADPH	R_MAR12449	exchange	MAM02554	NADP+
MAM02555	NADPH	R_MAR12455	exchange	MAM02554	NADP+
MAM02555	NADPH	R_MAR12457	exchange	MAM02554	NADP+
MAM02555	NADPH	R_MAR12474	exchange	MAM02554	NADP+
MAM02555	NADPH	R_MAR12475	exchange	MAM02554	NADP+
MAM02555	NADPH	R_MAR12481	exchange	MAM02554	NADP+
MAM02555	NADPH	R_MAR12484	exchange	MAM02554	NADP+
MAM02555	NADPH	R_MAR12489	exchange	MAM02554	NADP+
MAM02555	NADPH	R_MAR12492	exchange	MAM02554	NADP+
MAM02555	NADPH	R_MAR12497	exchange	MAM02554	NADP+
MAM02555	NADPH	R_MAR12500	exchange	MAM02554	NADP+
MAM02555	NADPH	R_MAR12506	exchange	MAM02554	NADP+
MAM02555	NADPH	R_MAR12533	exchange	MAM02554	NADP+
MAM02555	NADPH	R_MAR12535	exchange	MAM02554	NADP+
MAM02555	NADPH	R_MAR12539	exchange	MAM02554	NADP+
MAM02555	NADPH	R_MAR12543	exchange	MAM02554	NADP+
MAM02555	NADPH	R_MAR12564	exchange	MAM02554	NADP+
MAM02555	NADPH	R_MAR12567	exchange	MAM02554	NADP+
MAM02555	NADPH	R_MAR12569	exchange	MAM02554	NADP+
MAM02555	NADPH	R_MAR12738	exchange	MAM02554	NADP+
MAM02555	NADPH	R_MAR12739	exchange	MAM02554	NADP+
MAM02555	NADPH	R_MAR12746	exchange	MAM02554	NADP+
MAM02555	NADPH	R_MAR12747	exchange	MAM02554	NADP+
MAM02555	NADPH	R_MAR12748	exchange	MAM02554	NADP+
MAM02555	NADPH	R_MAR12761	exchange	MAM02554	NADP+
MAM02555	NADPH	R_MAR12763	exchange	MAM02554	NADP+
MAM02555	NADPH	R_MAR12767	exchange	MAM02554	NADP+
MAM02555	NADPH	R_MAR12777	exchange	MAM02554	NADP+
MAM02555	NADPH	R_MAR12778	exchange	MAM02554	NADP+
MAM02555	NADPH	R_MAR12779	exchange	MAM02554	NADP+
MAM02555	NADPH	R_MAR12780	exchange	MAM02554	NADP+
MAM02555	NADPH	R_MAR12781	exchange	MAM02554	NADP+
MAM02555	NADPH	R_MAR12790	exchange	MAM02554	NADP+
MAM02555	NADPH	R_MAR12792	exchange	MAM02554	NADP+
MAM02555	NADPH	R_MAR12794	exchange	MAM02554	NADP+
MAM02555	NADPH	R_MAR12801	exchange	MAM02554	NADP+
MAM02555	NADPH	R_MAR12808	exchange	MAM02554	NADP+
MAM02555	NADPH	R_MAR12815	exchange	MAM02554	NADP+
MAM02555	NADPH	R_MAR12856	exchange	MAM02554	NADP+
MAM02555	NADPH	R_MAR12860	exchange	MAM02554	NADP+
MAM02555	NADPH	R_MAR12862	exchange	MAM02554	NADP+
MAM02555	NADPH	R_MAR12869	exchange	MAM02554	NADP+
MAM02555	NADPH	R_MAR12996	exchange	MAM02554	NADP+
MAM02555	NADPH	R_MAR13001	exchange	MAM02554	NADP+
MAM02555	NADPH	R_MAR20018	exchange	MAM02554	NADP+
MAM02555	NADPH	R_MAR20019	exchange	MAM02554	NADP+
MAM02555	NADPH	R_MAR20031	exchange	MAM02554	NADP+
MAM02555	NADPH	R_MAR20032	exchange	MAM02554	NADP+
MAM02555	NADPH	R_MAR20037	exchange	MAM02554	NADP+
MAM02555	NADPH	R_MAR20038	exchange	MAM02554	NADP+
MAM02555	NADPH	R_MAR20040	exchange	MAM02554	NADP+
MAM02555	NADPH	R_MAR20041	exchange	MAM02554	NADP+
MAM02555	NADPH	R_MAR20042	exchange	MAM02554	NADP+
MAM02555	NADPH	R_MAR20044	exchange	MAM02554	NADP+
MAM02555	NADPH	R_MAR20184	exchange	MAM02554	NADP+
MAM02555	NADPH	R_MAR20185	exchange	MAM02554	NADP+
MAM02681	PAP	R_MAR00792	exchange	MAM02682	PAPS
MAM02681	PAP	R_MAR00915	exchange	MAM02682	PAPS
MAM02681	PAP	R_MAR00928	exchange	MAM02682	PAPS
MAM02681	PAP	R_MAR01729	exchange	MAM02682	PAPS
MAM02681	PAP	R_MAR01843	exchange	MAM02682	PAPS
MAM02681	PAP	R_MAR01846	exchange	MAM02682	PAPS
MAM02681	PAP	R_MAR01919	exchange	MAM02682	PAPS
MAM02681	PAP	R_MAR01952	exchange	MAM02682	PAPS
MAM02681	PAP	R_MAR01962	exchange	MAM02682	PAPS
MAM02681	PAP	R_MAR01969	exchange	MAM02682	PAPS
MAM02681	PAP	R_MAR02037	exchange	MAM02682	PAPS
MAM02681	PAP	R_MAR03251	exchange	MAM02682	PAPS
MAM02681	PAP	R_MAR03253	exchange	MAM02682	PAPS
MAM02681	PAP	R_MAR06829	exchange	MAM02682	PAPS
MAM02681	PAP	R_MAR06838	exchange	MAM02682	PAPS
MAM02681	PAP	R_MAR06844	exchange	MAM02682	PAPS
MAM02681	PAP	R_MAR06850	exchange	MAM02682	PAPS
MAM02681	PAP	R_MAR07057	exchange	MAM02682	PAPS
MAM02681	PAP	R_MAR07146	exchange	MAM02682	PAPS
MAM02681	PAP	R_MAR07216	exchange	MAM02682	PAPS
MAM02681	PAP	R_MAR07218	exchange	MAM02682	PAPS
MAM02681	PAP	R_MAR07219	exchange	MAM02682	PAPS
MAM02681	PAP	R_MAR07220	exchange	MAM02682	PAPS
MAM02681	PAP	R_MAR07221	exchange	MAM02682	PAPS
MAM02681	PAP	R_MAR07222	exchange	MAM02682	PAPS
MAM02681	PAP	R_MAR07339	exchange	MAM02682	PAPS
MAM02681	PAP	R_MAR07342	exchange	MAM02682	PAPS
MAM02681	PAP	R_MAR07345	exchange	MAM02682	PAPS
MAM02681	PAP	R_MAR07348	exchange	MAM02682	PAPS
MAM02681	PAP	R_MAR07351	exchange	MAM02682	PAPS
MAM02681	PAP	R_MAR07354	exchange	MAM02682	PAPS
MAM02681	PAP	R_MAR07357	exchange	MAM02682	PAPS
MAM02681	PAP	R_MAR07360	exchange	MAM02682	PAPS
MAM02681	PAP	R_MAR07363	exchange	MAM02682	PAPS
MAM02681	PAP	R_MAR07366	exchange	MAM02682	PAPS
MAM02681	PAP	R_MAR07369	exchange	MAM02682	PAPS
MAM02681	PAP	R_MAR07371	exchange	MAM02682	PAPS
MAM02681	PAP	R_MAR07447	exchange	MAM02682	PAPS
MAM02681	PAP	R_MAR07450	exchange	MAM02682	PAPS
MAM02681	PAP	R_MAR07452	exchange	MAM02682	PAPS
MAM02681	PAP	R_MAR07476	exchange	MAM02682	PAPS
MAM02681	PAP	R_MAR07479	exchange	MAM02682	PAPS
MAM02681	PAP	R_MAR07481	exchange	MAM02682	PAPS
MAM02681	PAP	R_MAR07490	exchange	MAM02682	PAPS
MAM02681	PAP	R_MAR07491	exchange	MAM02682	PAPS
MAM02681	PAP	R_MAR07492	exchange	MAM02682	PAPS
MAM02681	PAP	R_MAR07498	exchange	MAM02682	PAPS
MAM02681	PAP	R_MAR07509	exchange	MAM02682	PAPS
MAM02681	PAP	R_MAR07510	exchange	MAM02682	PAPS
MAM02681	PAP	R_MAR07519	exchange	MAM02682	PAPS
MAM02681	PAP	R_MAR07522	exchange	MAM02682	PAPS
MAM02681	PAP	R_MAR07534	exchange	MAM02682	PAPS
MAM02681	PAP	R_MAR07537	exchange	MAM02682	PAPS
MAM02681	PAP	R_MAR07538	exchange	MAM02682	PAPS
MAM02681	PAP	R_MAR07551	exchange	MAM02682	PAPS
MAM02681	PAP	R_MAR07552	exchange	MAM02682	PAPS
MAM02681	PAP	R_MAR07553	exchange	MAM02682	PAPS
MAM02681	PAP	R_MAR07554	exchange	MAM02682	PAPS
MAM02681	PAP	R_MAR07619	exchange	MAM02682	PAPS
MAM02681	PAP	R_MAR07688	exchange	MAM02682	PAPS
MAM02681	PAP	R_MAR07689	exchange	MAM02682	PAPS
MAM02681	PAP	R_MAR07974	exchange	MAM02682	PAPS
MAM02681	PAP	R_MAR07978	exchange	MAM02682	PAPS
MAM02681	PAP	R_MAR08062	exchange	MAM02682	PAPS
MAM02681	PAP	R_MAR08094	exchange	MAM02682	PAPS
MAM02681	PAP	R_MAR08206	exchange	MAM02682	PAPS
MAM02681	PAP	R_MAR08212	exchange	MAM02682	PAPS
MAM02681	PAP	R_MAR08534	exchange	MAM02682	PAPS
MAM02681	PAP	R_MAR08535	exchange	MAM02682	PAPS
MAM02681	PAP	R_MAR10460	exchange	MAM02682	PAPS
MAM02681	PAP	R_MAR10462	exchange	MAM02682	PAPS
MAM02681	PAP	R_MAR12001	exchange	MAM02682	PAPS
MAM02681	PAP	R_MAR12173	exchange	MAM02682	PAPS
MAM02681	PAP	R_MAR12197	exchange	MAM02682	PAPS
MAM02681	PAP	R_MAR12236	exchange	MAM02682	PAPS
MAM02681	PAP	R_MAR12239	exchange	MAM02682	PAPS
MAM02681	PAP	R_MAR12242	exchange	MAM02682	PAPS
MAM02681	PAP	R_MAR12245	exchange	MAM02682	PAPS
MAM02681	PAP	R_MAR12282	exchange	MAM02682	PAPS
MAM02681	PAP	R_MAR12286	exchange	MAM02682	PAPS
MAM02681	PAP	R_MAR12290	exchange	MAM02682	PAPS
MAM02681	PAP	R_MAR12293	exchange	MAM02682	PAPS
MAM02681	PAP	R_MAR12299	exchange	MAM02682	PAPS
MAM02681	PAP	R_MAR12305	exchange	MAM02682	PAPS
MAM02681	PAP	R_MAR12468	exchange	MAM02682	PAPS
MAM02681	PAP	R_MAR12552	exchange	MAM02682	PAPS
MAM02681	PAP	R_MAR12836	exchange	MAM02682	PAPS
MAM02681	PAP	R_MAR12848	exchange	MAM02682	PAPS
MAM02681	PAP	R_MAR12874	exchange	MAM02682	PAPS
MAM02681	PAP	R_MAR12996	exchange	MAM02682	PAPS
MAM02681	PAP	R_MAR04084	kept		
MAM02681	PAP	R_MAR04500	kept		
MAM02681	PAP	R_MAR07130	kept		
MAM02682	PAPS	R_MAR00792	exchange	MAM02681	PAP
MAM02682	PAPS	R_MAR00915	exchange	MAM02681	PAP
MAM02682	PAPS	R_MAR00928	exchange	MAM02681	PAP
MAM02682	PAPS	R_MAR01729	exchange	MAM02681	PAP
MAM02682	PAPS	R_MAR01843	exchange	MAM02681	PAP
MAM02682	PAPS	R_MAR01846	exchange	MAM02681	PAP
MAM02682	PAPS	R_MAR01919	exchange	MAM02681	PAP
MAM02682	PAPS	R_MAR01952	exchange	MAM02681	PAP
MAM02682	PAPS	R_MAR01962	exchange	MAM02681	PAP
MAM02682	PAPS	R_MAR01969	exchange	MAM02681	PAP
MAM02682	PAPS	R_MAR02037	exchange	MAM02681	PAP
MAM02682	PAPS	R_MAR03251	exchange	MAM02681	PAP
MAM02682	PAPS	R_MAR03253	exchange	MAM02681	PAP
MAM02682	PAPS	R_MAR06829	exchange	MAM02681	PAP
MAM02682	PAPS	R_MAR06838	exchange	MAM02681	PAP
MAM02682	PAPS	R_MAR06844	exchange	MAM02681	PAP
MAM02682	PAPS	R_MAR06850	exchange	MAM02681	PAP
MAM02682	PAPS	R_MAR07057	exchange	MAM02681	PAP
MAM02682	PAPS	R_MAR07146	exchange	MAM02681	PAP
MAM02682	PAPS	R_MAR07216	exchange	MAM02681	PAP
MAM02682	PAPS	R_MAR07218	exchange	MAM02681	PAP
MAM02682	PAPS	R_MAR07219	exchange	MAM02681	PAP
MAM02682	PAPS	R_MAR07220	exchange	MAM02681	PAP
MAM02682	PAPS	R_MAR07221	exchange	MAM02681	PAP
MAM02682	PAPS	R_MAR07222	exchange	MAM02681	PAP
MAM02682	PAPS	R_MAR07339	exchange	MAM02681	PAP
MAM02682	PAPS	R_MAR07342	exchange	MAM02681	PAP
MAM02682	PAPS	R_MAR07345	exchange	MAM02681	PAP
MAM02682	PAPS	R_MAR07348	exchange	MAM02681	PAP
MAM02682	PAPS	R_MAR07351	exchange	MAM02681	PAP
MAM02682	PAPS	R_MAR07354	exchange	MAM02681	PAP
MAM02682	PAPS	R_MAR07357	exchange	MAM02681	PAP
MAM02682	PAPS	R_MAR07360	exchange	MAM02681	PAP
MAM02682	PAPS	R_MAR07363	exchange	MAM02681	PAP
MAM02682	PAPS	R_MAR07366	exchange	MAM02681	PAP
MAM02682	PAPS	R_MAR07369	exchange	MAM02681	PAP
MAM02682	PAPS	R_MAR07371	exchange	MAM02681	PAP
MAM02682	PAPS	R_MAR07447	exchange	MAM02681	PAP
MAM02682	PAPS	R_MAR07450	exchange	MAM02681	PAP
MAM02682	PAPS	R_MAR07452	exchange	MAM02681	PAP
MAM02682	PAPS	R_MAR07476	exchange	MAM02681	PAP
MAM02682	PAPS	R_MAR07479	exchange	MAM02681	PAP
MAM02682	PAPS	R_MAR07481	exchange	MAM02681	PAP
MAM02682	PAPS	R_MAR07490	exchange	MAM02681	PAP
MAM02682	PAPS	R_MAR07491	exchange	MAM02681	PAP
MAM02682	PAPS	R_MAR07492	exchange	MAM02681	PAP
MAM02682	PAPS	R_MAR07498	exchange	MAM02681	PAP
MAM02682	PAPS	R_MAR07509	exchange	MAM02681	PAP
MAM02682	PAPS	R_MAR07510	exchange	MAM02681	PAP
MAM02682	PAPS	R_MAR07519	exchange	MAM02681	PAP
MAM02682	PAPS	R_MAR07522	exchange	MAM02681	PAP
MAM02682	PAPS	R_MAR07534	exchange	MAM02681	PAP
MAM02682	PAPS	R_MAR07537	exchange	MAM02681	PAP
MAM02682	PAPS	R_MAR07538	exchange	MAM02681	PAP
MAM02682	PAPS	R_MAR07551	exchange	MAM02681	PAP
MAM02682	PAPS	R_MAR07552	exchange	MAM02681	PAP
MAM02682	PAPS	R_MAR07553	exchange	MAM02681	PAP
MAM02682	PAPS	R_MAR07554	exchange	MAM02681	PAP
MAM02682	PAPS	R_MAR07619	exchange	MAM02681	PAP
MAM02682	PAPS	R_MAR07688	exchange	MAM02681	PAP
MAM02682	PAPS	R_MAR07689	exchange	MAM02681	PAP
MAM02682	PAPS	R_MAR07974	exchange	MAM02681	PAP
MAM02682	PAPS	R_MAR07978	exchange	MAM02681	PAP
MAM02682	PAPS	R_MAR08062	exchange	MAM02681	PAP
MAM02682	PAPS	R_MAR08094	exchange	MAM02681	PAP
MAM02682	PAPS	R_MAR08206	exchange	MAM02681	PAP
MAM02682	PAPS	R_MAR08212	exchange	MAM02681	PAP
MAM02682	PAPS	R_MAR08534	exchange	MAM02681	PAP
MAM02682	PAPS	R_MAR08535	exchange	MAM02681	PAP
MAM02682	PAPS	R_MAR10460	exchange	MAM02681	PAP
MAM02682	PAPS	R_MAR10462	exchange	MAM02681	PAP
MAM02682	PAPS	R_MAR12001	exchange	MAM02681	PAP
MAM02682	PAPS	R_MAR12173	exchange	MAM02681	PAP
MAM02682	PAPS	R_MAR12197	exchange	MAM02681	PAP
MAM02682	PAPS	R_MAR12236	exchange	MAM02681	PAP
MAM02682	PAPS	R_MAR12239	exchange	MAM02681	PAP
MAM02682	PAPS	R_MAR12242	exchange	MAM02681	PAP
MAM02682	PAPS	R_MAR12245	exchange	MAM02681	PAP
MAM02682	PAPS	R_MAR12282	exchange	MAM02681	PAP
MAM02682	PAPS	R_MAR12286	exchange	MAM02681	PAP
MAM02682	PAPS	R_MAR12290	exchange	MAM02681	PAP
MAM02682	PAPS	R_MAR12293	exchange	MAM02681	PAP
MAM02682	PAPS	R_MAR12299	exchange	MAM02681	PAP
MAM02682	PAPS	R_MAR12305	exchange	MAM02681	PAP
MAM02682	PAPS	R_MAR12468	exchange	MAM02681	PAP
MAM02682	PAPS	R_MAR12552	exchange	MAM02681	PAP
MAM02682	PAPS	R_MAR12836	exchange	MAM02681	PAP
MAM02682	PAPS	R_MAR12848	exchange	MAM02681	PAP
MAM02682	PAPS	R_MAR12874	exchange	MAM02681	PAP
MAM02682	PAPS	R_MAR12996	exchange	MAM02681	PAP
MAM02682	PAPS	R_MAR04186	kept		
MAM02682	PAPS	R_MAR04187	kept		
MAM02871	SAH	R_MAR00131	exchange	MAM02877	SAM
MAM02871	SAH	R_MAR00132	exchange	MAM02877	SAM
MAM02871	SAH	R_MAR00653	exchange	MAM02877	SAM
MAM02871	SAH	R_MAR00654	exchange	MAM02877	SAM
MAM02871	SAH	R_MAR00657	exchange	MAM02877	SAM
MAM02871	SAH	R_MAR01603	exchange	MAM02877	SAM
MAM02871	SAH	R_MAR01606	exchange	MAM02877	SAM
MAM02871	SAH	R_MAR02044	exchange	MAM02877	SAM
MAM02871	SAH	R_MAR02045	exchange	MAM02877	SAM
MAM02871	SAH	R_MAR02048	exchange	MAM02877	SAM
MAM02871	SAH	R_MAR02052	exchange	MAM02877	SAM
MAM02871	SAH	R_MAR02058	exchange	MAM02877	SAM
MAM02871	SAH	R_MAR02059	exchange	MAM02877	SAM
MAM02871	SAH	R_MAR02060	exchange	MAM02877	SAM
MAM02871	SAH	R_MAR02483	exchange	MAM02877	SAM
MAM02871	SAH	R_MAR02485	exchange	MAM02877	SAM
MAM02871	SAH	R_MAR03138	exchange	MAM02877	SAM
MAM02871	SAH	R_MAR03901	exchange	MAM02877	SAM
MAM02871	SAH	R_MAR03902	exchange	MAM02877	SAM
MAM02871	SAH	R_MAR03904	exchange	MAM02877	SAM
MAM02871	SAH	R_MAR03915	exchange	MAM02877	SAM
MAM02871	SAH	R_MAR04072	exchange	MAM02877	SAM
MAM02871	SAH	R_MAR04241	exchange	MAM02877	SAM
MAM02871	SAH	R_MAR04429	exchange	MAM02877	SAM
MAM02871	SAH	R_MAR04547	exchange	MAM02877	SAM
MAM02871	SAH	R_MAR04555	exchange	MAM02877	SAM
MAM02871	SAH	R_MAR04556	exchange	MAM02877	SAM
MAM02871	SAH	R_MAR04563	exchange	MAM02877	SAM
MAM02871	SAH	R_MAR04564	exchange	MAM02877	SAM
MAM02871	SAH	R_MAR04583	exchange	MAM02877	SAM
MAM02871	SAH	R_MAR04627	exchange	MAM02877	SAM
MAM02871	SAH	R_MAR04701	exchange	MAM02877	SAM
MAM02871	SAH	R_MAR04838	exchange	MAM02877	SAM
MAM02871	SAH	R_MAR04839	exchange	MAM02877	SAM
MAM02871	SAH	R_MAR06711	exchange	MAM02877	SAM
MAM02871	SAH	R_MAR06715	exchange	MAM02877	SAM
MAM02871	SAH	R_MAR06730	exchange	MAM02877	SAM
MAM02871	SAH	R_MAR06735	exchange	MAM02877	SAM
MAM02871	SAH	R_MAR06736	exchange	MAM02877	SAM
MAM02871	SAH	R_MAR06739	exchange	MAM02877	SAM
MAM02871	SAH	R_MAR06743	exchange	MAM02877	SAM
MAM02871	SAH	R_MAR06746	exchange	MAM02877	SAM
MAM02871	SAH	R_MAR06750	exchange	MAM02877	SAM
MAM02871	SAH	R_MAR06755	exchange	MAM02877	SAM
MAM02871	SAH	R_MAR06757	exchange	MAM02877	SAM
MAM02871	SAH	R_MAR06762	exchange	MAM02877	SAM
MAM02871	SAH	R_MAR06763	exchange	MAM02877	SAM
MAM02871	SAH	R_MAR06788	exchange	MAM02877	SAM
MAM02871	SAH	R_MAR06802	exchange	MAM02877	SAM
MAM02871	SAH	R_MAR06905	exchange	MAM02877	SAM
MAM02871	SAH	R_MAR06908	exchange	MAM02877	SAM
MAM02871	SAH	R_MAR06910	exchange	MAM02877	SAM
MAM02871	SAH	R_MAR06975	exchange	MAM02877	SAM
MAM02871	SAH	R_MAR06976	exchange	MAM02877	SAM
MAM02871	SAH	R_MAR06977	exchange	MAM02877	SAM
MAM02871	SAH	R_MAR07140	exchange	MAM02877	SAM
MAM02871	SAH	R_MAR07168	exchange	MAM02877	SAM
MAM02871	SAH	R_MAR07676	exchange	MAM02877	SAM
MAM02871	SAH	R_MAR08025	exchange	MAM02877	SAM
MAM02871	SAH	R_MAR08026	exchange	MAM02877	SAM
MAM02871	SAH	R_MAR08027	exchange	MAM02877	SAM
MAM02871	SAH	R_MAR08641	exchange	MAM02877	SAM
MAM02871	SAH	R_MAR09474	exchange	MAM02877	SAM
MAM02871	SAH	R_MAR09500	exchange	MAM02877	SAM
MAM02871	SAH	R_MAR09504	exchange	MAM02877	SAM
MAM02871	SAH	R_MAR09509	exchange	MAM02877	SAM
MAM02871	SAH	R_MAR09510	exchange	MAM02877	SAM
MAM02871	SAH	R_MAR09511	exchange	MAM02877	SAM
MAM02871	SAH	R_MAR09519	exchange	MAM02877	SAM
MAM02871	SAH	R_MAR09520	exchange	MAM02877	SAM
MAM02871	SAH	R_MAR09521	exchange	MAM02877	SAM
MAM02871	SAH	R_MAR09525	exchange	MAM02877	SAM
MAM02871	SAH	R_MAR09549	exchange	MAM02877	SAM
MAM02871	SAH	R_MAR09550	exchange	MAM02877	SAM
MAM02871	SAH	R_MAR09939	exchange	MAM02877	SAM
MAM02871	SAH	R_MAR11309	exchange	MAM02877	SAM
MAM02871	SAH	R_MAR11777	exchange	MAM02877	SAM
MAM02871	SAH	R_MAR12311	exchange	MAM02877	SAM
MAM02871	SAH	R_MAR12312	exchange	MAM02877	SAM
MAM02871	SAH	R_MAR12315	exchange	MAM02877	SAM
MAM02871	SAH	R_MAR12321	exchange	MAM02877	SAM
MAM02871	SAH	R_MAR12322	exchange	MAM02877	SAM
MAM02871	SAH	R_MAR12325	exchange	MAM02877	SAM
MAM02871	SAH	R_MAR12328	exchange	MAM02877	SAM
MAM02871	SAH	R_MAR12329	exchange	MAM02877	SAM
MAM02871	SAH	R_MAR12357	exchange	MAM02877	SAM
MAM02871	SAH	R_MAR12386	exchange	MAM02877	SAM
MAM02871	SAH	R_MAR12477	exchange	MAM02877	SAM
MAM02871	SAH	R_MAR12487	exchange	MAM02877	SAM
MAM02871	SAH	R_MAR12499	exchange	MAM02877	SAM
MAM02871	SAH	R_MAR12503	exchange	MAM02877	SAM
MAM02871	SAH	R_MAR12535	exchange	MAM02877	SAM
MAM02871	SAH	R_MAR12538	exchange	MAM02877	SAM
MAM02871	SAH	R_MAR12539	exchange	MAM02877	SAM
MAM02871	SAH	R_MAR12542	exchange	MAM02877	SAM
MAM02871	SAH	R_MAR12549	exchange	MAM02877	SAM
MAM02871	SAH	R_MAR12561	exchange	MAM02877	SAM
MAM02871	SAH	R_MAR12564	exchange	MAM02877	SAM
MAM02871	SAH	R_MAR12569	exchange	MAM02877	SAM
MAM02871	SAH	R_MAR12572	exchange	MAM02877	SAM
MAM02871	SAH	R_MAR12728	exchange	MAM02877	SAM
MAM02871	SAH	R_MAR12792	exchange	MAM02877	SAM
MAM02871	SAH	R_MAR12796	exchange	MAM02877	SAM
MAM02871	SAH	R_MAR12809	exchange	MAM02877	SAM
MAM02871	SAH	R_MAR12836	exchange	MAM02877	SAM
MAM02871	SAH	R_MAR12996	exchange	MAM02877	SAM
MAM02871	SAH	R_MAR03877	kept		
MAM02877	SAM	R_MAR00131	exchange	MAM02871	SAH
MAM02877	SAM	R_MAR00132	exchange	MAM02871	SAH
MAM02877	SAM	R_MAR00653	exchange	MAM02871	SAH
MAM02877	SAM	R_MAR00654	exchange	MAM02871	SAH
MAM02877	SAM	R_MAR00657	exchange	MAM02871	SAH
MAM02877	SAM	R_MAR01603	exchange	MAM02871	SAH
MAM02877	SAM	R_MAR01606	exchange	MAM02871	SAH
MAM02877	SAM	R_MAR02044	exchange	MAM02871	SAH
MAM02877	SAM	R_MAR02045	exchange	MAM02871	SAH
MAM02877	SAM	R_MAR02048	exchange	MAM02871	SAH
MAM02877	SAM	R_MAR02052	exchange	MAM02871	SAH
MAM02877	SAM	R_MAR02058	exchange	MAM02871	SAH
MAM02877	SAM	R_MAR02059	exchange	MAM02871	SAH
MAM02877	SAM	R_MAR02060	exchange	MAM02871	SAH
MAM02877	SAM	R_MAR02483	exchange	MAM02871	SAH
MAM02877	SAM	R_MAR02485	exchange	MAM02871	SAH
MAM02877	SAM	R_MAR03138	exchange	MAM02871	SAH
MAM02877	SAM	R_MAR03901	exchange	MAM02871	SAH
MAM02877	SAM	R_MAR03902	exchange	MAM02871	SAH
MAM02877	SAM	R_MAR03904	exchange	MAM02871	SAH
MAM02877	SAM	R_MAR03915	exchange	MAM02871	SAH
MAM02877	SAM	R_MAR04072	exchange	MAM02871	SAH
MAM02877	SAM	R_MAR04241	exchange	MAM02871	SAH
MAM02877	SAM	R_MAR04429	exchange	MAM02871	SAH
MAM02877	SAM	R_MAR04547	exchange	MAM02871	SAH
MAM02877	SAM	R_MAR04555	exchange	MAM02871	SAH
MAM02877	SAM	R_MAR04556	exchange	MAM02871	SAH
MAM02877	SAM	R_MAR04563	exchange	MAM02871	SAH
MAM02877	SAM	R_MAR04564	exchange	MAM02871	SAH
MAM02877	SAM	R_MAR04583	exchange	MAM02871	SAH
MAM02877	SAM	R_MAR04627	exchange	MAM02871	SAH
MAM02877	SAM	R_MAR04701	exchange	MAM02871	SAH
MAM02877	SAM	R_MAR04838	exchange	MAM02871	SAH
MAM02877	SAM	R_MAR04839	exchange	MAM02871	SAH
MAM02877	SAM	R_MAR06711	exchange	MAM02871	SAH
MAM02877	SAM	R_MAR06715	exchange	MAM02871	SAH
MAM02877	SAM	R_MAR06730	exchange	MAM02871	SAH
MAM02877	SAM	R_MAR06735	exchange	MAM02871	SAH
MAM02877	SAM	R_MAR06736	exchange	MAM02871	SAH
MAM02877	SAM	R_MAR06739	exchange	MAM02871	SAH
MAM02877	SAM	R_MAR06743	exchange	MAM02871	SAH
MAM02877	SAM	R_MAR06746	exchange	MAM02871	SAH
MAM02877	SAM	R_MAR06750	exchange	MAM02871	SAH
MAM02877	SAM	R_MAR06755	exchange	MAM02871	SAH
MAM02877	SAM	R_MAR06757	exchange	MAM02871	SAH
MAM02877	SAM	R_MAR06762	exchange	MAM02871	SAH
MAM02877	SAM	R_MAR06763	exchange	MAM02871	SAH
MAM02877	SAM	R_MAR06788	exchange	MAM02871	SAH
MAM02877	SAM	R_MAR06802	exchange	MAM02871	SAH
MAM02877	SAM	R_MAR06905	exchange	MAM02871	SAH
MAM02877	SAM	R_MAR06908	exchange	MAM02871	SAH
MAM02877	SAM	R_MAR06910	exchange	MAM02871	SAH
MAM02877	SAM	R_MAR06975	exchange	MAM02871	SAH
MAM02877	SAM	R_MAR06976	exchange	MAM02871	SAH
MAM02877	SAM	R_MAR06977	exchange	MAM02871	SAH
MAM02877	SAM	R_MAR07140	exchange	MAM02871	SAH
MAM02877	SAM	R_MAR07168	exchange	MAM02871	SAH
MAM02877	SAM	R_MAR07676	exchange	MAM02871	SAH
MAM02877	SAM	R_MAR08025	exchange	MAM02871	SAH
MAM02877	SAM	R_MAR08026	exchange	MAM02871	SAH
MAM02877	SAM	R_MAR08027	exchange	MAM02871	SAH
MAM02877	SAM	R_MAR08641	exchange	MAM02871	SAH
MAM02877	SAM	R_MAR09474	exchange	MAM02871	SAH
MAM02877	SAM	R_MAR09500	exchange	MAM02871	SAH
MAM02877	SAM	R_MAR09504	exchange	MAM02871	SAH
MAM02877	SAM	R_MAR09509	exchange	MAM02871	SAH
MAM02877	SAM	R_MAR09510	exchange	MAM02871	SAH
MAM02877	SAM	R_MAR09511	exchange	MAM02871	SAH
MAM02877	SAM	R_MAR09519	exchange	MAM02871	SAH
MAM02877	SAM	R_MAR09520	exchange	MAM02871	SAH
MAM02877	SAM	R_MAR09521	exchange	MAM02871	SAH
MAM02877	SAM	R_MAR09525	exchange	MAM02871	SAH
MAM02877	SAM	R_MAR09549	exchange	MAM02871	SAH
MAM02877	SAM	R_MAR09550	exchange	MAM02871	SAH
MAM02877	SAM	R_MAR09939	exchange	MAM02871	SAH
MAM02877	SAM	R_MAR11309	exchange	MAM02871	SAH
MAM02877	SAM	R_MAR11777	exchange	MAM02871	SAH
MAM02877	SAM	R_MAR12311	exchange	MAM02871	SAH
MAM02877	SAM	R_MAR12312	exchange	MAM02871	SAH
MAM02877	SAM	R_MAR12315	exchange	MAM02871	SAH
MAM02877	SAM	R_MAR12321	exchange	MAM02871	SAH
MAM02877	SAM	R_MAR12322	exchange	MAM02871	SAH
MAM02877	SAM	R_MAR12325	exchange	MAM02871	SAH
MAM02877	SAM	R_MAR12328	exchange	MAM02871	SAH
MAM02877	SAM	R_MAR12329	exchange	MAM02871	SAH
MAM02877	SAM	R_MAR12357	exchange	MAM02871	SAH
MAM02877	SAM	R_MAR12386	exchange	MAM02871	SAH
MAM02877	SAM	R_MAR12477	exchange	MAM02871	SAH
MAM02877	SAM	R_MAR12487	exchange	MAM02871	SAH
MAM02877	SAM	R_MAR12499	exchange	MAM02871	SAH
MAM02877	SAM	R_MAR12503	exchange	MAM02871	SAH
MAM02877	SAM	R_MAR12535	exchange	MAM02871	SAH
MAM02877	SAM	R_MAR12538	exchange	MAM02871	SAH
MAM02877	SAM	R_MAR12539	exchange	MAM02871	SAH
MAM02877	SAM	R_MAR12542	exchange	MAM02871	SAH
MAM02877	SAM	R_MAR12549	exchange	MAM02871	SAH
MAM02877	SAM	R_MAR12561	exchange	MAM02871	SAH
MAM02877	SAM	R_MAR12564	exchange	MAM02871	SAH
MAM02877	SAM	R_MAR12569	exchange	MAM02871	SAH
MAM02877	SAM	R_MAR12572	exchange	MAM02871	SAH
MAM02877	SAM	R_MAR12728	exchange	MAM02871	SAH
MAM02877	SAM	R_MAR12792	exchange	MAM02871	SAH
MAM02877	SAM	R_MAR12796	exchange	MAM02871	SAH
MAM02877	SAM	R_MAR12809	exchange	MAM02871	SAH
MAM02877	SAM	R_MAR12836	exchange	MAM02871	SAH
MAM02877	SAM	R_MAR12996	exchange	MAM02871	SAH
MAM02877	SAM	R_MAR03875	kept		
MAM02877	SAM	R_MAR04073	kept		
MAM02877	SAM	R_MAR06403	kept		
MAM03106	UDP	R_MAR00081	exchange	MAM03107	UDP-galactose
MAM03106	UDP	R_MAR00082	exchange	MAM03107	UDP-galactose
MAM03106	UDP	R_MAR00761	exchange	MAM03108	UDP-glucose
MAM03106	UDP	R_MAR00765	exchange	MAM03107	UDP-galactose
MAM03106	UDP	R_MAR00801	exchange	MAM03107	UDP-galactose
MAM03106	UDP	R_MAR00805	exchange	MAM03110	UDP-N-acetyl-D-galactosamine
MAM03106	UDP	R_MAR00806	exchange	MAM03110	UDP-N-acetyl-D-galactosamine
MAM03106	UDP	R_MAR00809	exchange	MAM03107	UDP-galactose
MAM03106	UDP	R_MAR00810	exchange	MAM03110	UDP-N-acetyl-D-galactosamine
MAM03106	UDP	R_MAR00814	exchange	MAM03110	UDP-N-acetyl-D-galactosamine
MAM03106	UDP	R_MAR00815	exchange	MAM03110	UDP-N-acetyl-D-galactosamine
MAM03106	UDP	R_MAR00816	exchange	MAM03107	UDP-galactose
MAM03106	UDP	R_MAR00827	exchange	MAM03110	UDP-N-acetyl-D-galactosamine
MAM03106	UDP	R_MAR00829	exchange	MAM03107	UDP-galactose
MAM03106	UDP	R_MAR00842	exchange	MAM03110	UDP-N-acetyl-D-galactosamine
MAM03106	UDP	R_MAR00843	exchange	MAM03107	UDP-galactose
MAM03106	UDP	R_MAR00856	exchange	MAM03110	UDP-N-acetyl-D-galactosamine
MAM03106	UDP	R_MAR00857	exchange	MAM03107	UDP-galactose
MAM03106	UDP	R_MAR00859	exchange	MAM03111	UDP-N-acetylglucosamine
MAM03106	UDP	R_MAR00860	exchange	MAM03107	UDP-galactose
MAM03106	UDP	R_MAR00865	exchange	MAM03107	UDP-galactose
MAM03106	UDP	R_MAR00867	exchange	MAM03110	UDP-N-acetyl-D-galactosamine
MAM03106	UDP	R_MAR00868	exchange	MAM03107	UDP-galactose
MAM03106	UDP	R_MAR00875	exchange	MAM03107	UDP-galactose
MAM03106	UDP	R_MAR00879	exchange	MAM03107	UDP-galactose
MAM03106	UDP	R_MAR00881	exchange	MAM03107	UDP-galactose
MAM03106	UDP	R_MAR00884	exchange	MAM03110	UDP-N-acetyl-D-galactosamine
MAM03106	UDP	R_MAR00885	exchange	MAM03107	UDP-galactose
MAM03106	UDP	R_MAR00887	exchange	MAM03110	UDP-N-acetyl-D-galactosamine
MAM03106	UDP	R_MAR00889	exchange	MAM03111	UDP-N-acetylglucosamine
MAM03106	UDP	R_MAR00890	exchange	MAM03107	UDP-galactose
MAM03106	UDP	R_MAR00891	exchange	MAM03111	UDP-N-acetylglucosamine
MAM03106	UDP	R_MAR00892	exchange	MAM03107	UDP-galactose
MAM03106	UDP	R_MAR00901	exchange	MAM03107	UDP-galactose
MAM03106	UDP	R_MAR00902	exchange	MAM03110	UDP-N-acetyl-D-galactosamine
MAM03106	UDP	R_MAR00903	exchange	MAM03107	UDP-galactose
MAM03106	UDP	R_MAR00905	exchange	MAM03110	UDP-N-acetyl-D-galactosamine
MAM03106	UDP	R_MAR00906	exchange	MAM03111	UDP-N-acetylglucosamine
MAM03106	UDP	R_MAR00907	exchange	MAM03107	UDP-galactose
MAM03106	UDP	R_MAR00912	exchange	MAM03107	UDP-galactose
MAM03106	UDP	R_MAR00919	exchange	MAM03107	UDP-galactose
MAM03106	UDP	R_MAR00920	exchange	MAM03107	UDP-galactose
MAM03106	UDP	R_MAR00921	exchange	MAM03107	UDP-galactose
MAM03106	UDP	R_MAR00924	exchange	MAM03107	UDP-galactose
MAM03106	UDP	R_MAR00925	exchange	MAM03107	UDP-galactose
MAM03106	UDP	R_MAR00926	exchange	MAM03107	UDP-galactose
MAM03106	UDP	R_MAR01351	exchange	MAM03110	UDP-N-acetyl-D-galactosamine
MAM03106	UDP	R_MAR01353	exchange	MAM03110	UDP-N-acetyl-D-galactosamine
MAM03106	UDP	R_MAR01524	exchange	MAM03110	UDP-N-acetyl-D-galactosamine
MAM03106	UDP	R_MAR01818	exchange	MAM03108	UDP-glucose
MAM03106	UDP	R_MAR01820	exchange	MAM03109	UDP-glucuronate
MAM03106	UDP	R_MAR02461	exchange	MAM03109	UDP-glucuronate
MAM03106	UDP	R_MAR02462	exchange	MAM03109	UDP-glucuronate
MAM03106	UDP	R_MAR02463	exchange	MAM03109	UDP-glucuronate
MAM03106	UDP	R_MAR02464	exchange	MAM03109	UDP-glucuronate
MAM03106	UDP	R_MAR02467	exchange	MAM03109	UDP-glucuronate
MAM03106	UDP	R_MAR02468	exchange	MAM03109	UDP-glucuronate
MAM03106	UDP	R_MAR02469	exchange	MAM03109	UDP-glucuronate
MAM03106	UDP	R_MAR02470	exchange	MAM03109	UDP-glucuronate
MAM03106	UDP	R_MAR02615	exchange	MAM03109	UDP-glucuronate
MAM03106	UDP	R_MAR02617	exchange	MAM03109	UDP-glucuronate
MAM03106	UDP	R_MAR02619	exchange	MAM03109	UDP-glucuronate
MAM03106	UDP	R_MAR02627	exchange	MAM03109	UDP-glucuronate
MAM03106	UDP	R_MAR02628	exchange	MAM03109	UDP-glucuronate
MAM03106	UDP	R_MAR02631	exchange	MAM03109	UDP-glucuronate
MAM03106	UDP	R_MAR02632	exchange	MAM03109	UDP-glucuronate
MAM03106	UDP	R_MAR02637	exchange	MAM03109	UDP-glucuronate
MAM03106	UDP	R_MAR03031	exchange	MAM03109	UDP-glucuronate
MAM03106	UDP	R_MAR03051	exchange	MAM03109	UDP-glucuronate
MAM03106	UDP	R_MAR03052	exchange	MAM03109	UDP-glucuronate
MAM03106	UDP	R_MAR03169	exchange	MAM03109	UDP-glucuronate
MAM03106	UDP	R_MAR03207	exchange	MAM03109	UDP-glucuronate
MAM03106	UDP	R_MAR03248	exchange	MAM03107	UDP-galactose
MAM03106	UDP	R_MAR03249	exchange	MAM03107	UDP-galactose
MAM03106	UDP	R_MAR04210	exchange	MAM03130	UTP
MAM03106	UDP	R_MAR04301	exchange	MAM03130	UTP
MAM03106	UDP	R_MAR04525	exchange	MAM03111	UDP-N-acetylglucosamine
MAM03106	UDP	R_MAR04526	exchange	MAM03111	UDP-N-acetylglucosamine
MAM03106	UDP	R_MAR04766	exchange	MAM03109	UDP-glucuronate
MAM03106	UDP	R_MAR05395	exchange	MAM03108	UDP-glucose
MAM03106	UDP	R_MAR05396	exchange	MAM03108	UDP-glucose
MAM03106	UDP	R_MAR06490	exchange	MAM03109	UDP-glucuronate
MAM03106	UDP	R_MAR06495	exchange	MAM03109	UDP-glucuronate
MAM03106	UDP	R_MAR06666	exchange	MAM03109	UDP-glucuronate
MAM03106	UDP	R_MAR06667	exchange	MAM03109	UDP-glucuronate
MAM03106	UDP	R_MAR06668	exchange	MAM03109	UDP-glucuronate
MAM03106	UDP	R_MAR06669	exchange	MAM03109	UDP-glucuronate
MAM03106	UDP	R_MAR06679	exchange	MAM03109	UDP-glucuronate
MAM03106	UDP	R_MAR06680	exchange	MAM03109	UDP-glucuronate
MAM03106	UDP	R_MAR06685	exchange	MAM03109	UDP-glucuronate
MAM03106	UDP	R_MAR06686	exchange	MAM03109	UDP-glucuronate
MAM03106	UDP	R_MAR06704	exchange	MAM03109	UDP-glucuronate
MAM03106	UDP	R_MAR06705	exchange	MAM03109	UDP-glucuronate
MAM03106	UDP	R_MAR06720	exchange	MAM03109	UDP-glucuronate
MAM03106	UDP	R_MAR06798	exchange	MAM03109	UDP-glucuronate
MAM03106	UDP	R_MAR06799	exchange	MAM03109	UDP-glucuronate
MAM03106	UDP	R_MAR06800	exchange	MAM03109	UDP-glucuronate
MAM03106	UDP	R_MAR06801	exchange	MAM03109	UDP-glucuronate
MAM03106	UDP	R_MAR06828	exchange	MAM03109	UDP-glucuronate
MAM03106	UDP	R_MAR06830	exchange	MAM03109	UDP-glucuronate
MAM03106	UDP	R_MAR06836	exchange	MAM03109	UDP-glucuronate
MAM03106	UDP	R_MAR06837	exchange	MAM03109	UDP-glucuronate
MAM03106	UDP	R_MAR06842	exchange	MAM03109	UDP-glucuronate
MAM03106	UDP	R_MAR06843	exchange	MAM03109	UDP-glucuronate
MAM03106	UDP	R_MAR06984	exchange	MAM03107	UDP-galactose
MAM03106	UDP	R_MAR06985	exchange	MAM03108	UDP-glucose
MAM03106	UDP	R_MAR07039	exchange	MAM03109	UDP-glucuronate
MAM03106	UDP	R_MAR07065	exchange	MAM03109	UDP-glucuronate
MAM03106	UDP	R_MAR07066	exchange	MAM03109	UDP-glucuronate
MAM03106	UDP	R_MAR07174	exchange	MAM03111	UDP-N-acetylglucosamine
MAM03106	UDP	R_MAR07175	exchange	MAM03111	UDP-N-acetylglucosamine
MAM03106	UDP	R_MAR07180	exchange	MAM03111	UDP-N-acetylglucosamine
MAM03106	UDP	R_MAR07181	exchange	MAM03107	UDP-galactose
MAM03106	UDP	R_MAR07185	exchange	MAM03111	UDP-N-acetylglucosamine
MAM03106	UDP	R_MAR07200	exchange	MAM03112	UDP-xylose
MAM03106	UDP	R_MAR07202	exchange	MAM03107	UDP-galactose
MAM03106	UDP	R_MAR07203	exchange	MAM03107	UDP-galactose
MAM03106	UDP	R_MAR07205	exchange	MAM03109	UDP-glucuronate
MAM03106	UDP	R_MAR07206	exchange	MAM03110	UDP-N-acetyl-D-galactosamine
MAM03106	UDP	R_MAR07207	exchange	MAM03111	UDP-N-acetylglucosamine
MAM03106	UDP	R_MAR07208	exchange	MAM03109	UDP-glucuronate
MAM03106	UDP	R_MAR07209	exchange	MAM03111	UDP-N-acetylglucosamine
MAM03106	UDP	R_MAR07210	exchange	MAM03109	UDP-glucuronate
MAM03106	UDP	R_MAR07211	exchange	MAM03111	UDP-N-acetylglucosamine
MAM03106	UDP	R_MAR07212	exchange	MAM03109	UDP-glucuronate
MAM03106	UDP	R_MAR07213	exchange	MAM03111	UDP-N-acetylglucosamine
MAM03106	UDP	R_MAR07214	exchange	MAM03109	UDP-glucuronate
MAM03106	UDP	R_MAR07215	exchange	MAM03111	UDP-N-acetylglucosamine
MAM03106	UDP	R_MAR07265	exchange	MAM03111	UDP-N-acetylglucosamine
MAM03106	UDP	R_MAR07278	exchange	MAM03108	UDP-glucose
MAM03106	UDP	R_MAR07323	exchange	MAM03111	UDP-N-acetylglucosamine
MAM03106	UDP	R_MAR07325	exchange	MAM03111	UDP-N-acetylglucosamine
MAM03106	UDP	R_MAR07326	exchange	MAM03111	UDP-N-acetylglucosamine
MAM03106	UDP	R_MAR07327	exchange	MAM03111	UDP-N-acetylglucosamine
MAM03106	UDP	R_MAR07328	exchange	MAM03111	UDP-N-acetylglucosamine
MAM03106	UDP	R_MAR07329	exchange	MAM03111	UDP-N-acetylglucosamine
MAM03106	UDP	R_MAR07333	exchange	MAM03107	UDP-galactose
MAM03106	UDP	R_MAR07336	exchange	MAM03111	UDP-N-acetylglucosamine
MAM03106	UDP	R_MAR07337	exchange	MAM03107	UDP-galactose
MAM03106	UDP	R_MAR07338	exchange	MAM03111	UDP-N-acetylglucosamine
MAM03106	UDP	R_MAR07340	exchange	MAM03107	UDP-galactose
MAM03106	UDP	R_MAR07341	exchange	MAM03111	UDP-N-acetylglucosamine
MAM03106	UDP	R_MAR07343	exchange	MAM03107	UDP-galactose
MAM03106	UDP	R_MAR07344	exchange	MAM03111	UDP-N-acetylglucosamine
MAM03106	UDP	R_MAR07346	exchange	MAM03107	UDP-galactose
MAM03106	UDP	R_MAR07347	exchange	MAM03111	UDP-N-acetylglucosamine
MAM03106	UDP	R_MAR07349	exchange	MAM03107	UDP-galactose
MAM03106	UDP	R_MAR07350	exchange	MAM03111	UDP-N-acetylglucosamine
MAM03106	UDP	R_MAR07352	exchange	MAM03107	UDP-galactose
MAM03106	UDP	R_MAR07353	exchange	MAM03111	UDP-N-acetylglucosamine
MAM03106	UDP	R_MAR07355	exchange	MAM03107	UDP-galactose
MAM03106	UDP	R_MAR07356	exchange	MAM03111	UDP-N-acetylglucosamine
MAM03106	UDP	R_MAR07358	exchange	MAM03107	UDP-galactose
MAM03106	UDP	R_MAR07359	exchange	MAM03111	UDP-N-acetylglucosamine
MAM03106	UDP	R_MAR07361	exchange	MAM03107	UDP-galactose
MAM03106	UDP	R_MAR07362	exchange	MAM03111	UDP-N-acetylglucosamine
MAM03106	UDP	R_MAR07364	exchange	MAM03107	UDP-galactose
MAM03106	UDP	R_MAR07365	exchange	MAM03111	UDP-N-acetylglucosamine
MAM03106	UDP	R_MAR07367	exchange	MAM03107	UDP-galactose
MAM03106	UDP	R_MAR07368	exchange	MAM03111	UDP-N-acetylglucosamine
MAM03106	UDP	R_MAR07370	exchange	MAM03107	UDP-galactose
MAM03106	UDP	R_MAR07436	exchange	MAM03110	UDP-N-acetyl-D-galactosamine
MAM03106	UDP	R_MAR07438	exchange	MAM03107	UDP-galactose
MAM03106	UDP	R_MAR07440	exchange	MAM03111	UDP-N-acetylglucosamine
MAM03106	UDP	R_MAR07443	exchange	MAM03107	UDP-galactose
MAM03106	UDP	R_MAR07444	exchange	MAM03111	UDP-N-acetylglucosamine
MAM03106	UDP	R_MAR07445	exchange	MAM03107	UDP-galactose
MAM03106	UDP	R_MAR07446	exchange	MAM03111	UDP-N-acetylglucosamine
MAM03106	UDP	R_MAR07448	exchange	MAM03107	UDP-galactose
MAM03106	UDP	R_MAR07449	exchange	MAM03111	UDP-N-acetylglucosamine
MAM03106	UDP	R_MAR07451	exchange	MAM03107	UDP-galactose
MAM03106	UDP	R_MAR07469	exchange	MAM03110	UDP-N-acetyl-D-galactosamine
MAM03106	UDP	R_MAR07471	exchange	MAM03107	UDP-galactose
MAM03106	UDP	R_MAR07473	exchange	MAM03111	UDP-N-acetylglucosamine
MAM03106	UDP	R_MAR07474	exchange	MAM03107	UDP-galactose
MAM03106	UDP	R_MAR07475	exchange	MAM03111	UDP-N-acetylglucosamine
MAM03106	UDP	R_MAR07477	exchange	MAM03107	UDP-galactose
MAM03106	UDP	R_MAR07478	exchange	MAM03111	UDP-N-acetylglucosamine
MAM03106	UDP	R_MAR07480	exchange	MAM03107	UDP-galactose
MAM03106	UDP	R_MAR07493	exchange	MAM03109	UDP-glucuronate
MAM03106	UDP	R_MAR07494	exchange	MAM03111	UDP-N-acetylglucosamine
MAM03106	UDP	R_MAR07495	exchange	MAM03109	UDP-glucuronate
MAM03106	UDP	R_MAR07496	exchange	MAM03111	UDP-N-acetylglucosamine
MAM03106	UDP	R_MAR07520	exchange	MAM03109	UDP-glucuronate
MAM03106	UDP	R_MAR07521	exchange	MAM03111	UDP-N-acetylglucosamine
MAM03106	UDP	R_MAR07535	exchange	MAM03109	UDP-glucuronate
MAM03106	UDP	R_MAR07536	exchange	MAM03111	UDP-N-acetylglucosamine
MAM03106	UDP	R_MAR07568	exchange	MAM03109	UDP-glucuronate
MAM03106	UDP	R_MAR07569	exchange	MAM03109	UDP-glucuronate
MAM03106	UDP	R_MAR07648	exchange	MAM03109	UDP-glucuronate
MAM03106	UDP	R_MAR07674	exchange	MAM03107	UDP-galactose
MAM03106	UDP	R_MAR07813	exchange	MAM03109	UDP-glucuronate
MAM03106	UDP	R_MAR07869	exchange	MAM01642	dATP
MAM03106	UDP	R_MAR07870	exchange	MAM01642	dATP
MAM03106	UDP	R_MAR07871	exchange	MAM03114	UMP
MAM03106	UDP	R_MAR07872	exchange	MAM03114	UMP
MAM03106	UDP	R_MAR07873	exchange	MAM01688	dGTP
MAM03106	UDP	R_MAR07874	exchange	MAM01688	dGTP
MAM03106	UDP	R_MAR07959	exchange	MAM03109	UDP-glucuronate
MAM03106	UDP	R_MAR07962	exchange	MAM03109	UDP-glucuronate
MAM03106	UDP	R_MAR07965	exchange	MAM03109	UDP-glucuronate
MAM03106	UDP	R_MAR07980	exchange	MAM03109	UDP-glucuronate
MAM03106	UDP	R_MAR07984	exchange	MAM03109	UDP-glucuronate
MAM03106	UDP	R_MAR07987	exchange	MAM03109	UDP-glucuronate
MAM03106	UDP	R_MAR08147	exchange	MAM03107	UDP-galactose
MAM03106	UDP	R_MAR08148	exchange	MAM03107	UDP-galactose
MAM03106	UDP	R_MAR08149	exchange	MAM03110	UDP-N-acetyl-D-galactosamine
MAM03106	UDP	R_MAR08150	exchange	MAM03107	UDP-galactose
MAM03106	UDP	R_MAR08151	exchange	MAM03111	UDP-N-acetylglucosamine
MAM03106	UDP	R_MAR08152	exchange	MAM03107	UDP-galactose
MAM03106	UDP	R_MAR08165	exchange	MAM03110	UDP-N-acetyl-D-galactosamine
MAM03106	UDP	R_MAR08166	exchange	MAM03107	UDP-galactose
MAM03106	UDP	R_MAR08173	exchange	MAM03107	UDP-galactose
MAM03106	UDP	R_MAR08185	exchange	MAM03107	UDP-galactose
MAM03106	UDP	R_MAR08186	exchange	MAM03107	UDP-galactose
MAM03106	UDP	R_MAR08187	exchange	MAM03107	UDP-galactose
MAM03106	UDP	R_MAR08190	exchange	MAM03110	UDP-N-acetyl-D-galactosamine
MAM03106	UDP	R_MAR08191	exchange	MAM03110	UDP-N-acetyl-D-galactosamine
MAM03106	UDP	R_MAR08192	exchange	MAM03110	UDP-N-acetyl-D-galactosamine
MAM03106	UDP	R_MAR08197	exchange	MAM03110	UDP-N-acetyl-D-galactosamine
MAM03106	UDP	R_MAR08198	exchange	MAM03110	UDP-N-acetyl-D-galactosamine
MAM03106	UDP	R_MAR08201	exchange	MAM03110	UDP-N-acetyl-D-galactosamine
MAM03106	UDP	R_MAR08248	exchange	MAM03108	UDP-glucose
MAM03106	UDP	R_MAR08249	exchange	MAM03107	UDP-galactose
MAM03106	UDP	R_MAR08250	exchange	MAM03107	UDP-galactose
MAM03106	UDP	R_MAR08251	exchange	MAM03107	UDP-galactose
MAM03106	UDP	R_MAR08254	exchange	MAM03111	UDP-N-acetylglucosamine
MAM03106	UDP	R_MAR08255	exchange	MAM03111	UDP-N-acetylglucosamine
MAM03106	UDP	R_MAR08256	exchange	MAM03110	UDP-N-acetyl-D-galactosamine
MAM03106	UDP	R_MAR08257	exchange	MAM03111	UDP-N-acetylglucosamine
MAM03106	UDP	R_MAR08258	exchange	MAM03107	UDP-galactose
MAM03106	UDP	R_MAR08260	exchange	MAM03110	UDP-N-acetyl-D-galactosamine
MAM03106	UDP	R_MAR08261	exchange	MAM03107	UDP-galactose
MAM03106	UDP	R_MAR08263	exchange	MAM03110	UDP-N-acetyl-D-galactosamine
MAM03106	UDP	R_MAR08267	exchange	MAM03107	UDP-galactose
MAM03106	UDP	R_MAR08275	exchange	MAM03111	UDP-N-acetylglucosamine
MAM03106	UDP	R_MAR08276	exchange	MAM03107	UDP-galactose
MAM03106	UDP	R_MAR08277	exchange	MAM03107	UDP-galactose
MAM03106	UDP	R_MAR08278	exchange	MAM03111	UDP-N-acetylglucosamine
MAM03106	UDP	R_MAR08279	exchange	MAM03107	UDP-galactose
MAM03106	UDP	R_MAR08281	exchange	MAM03107	UDP-galactose
MAM03106	UDP	R_MAR08284	exchange	MAM03110	UDP-N-acetyl-D-galactosamine
MAM03106	UDP	R_MAR08285	exchange	MAM03107	UDP-galactose
MAM03106	UDP	R_MAR08288	exchange	MAM03110	UDP-N-acetyl-D-galactosamine
MAM03106	UDP	R_MAR08292	exchange	MAM03110	UDP-N-acetyl-D-galactosamine
MAM03106	UDP	R_MAR08293	exchange	MAM03107	UDP-galactose
MAM03106	UDP	R_MAR08295	exchange	MAM03110	UDP-N-acetyl-D-galactosamine
MAM03106	UDP	R_MAR08298	exchange	MAM03107	UDP-galactose
MAM03106	UDP	R_MAR08302	exchange	MAM03107	UDP-galactose
MAM03106	UDP	R_MAR08305	exchange	MAM03111	UDP-N-acetylglucosamine
MAM03106	UDP	R_MAR08306	exchange	MAM03107	UDP-galactose
MAM03106	UDP	R_MAR08316	exchange	MAM03111	UDP-N-acetylglucosamine
MAM03106	UDP	R_MAR08317	exchange	MAM03107	UDP-galactose
MAM03106	UDP	R_MAR08379	exchange	MAM03111	UDP-N-acetylglucosamine
MAM03106	UDP	R_MAR08456	exchange	MAM03130	UTP
MAM03106	UDP	R_MAR08457	exchange	MAM03130	UTP
MAM03106	UDP	R_MAR08479	exchange	MAM03130	UTP
MAM03106	UDP	R_MAR08693	exchange	MAM03111	UDP-N-acetylglucosamine
MAM03106	UDP	R_MAR08694	exchange	MAM03111	UDP-N-acetylglucosamine
MAM03106	UDP	R_MAR08695	exchange	MAM03111	UDP-N-acetylglucosamine
MAM03106	UDP	R_MAR08713	exchange	MAM03109	UDP-glucuronate
MAM03106	UDP	R_MAR08717	exchange	MAM03109	UDP-glucuronate
MAM03106	UDP	R_MAR08729	exchange	MAM03109	UDP-glucuronate
MAM03106	UDP	R_MAR09573	exchange	MAM03109	UDP-glucuronate
MAM03106	UDP	R_MAR09574	exchange	MAM03109	UDP-glucuronate
MAM03106	UDP	R_MAR09727	exchange	MAM03108	UDP-glucose
MAM03106	UDP	R_MAR10443	exchange	MAM03109	UDP-glucuronate
MAM03106	UDP	R_MAR11321	exchange	MAM03109	UDP-glucuronate
MAM03106	UDP	R_MAR12002	exchange	MAM03109	UDP-glucuronate
MAM03106	UDP	R_MAR12003	exchange	MAM03109	UDP-glucuronate
MAM03106	UDP	R_MAR12167	exchange	MAM03109	UDP-glucuronate
MAM03106	UDP	R_MAR12168	exchange	MAM03109	UDP-glucuronate
MAM03106	UDP	R_MAR12174	exchange	MAM03109	UDP-glucuronate
MAM03106	UDP	R_MAR12175	exchange	MAM03109	UDP-glucuronate
MAM03106	UDP	R_MAR12178	exchange	MAM03109	UDP-glucuronate
MAM03106	UDP	R_MAR12179	exchange	MAM03109	UDP-glucuronate
MAM03106	UDP	R_MAR12187	exchange	MAM03109	UDP-glucuronate
MAM03106	UDP	R_MAR12188	exchange	MAM03109	UDP-glucuronate
MAM03106	UDP	R_MAR12191	exchange	MAM03109	UDP-glucuronate
MAM03106	UDP	R_MAR12192	exchange	MAM03109	UDP-glucuronate
MAM03106	UDP	R_MAR12246	exchange	MAM03109	UDP-glucuronate
MAM03106	UDP	R_MAR12247	exchange	MAM03109	UDP-glucuronate
MAM03106	UDP	R_MAR12250	exchange	MAM03109	UDP-glucuronate
MAM03106	UDP	R_MAR12251	exchange	MAM03109	UDP-glucuronate
MAM03106	UDP	R_MAR12254	exchange	MAM03109	UDP-glucuronate
MAM03106	UDP	R_MAR12255	exchange	MAM03109	UDP-glucuronate
MAM03106	UDP	R_MAR12258	exchange	MAM03109	UDP-glucuronate
MAM03106	UDP	R_MAR12259	exchange	MAM03109	UDP-glucuronate
MAM03106	UDP	R_MAR12272	exchange	MAM03109	UDP-glucuronate
MAM03106	UDP	R_MAR12273	exchange	MAM03109	UDP-glucuronate
MAM03106	UDP	R_MAR12276	exchange	MAM03109	UDP-glucuronate
MAM03106	UDP	R_MAR12277	exchange	MAM03109	UDP-glucuronate
MAM03106	UDP	R_MAR12333	exchange	MAM03109	UDP-glucuronate
MAM03106	UDP	R_MAR12335	exchange	MAM03109	UDP-glucuronate
MAM03106	UDP	R_MAR12340	exchange	MAM03109	UDP-glucuronate
MAM03106	UDP	R_MAR12347	exchange	MAM03109	UDP-glucuronate
MAM03106	UDP	R_MAR12355	exchange	MAM03109	UDP-glucuronate
MAM03106	UDP	R_MAR12367	exchange	MAM03109	UDP-glucuronate
MAM03106	UDP	R_MAR12403	exchange	MAM03109	UDP-glucuronate
MAM03106	UDP	R_MAR12412	exchange	MAM03109	UDP-glucuronate
MAM03106	UDP	R_MAR12421	exchange	MAM03109	UDP-glucuronate
MAM03106	UDP	R_MAR12444	exchange	MAM03109	UDP-glucuronate
MAM03106	UDP	R_MAR12453	exchange	MAM03109	UDP-glucuronate
MAM03106	UDP	R_MAR12462	exchange	MAM03109	UDP-glucuronate
MAM03106	UDP	R_MAR12495	exchange	MAM03109	UDP-glucuronate
MAM03106	UDP	R_MAR12515	exchange	MAM03109	UDP-glucuronate
MAM03106	UDP	R_MAR12516	exchange	MAM03109	UDP-glucuronate
MAM03106	UDP	R_MAR12517	exchange	MAM03109	UDP-glucuronate
MAM03106	UDP	R_MAR12528	exchange	MAM03109	UDP-glucuronate
MAM03106	UDP	R_MAR12557	exchange	MAM03109	UDP-glucuronate
MAM03106	UDP	R_MAR12558	exchange	MAM03109	UDP-glucuronate
MAM03106	UDP	R_MAR12720	exchange	MAM03109	UDP-glucuronate
MAM03106	UDP	R_MAR12721	exchange	MAM03109	UDP-glucuronate
MAM03106	UDP	R_MAR12728	exchange	MAM03109	UDP-glucuronate
MAM03106	UDP	R_MAR12732	exchange	MAM03109	UDP-glucuronate
MAM03106	UDP	R_MAR12736	exchange	MAM03109	UDP-glucuronate
MAM03106	UDP	R_MAR12758	exchange	MAM03109	UDP-glucuronate
MAM03106	UDP	R_MAR12765	exchange	MAM03109	UDP-glucuronate
MAM03106	UDP	R_MAR12770	exchange	MAM03109	UDP-glucuronate
MAM03106	UDP	R_MAR12802	exchange	MAM04059	udp-ribose
MAM03106	UDP	R_MAR12803	exchange	MAM04059	udp-ribose
MAM03106	UDP	R_MAR12812	exchange	MAM03109	UDP-glucuronate
MAM03106	UDP	R_MAR12822	exchange	MAM03109	UDP-glucuronate
MAM03106	UDP	R_MAR12829	exchange	MAM03109	UDP-glucuronate
MAM03106	UDP	R_MAR12843	exchange	MAM03109	UDP-glucuronate
MAM03106	UDP	R_MAR12873	exchange	MAM03109	UDP-glucuronate
MAM03106	UDP	R_MAR12995	exchange	MAM03109	UDP-glucuronate
MAM03106	UDP	R_MAR04621	kept		
MAM03106	UDP	R_MAR07162	kept		
MAM03114	UMP	R_MAR02021	exchange	MAM03108	UDP-glucose
MAM03114	UMP	R_MAR03969	exchange	MAM02193	ITP
MAM03114	UMP	R_MAR04127	exchange	MAM03108	UDP-glucose
MAM03114	UMP	R_MAR07264	exchange	MAM03111	UDP-N-acetylglucosamine
MAM03114	UMP	R_MAR07869	exchange	MAM03106	UDP
MAM03114	UMP	R_MAR07870	exchange	MAM03106	UDP
MAM03114	UMP	R_MAR07871	exchange	MAM03106	UDP
MAM03114	UMP	R_MAR07872	exchange	MAM03106	UDP
MAM03114	UMP	R_MAR07873	exchange	MAM03106	UDP
MAM03114	UMP	R_MAR07874	exchange	MAM03106	UDP
MAM03114	UMP	R_MAR08727	exchange	MAM03109	UDP-glucuronate
MAM03114	UMP	R_MAR09547	exchange	MAM03111	UDP-N-acetylglucosamine
MAM03114	UMP	R_MAR03970	kept		
MAM03114	UMP	R_MAR04036	kept		
MAM03114	UMP	R_MAR04343	kept		
MAM03114	UMP	R_MAR05352	kept		
MAM03114	UMP	R_MAR07164	kept		
MAM03114	UMP	R_MAR07716	kept		
MAM03114	UMP	R_MAR07717	kept		
MAM03114	UMP	R_MAR08487	kept		
MAM03130	UTP	R_MAR03944	exchange	MAM03108	UDP-glucose
MAM03130	UTP	R_MAR04158	exchange	MAM03111	UDP-N-acetylglucosamine
MAM03130	UTP	R_MAR04210	exchange	MAM03106	UDP
MAM03130	UTP	R_MAR04301	exchange	MAM03106	UDP
MAM03130	UTP	R_MAR08368	exchange	MAM03110	UDP-N-acetyl-D-galactosamine
MAM03130	UTP	R_MAR08456	exchange	MAM03106	UDP
MAM03130	UTP	R_MAR08457	exchange	MAM03106	UDP
MAM03130	UTP	R_MAR08479	exchange	MAM03106	UDP
MAM03130	UTP	R_MAR08767	exchange	MAM03107	UDP-galactose
MAM03130	UTP	R_MAR04194	kept		
MAM03130	UTP	R_MAR04618	kept		
MAM03130	UTP	R_MAR06621	kept		
MAM03130	UTP	R_MAR06622	kept		
MAM03130	UTP	R_MAR07161	kept		
MAM02814	pyridoxal-phosphate	R_MAR04064	kept		
MAM02814	pyridoxal-phosphate	R_MAR04065	kept		
MAM02814	pyridoxal-phosphate	R_MAR04067	kept		
MAM02816	pyridoxamine-phosphate	R_MAR04068	kept		
MAM02816	pyridoxamine-phosphate	R_MAR08724	kept		
MAM03102	ubiquinol	R_MAR04652	exchange	MAM03103	ubiquinone
MAM03102	ubiquinol	R_MAR06918	exchange	MAM03103	ubiquinone
MAM03102	ubiquinol	R_MAR20167	exchange	MAM03103	ubiquinone
MAM03102	ubiquinol	R_MAR06910	kept		
MAM03103	ubiquinone	R_MAR04652	exchange	MAM03102	ubiquinol
MAM03103	ubiquinone	R_MAR06918	exchange	MAM03102	ubiquinol
MAM03103	ubiquinone	R_MAR20167	exchange	MAM03102	ubiquinol
MAM03103	ubiquinone	R_MAR00131	kept		
