metabolite	reaction	side	reversible
MAM01570	R_MAR00001	substrate	False
MAM01569	R_MAR00001	product	False
MAM02956	R_MAR00001	product	False
MAM02956	R_MAR00002	substrate	False
MAM00234	R_MAR00002	product	False
MAM01807	R_MAR00002	product	False
MAM00234	R_MAR00003	substrate	False
MAM00503	R_MAR00003	product	False
MAM01807	R_MAR00003	product	False
MAM00503	R_MAR00005	substrate	False
MAM01807	R_MAR00005	product	False
MAM01983	R_MAR00005	product	False
MAM03147	R_MAR00006	substrate	False
MAM02959	R_MAR00006	product	False
MAM03146	R_MAR00006	product	False
MAM02959	R_MAR00007	substrate	False
MAM00241	R_MAR00007	product	False
MAM01820	R_MAR00007	product	False
MAM00241	R_MAR00008	substrate	False
MAM00510	R_MAR00008	product	False
MAM01820	R_MAR00008	product	False
MAM00510	R_MAR00010	substrate	False
MAM01820	R_MAR00010	product	False
MAM01983	R_MAR00010	product	False
MAM01807	R_MAR00011	substrate	False
MAM01820	R_MAR00011	substrate	False
MAM01819	R_MAR00011	product	False
MAM02048	R_MAR00013	substrate	False
MAM01450	R_MAR00013	product	False
MAM01451	R_MAR00013	product	False
MAM02047	R_MAR00013	product	False
MAM02353	R_MAR00014	substrate	False
MAM01450	R_MAR00014	product	False
MAM01451	R_MAR00014	product	False
MAM02352	R_MAR00014	product	False
MAM02909	R_MAR00017	substrate	False
MAM01410	R_MAR00017	product	False
MAM01648	R_MAR00017	product	False
MAM02108	R_MAR00017	product	False
MAM02120	R_MAR00017	product	False
MAM02614	R_MAR00017	product	False
MAM02642	R_MAR00017	product	False
MAM03117	R_MAR00017	product	False
MAM03134	R_MAR00017	product	False
MAM01005	R_MAR00040	substrate	False
MAM01004	R_MAR00040	product	False
MAM00767	R_MAR00041	substrate	False
MAM00725	R_MAR00041	product	False
MAM00799	R_MAR00043	substrate	False
MAM02142	R_MAR00043	product	False
MAM02142	R_MAR00044	substrate	True
MAM00900	R_MAR00044	product	True
MAM03200	R_MAR00046	substrate	False
MAM01280	R_MAR00046	product	False
MAM00982	R_MAR00047	substrate	False
MAM00996	R_MAR00047	product	False
MAM01261	R_MAR00047	product	False
MAM00996	R_MAR00048	substrate	False
MAM00995	R_MAR00048	product	False
MAM01102	R_MAR00051	substrate	False
MAM01103	R_MAR00051	product	False
MAM00141	R_MAR00055	substrate	False
MAM01382	R_MAR00055	product	False
MAM02453	R_MAR00055	product	False
MAM01288	R_MAR00062	substrate	False
MAM01334	R_MAR00062	product	False
MAM02845	R_MAR00062	product	False
MAM00564	R_MAR00067	substrate	False
MAM02766	R_MAR00067	product	False
MAM01690	R_MAR00068	substrate	False
MAM01984	R_MAR00068	product	False
MAM00614	R_MAR00069	substrate	False
MAM00755	R_MAR00069	product	False
MAM00614	R_MAR00070	substrate	False
MAM00755	R_MAR00070	product	False
MAM00616	R_MAR00071	substrate	False
MAM00618	R_MAR00071	product	False
MAM01992	R_MAR00072	substrate	False
MAM01965	R_MAR00072	product	False
MAM03622	R_MAR00072	product	False
MAM00185	R_MAR00073	substrate	False
MAM02426	R_MAR00073	substrate	False
MAM01356	R_MAR00073	product	False
MAM01357	R_MAR00074	substrate	False
MAM00185	R_MAR00074	product	False
MAM01400	R_MAR00074	product	False
MAM02593	R_MAR00081	substrate	False
MAM03107	R_MAR00081	substrate	False
MAM02594	R_MAR00081	product	False
MAM01880	R_MAR00082	substrate	False
MAM03107	R_MAR00082	substrate	False
MAM03584	R_MAR00082	product	False
MAM01514	R_MAR00083	substrate	False
MAM01986	R_MAR00083	substrate	False
MAM01988	R_MAR00083	product	False
MAM01986	R_MAR00084	substrate	False
MAM03548	R_MAR00084	substrate	False
MAM01987	R_MAR00084	product	False
MAM01434	R_MAR00085	substrate	False
MAM01986	R_MAR00085	substrate	False
MAM01987	R_MAR00085	product	False
MAM01371	R_MAR00086	substrate	False
MAM01401	R_MAR00086	substrate	False
MAM01402	R_MAR00086	product	False
MAM00760	R_MAR00088	substrate	False
MAM01383	R_MAR00088	product	False
MAM01400	R_MAR00091	substrate	False
MAM01401	R_MAR00091	product	False
MAM02426	R_MAR00091	product	False
MAM01356	R_MAR00092	substrate	False
MAM01402	R_MAR00092	substrate	False
MAM01334	R_MAR00092	product	False
MAM01357	R_MAR00092	product	False
MAM00941	R_MAR00101	substrate	False
MAM00367	R_MAR00101	product	False
MAM00051	R_MAR00103	substrate	True
MAM02348	R_MAR00103	substrate	True
MAM02117	R_MAR00103	product	True
MAM02117	R_MAR00104	substrate	True
MAM00051	R_MAR00104	product	True
MAM02348	R_MAR00104	product	True
MAM02348	R_MAR00108	substrate	True
MAM02647	R_MAR00108	substrate	True
MAM02639	R_MAR00108	product	True
MAM02639	R_MAR00109	substrate	True
MAM02348	R_MAR00109	product	True
MAM02647	R_MAR00109	product	True
MAM00953	R_MAR00113	substrate	False
MAM00809	R_MAR00113	product	False
MAM00953	R_MAR00114	substrate	False
MAM00809	R_MAR00114	product	False
MAM04082	R_MAR00115	substrate	False
MAM03158	R_MAR00115	product	False
MAM00367	R_MAR00116	substrate	False
MAM00953	R_MAR00116	product	False
MAM00809	R_MAR00117	substrate	False
MAM04082	R_MAR00117	product	False
MAM00809	R_MAR00118	substrate	False
MAM04082	R_MAR00118	product	False
MAM02730	R_MAR00121	substrate	False
MAM01427	R_MAR00121	product	False
MAM02730	R_MAR00122	substrate	False
MAM01427	R_MAR00122	product	False
MAM01426	R_MAR00129	substrate	False
MAM02715	R_MAR00129	substrate	False
MAM01589	R_MAR00129	product	False
MAM03175	R_MAR00131	substrate	False
MAM03103	R_MAR00131	product	False
MAM03173	R_MAR00132	substrate	False
MAM03174	R_MAR00132	product	False
MAM00657	R_MAR00133	substrate	False
MAM03173	R_MAR00133	product	False
MAM03174	R_MAR00134	substrate	False
MAM03175	R_MAR00134	product	False
MAM00981	R_MAR00135	substrate	False
MAM00982	R_MAR00135	product	False
MAM02348	R_MAR00139	substrate	True
MAM03554	R_MAR00139	substrate	True
MAM00950	R_MAR00139	product	True
MAM00240	R_MAR00141	substrate	True
MAM02733	R_MAR00141	product	True
MAM02678	R_MAR00144	substrate	False
MAM02677	R_MAR00144	product	False
MAM02390	R_MAR00145	substrate	False
MAM00108	R_MAR00145	product	False
MAM02941	R_MAR00146	substrate	False
MAM02647	R_MAR00146	product	False
MAM02941	R_MAR00147	substrate	False
MAM03791	R_MAR00147	product	False
MAM02941	R_MAR00148	substrate	False
MAM00057	R_MAR00148	product	False
MAM02647	R_MAR00149	substrate	False
MAM00106	R_MAR00149	product	False
MAM03791	R_MAR00150	substrate	False
MAM00106	R_MAR00150	product	False
MAM00057	R_MAR00151	substrate	False
MAM00106	R_MAR00151	product	False
MAM02391	R_MAR00152	substrate	False
MAM01934	R_MAR00152	product	False
MAM02772	R_MAR00153	substrate	False
MAM02774	R_MAR00153	product	False
MAM02774	R_MAR00154	substrate	False
MAM02772	R_MAR00154	product	False
MAM01410	R_MAR00156	substrate	False
MAM01412	R_MAR00156	product	False
MAM01412	R_MAR00159	substrate	True
MAM02348	R_MAR00159	substrate	True
MAM02635	R_MAR00159	product	True
MAM02635	R_MAR00161	substrate	True
MAM01412	R_MAR00161	product	True
MAM02348	R_MAR00161	product	True
MAM02409	R_MAR00163	substrate	True
MAM02348	R_MAR00163	product	True
MAM02644	R_MAR00163	product	True
MAM03134	R_MAR00165	substrate	False
MAM02694	R_MAR00165	product	False
MAM02120	R_MAR00168	substrate	False
MAM02122	R_MAR00168	product	False
MAM02108	R_MAR00171	substrate	False
MAM02107	R_MAR00171	product	False
MAM02642	R_MAR00174	substrate	False
MAM02644	R_MAR00174	product	False
MAM02614	R_MAR00177	substrate	False
MAM02616	R_MAR00177	product	False
MAM01648	R_MAR00180	substrate	False
MAM01650	R_MAR00180	product	False
MAM01697	R_MAR00181	substrate	False
MAM01364	R_MAR00181	product	False
MAM03117	R_MAR00184	substrate	False
MAM03116	R_MAR00184	product	False
MAM00125	R_MAR00186	substrate	False
MAM00103	R_MAR00186	product	False
MAM02344	R_MAR00188	substrate	False
MAM02345	R_MAR00188	product	False
MAM02345	R_MAR00189	substrate	False
MAM02344	R_MAR00189	product	False
MAM03051	R_MAR00192	substrate	False
MAM03050	R_MAR00192	product	False
MAM03050	R_MAR00193	substrate	False
MAM03051	R_MAR00193	product	False
MAM02494	R_MAR00196	substrate	False
MAM02495	R_MAR00196	product	False
MAM02495	R_MAR00197	substrate	False
MAM02494	R_MAR00197	product	False
MAM00128	R_MAR00200	substrate	False
MAM00129	R_MAR00200	product	False
MAM00129	R_MAR00201	substrate	False
MAM00128	R_MAR00201	product	False
MAM00117	R_MAR00204	substrate	False
MAM00118	R_MAR00204	product	False
MAM00119	R_MAR00205	substrate	False
MAM00093	R_MAR00205	product	False
MAM00118	R_MAR00206	substrate	False
MAM00117	R_MAR00206	product	False
MAM02745	R_MAR00209	substrate	False
MAM01141	R_MAR00209	product	False
MAM01141	R_MAR00210	substrate	False
MAM02745	R_MAR00210	product	False
MAM02690	R_MAR00213	substrate	False
MAM02689	R_MAR00213	product	False
MAM02689	R_MAR00214	substrate	False
MAM02690	R_MAR00214	product	False
MAM02674	R_MAR00217	substrate	False
MAM02678	R_MAR00217	product	False
MAM00121	R_MAR00218	substrate	False
MAM00095	R_MAR00218	product	False
MAM01675	R_MAR00222	substrate	False
MAM01450	R_MAR00222	product	False
MAM02678	R_MAR00223	substrate	False
MAM02674	R_MAR00223	product	False
MAM02675	R_MAR00226	substrate	False
MAM02677	R_MAR00226	product	False
MAM01189	R_MAR00227	substrate	False
MAM01675	R_MAR00227	product	False
MAM02805	R_MAR00228	substrate	False
MAM01450	R_MAR00228	product	False
MAM02677	R_MAR00230	substrate	False
MAM02675	R_MAR00230	product	False
MAM01197	R_MAR00233	substrate	False
MAM01191	R_MAR00233	product	False
MAM01191	R_MAR00234	substrate	False
MAM01197	R_MAR00234	product	False
MAM02456	R_MAR00237	substrate	False
MAM02101	R_MAR00237	product	False
MAM02101	R_MAR00238	substrate	False
MAM02456	R_MAR00238	product	False
MAM00003	R_MAR00241	substrate	False
MAM00004	R_MAR00241	product	False
MAM00004	R_MAR00242	substrate	False
MAM00003	R_MAR00242	product	False
MAM01238	R_MAR00245	substrate	False
MAM01237	R_MAR00245	product	False
MAM01237	R_MAR00246	substrate	False
MAM01238	R_MAR00246	product	False
MAM02938	R_MAR00249	substrate	False
MAM02941	R_MAR00249	product	False
MAM02941	R_MAR00250	substrate	False
MAM02938	R_MAR00250	product	False
MAM00572	R_MAR00251	substrate	False
MAM01016	R_MAR00251	product	False
MAM01833	R_MAR00251	product	False
MAM00019	R_MAR00255	substrate	False
MAM00020	R_MAR00255	product	False
MAM00020	R_MAR00256	substrate	False
MAM00019	R_MAR00256	product	False
MAM01585	R_MAR00259	substrate	False
MAM01586	R_MAR00259	product	False
MAM01586	R_MAR00260	substrate	False
MAM01585	R_MAR00260	product	False
MAM02646	R_MAR00263	substrate	False
MAM02647	R_MAR00263	product	False
MAM02647	R_MAR00264	substrate	False
MAM02646	R_MAR00264	product	False
MAM01778	R_MAR00267	substrate	False
MAM00127	R_MAR00267	product	False
MAM00127	R_MAR00268	substrate	False
MAM01778	R_MAR00268	product	False
MAM00115	R_MAR00271	substrate	False
MAM00020	R_MAR00271	product	False
MAM00116	R_MAR00272	substrate	False
MAM00115	R_MAR00272	product	False
MAM00104	R_MAR00275	substrate	False
MAM00106	R_MAR00275	product	False
MAM00106	R_MAR00276	substrate	False
MAM00104	R_MAR00276	product	False
MAM02613	R_MAR00279	substrate	False
MAM02612	R_MAR00279	product	False
MAM02612	R_MAR00280	substrate	False
MAM02613	R_MAR00280	product	False
MAM01771	R_MAR00283	substrate	False
MAM01773	R_MAR00283	product	False
MAM01773	R_MAR00284	substrate	False
MAM01771	R_MAR00284	product	False
MAM01706	R_MAR00285	substrate	False
MAM02187	R_MAR00285	substrate	False
MAM01953	R_MAR00285	product	False
MAM00017	R_MAR00289	substrate	False
MAM00018	R_MAR00289	product	False
MAM00018	R_MAR00290	substrate	False
MAM00017	R_MAR00290	product	False
MAM01584	R_MAR00293	substrate	False
MAM00007	R_MAR00293	product	False
MAM00007	R_MAR00294	substrate	False
MAM01584	R_MAR00294	product	False
MAM01235	R_MAR00297	substrate	False
MAM01236	R_MAR00297	product	False
MAM01236	R_MAR00298	substrate	False
MAM01235	R_MAR00298	product	False
MAM01207	R_MAR00301	substrate	False
MAM00123	R_MAR00301	product	False
MAM00123	R_MAR00302	substrate	False
MAM01207	R_MAR00302	product	False
MAM02457	R_MAR00305	substrate	False
MAM00101	R_MAR00305	product	False
MAM00101	R_MAR00306	substrate	False
MAM02457	R_MAR00306	product	False
MAM02053	R_MAR00309	substrate	False
MAM02052	R_MAR00309	product	False
MAM02052	R_MAR00310	substrate	False
MAM02053	R_MAR00310	product	False
MAM01373	R_MAR00313	substrate	False
MAM01725	R_MAR00313	product	False
MAM01725	R_MAR00314	substrate	False
MAM01373	R_MAR00314	product	False
MAM01583	R_MAR00319	substrate	False
MAM00016	R_MAR00319	product	False
MAM00016	R_MAR00320	substrate	False
MAM01583	R_MAR00320	product	False
MAM01582	R_MAR00323	substrate	False
MAM00006	R_MAR00323	product	False
MAM00006	R_MAR00324	substrate	False
MAM01582	R_MAR00324	product	False
MAM03045	R_MAR00327	substrate	False
MAM03047	R_MAR00327	product	False
MAM03047	R_MAR00328	substrate	False
MAM03045	R_MAR00328	product	False
MAM02385	R_MAR00331	substrate	False
MAM02971	R_MAR00331	product	False
MAM02971	R_MAR00332	substrate	False
MAM02385	R_MAR00332	product	False
MAM02564	R_MAR00337	substrate	False
MAM00025	R_MAR00337	product	False
MAM00025	R_MAR00338	substrate	False
MAM02564	R_MAR00338	product	False
MAM01432	R_MAR00341	substrate	False
MAM02110	R_MAR00341	product	False
MAM02110	R_MAR00342	substrate	False
MAM01432	R_MAR00342	product	False
MAM03153	R_MAR00345	substrate	False
MAM02112	R_MAR00345	product	False
MAM02112	R_MAR00346	substrate	False
MAM03153	R_MAR00346	product	False
MAM02389	R_MAR00349	substrate	False
MAM02390	R_MAR00349	product	False
MAM02390	R_MAR00350	substrate	False
MAM02389	R_MAR00350	product	False
MAM02939	R_MAR00353	substrate	False
MAM00108	R_MAR00353	product	False
MAM00108	R_MAR00354	substrate	False
MAM02939	R_MAR00354	product	False
MAM02648	R_MAR00357	substrate	False
MAM00125	R_MAR00357	product	False
MAM00125	R_MAR00358	substrate	False
MAM02648	R_MAR00358	product	False
MAM01784	R_MAR00361	substrate	False
MAM00103	R_MAR00361	product	False
MAM00103	R_MAR00362	substrate	False
MAM01784	R_MAR00362	product	False
MAM01741	R_MAR00365	substrate	False
MAM00121	R_MAR00365	product	False
MAM00121	R_MAR00366	substrate	False
MAM01741	R_MAR00366	product	False
MAM00135	R_MAR00369	substrate	False
MAM00134	R_MAR00369	product	False
MAM00134	R_MAR00370	substrate	False
MAM00135	R_MAR00370	product	False
MAM00114	R_MAR00373	substrate	False
MAM00113	R_MAR00373	product	False
MAM00113	R_MAR00374	substrate	False
MAM00114	R_MAR00374	product	False
MAM01689	R_MAR00377	substrate	False
MAM00095	R_MAR00377	product	False
MAM00095	R_MAR00378	substrate	False
MAM01689	R_MAR00378	product	False
MAM00010	R_MAR00381	substrate	False
MAM00012	R_MAR00381	product	False
MAM00012	R_MAR00382	substrate	False
MAM00010	R_MAR00382	product	False
MAM00341	R_MAR00385	substrate	False
MAM00343	R_MAR00385	product	False
MAM00343	R_MAR00386	substrate	False
MAM00341	R_MAR00386	product	False
MAM00260	R_MAR00389	substrate	False
MAM00262	R_MAR00389	product	False
MAM00262	R_MAR00390	substrate	False
MAM00260	R_MAR00390	product	False
MAM00315	R_MAR00393	substrate	False
MAM00317	R_MAR00393	product	False
MAM00317	R_MAR00394	substrate	False
MAM00315	R_MAR00394	product	False
MAM02387	R_MAR00397	substrate	False
MAM02391	R_MAR00397	product	False
MAM02391	R_MAR00398	substrate	False
MAM02387	R_MAR00398	product	False
MAM01932	R_MAR00401	substrate	False
MAM01934	R_MAR00401	product	False
MAM01934	R_MAR00402	substrate	False
MAM01932	R_MAR00402	product	False
MAM01696	R_MAR00405	substrate	False
MAM01697	R_MAR00405	product	False
MAM01697	R_MAR00406	substrate	False
MAM01696	R_MAR00406	product	False
MAM01362	R_MAR00409	substrate	False
MAM01364	R_MAR00409	product	False
MAM01364	R_MAR00410	substrate	False
MAM01362	R_MAR00410	product	False
MAM01291	R_MAR00413	substrate	False
MAM00119	R_MAR00413	product	False
MAM00119	R_MAR00414	substrate	False
MAM01291	R_MAR00414	product	False
MAM00132	R_MAR00417	substrate	False
MAM00131	R_MAR00417	product	False
MAM00131	R_MAR00418	substrate	False
MAM00132	R_MAR00418	product	False
MAM00111	R_MAR00421	substrate	False
MAM00110	R_MAR00421	product	False
MAM00110	R_MAR00422	substrate	False
MAM00111	R_MAR00422	product	False
MAM00094	R_MAR00425	substrate	False
MAM00093	R_MAR00425	product	False
MAM00093	R_MAR00426	substrate	False
MAM00094	R_MAR00426	product	False
MAM00008	R_MAR00429	substrate	False
MAM00009	R_MAR00429	product	False
MAM00009	R_MAR00430	substrate	False
MAM00008	R_MAR00430	product	False
MAM00021	R_MAR00433	substrate	False
MAM00023	R_MAR00433	product	False
MAM00023	R_MAR00434	substrate	False
MAM00021	R_MAR00434	product	False
MAM00265	R_MAR00437	substrate	False
MAM00264	R_MAR00437	product	False
MAM00264	R_MAR00438	substrate	False
MAM00265	R_MAR00438	product	False
MAM00164	R_MAR00441	substrate	False
MAM02187	R_MAR00441	product	False
MAM01742	R_MAR00442	substrate	False
MAM00558	R_MAR00442	product	False
MAM03158	R_MAR00443	substrate	False
MAM01066	R_MAR00443	product	False
MAM01766	R_MAR00447	substrate	True
MAM03849	R_MAR00447	product	True
MAM01983	R_MAR00448	substrate	False
MAM02914	R_MAR00448	product	False
MAM02914	R_MAR00449	substrate	False
MAM01690	R_MAR00449	product	False
MAM01983	R_MAR00450	substrate	False
MAM02914	R_MAR00450	product	False
MAM00057	R_MAR00452	substrate	True
MAM02348	R_MAR00452	substrate	True
MAM00126	R_MAR00452	product	True
MAM01981	R_MAR00453	substrate	True
MAM01983	R_MAR00453	product	True
MAM01981	R_MAR00454	substrate	False
MAM01939	R_MAR00454	product	False
MAM00126	R_MAR00455	substrate	True
MAM00057	R_MAR00455	product	True
MAM02348	R_MAR00455	product	True
MAM01981	R_MAR00456	substrate	False
MAM01982	R_MAR00456	product	False
MAM01982	R_MAR00457	substrate	False
MAM00913	R_MAR00457	product	False
MAM01983	R_MAR00458	substrate	False
MAM01981	R_MAR00458	product	False
MAM01981	R_MAR00459	substrate	False
MAM01982	R_MAR00459	product	False
MAM01982	R_MAR00460	substrate	False
MAM00913	R_MAR00460	product	False
MAM02684	R_MAR00463	substrate	False
MAM00656	R_MAR00463	product	False
MAM10005	R_MAR00463	product	False
MAM00233	R_MAR00468	substrate	False
MAM01425	R_MAR00468	substrate	False
MAM01395	R_MAR00468	product	False
MAM01651	R_MAR00471	substrate	False
MAM01653	R_MAR00471	product	False
MAM02527	R_MAR00471	product	False
MAM02509	R_MAR00472	substrate	False
MAM02511	R_MAR00472	product	False
MAM02527	R_MAR00472	product	False
MAM00138	R_MAR00473	substrate	False
MAM00150	R_MAR00473	product	False
MAM03591	R_MAR00473	product	False
MAM00139	R_MAR00474	substrate	False
MAM00150	R_MAR00474	product	False
MAM03592	R_MAR00474	product	False
MAM00140	R_MAR00475	substrate	False
MAM00150	R_MAR00475	product	False
MAM03593	R_MAR00475	product	False
MAM01395	R_MAR00477	substrate	False
MAM02684	R_MAR00477	substrate	False
MAM02685	R_MAR00477	substrate	False
MAM02740	R_MAR00477	product	False
MAM01690	R_MAR00479	substrate	False
MAM02914	R_MAR00479	product	False
MAM01971	R_MAR00480	substrate	False
MAM00149	R_MAR00480	product	False
MAM03591	R_MAR00480	product	False
MAM01690	R_MAR00481	substrate	False
MAM02914	R_MAR00481	product	False
MAM01429	R_MAR00484	substrate	True
MAM02914	R_MAR00484	product	True
MAM01970	R_MAR00485	substrate	False
MAM00148	R_MAR00485	product	False
MAM03591	R_MAR00485	product	False
MAM02345	R_MAR00486	substrate	False
MAM02914	R_MAR00486	substrate	False
MAM00484	R_MAR00486	product	False
MAM02914	R_MAR00487	substrate	False
MAM03050	R_MAR00487	substrate	False
MAM00502	R_MAR00487	product	False
MAM02495	R_MAR00488	substrate	False
MAM02914	R_MAR00488	substrate	False
MAM00493	R_MAR00488	product	False
MAM00129	R_MAR00489	substrate	False
MAM02914	R_MAR00489	substrate	False
MAM00471	R_MAR00489	product	False
MAM00118	R_MAR00490	substrate	False
MAM02914	R_MAR00490	substrate	False
MAM00463	R_MAR00490	product	False
MAM01141	R_MAR00491	substrate	False
MAM02914	R_MAR00491	substrate	False
MAM00454	R_MAR00491	product	False
MAM02689	R_MAR00492	substrate	False
MAM02914	R_MAR00492	substrate	False
MAM00498	R_MAR00492	product	False
MAM02678	R_MAR00493	substrate	False
MAM02914	R_MAR00493	substrate	False
MAM00496	R_MAR00493	product	False
MAM02677	R_MAR00494	substrate	False
MAM02914	R_MAR00494	substrate	False
MAM00497	R_MAR00494	product	False
MAM01191	R_MAR00495	substrate	False
MAM02914	R_MAR00495	substrate	False
MAM00461	R_MAR00495	product	False
MAM02101	R_MAR00496	substrate	False
MAM02914	R_MAR00496	substrate	False
MAM00481	R_MAR00496	product	False
MAM00004	R_MAR00497	substrate	False
MAM02914	R_MAR00497	substrate	False
MAM00438	R_MAR00497	product	False
MAM01237	R_MAR00498	substrate	False
MAM02914	R_MAR00498	substrate	False
MAM00469	R_MAR00498	product	False
MAM02914	R_MAR00499	substrate	False
MAM02941	R_MAR00499	substrate	False
MAM00499	R_MAR00499	product	False
MAM00020	R_MAR00500	substrate	False
MAM02914	R_MAR00500	substrate	False
MAM00448	R_MAR00500	product	False
MAM01586	R_MAR00501	substrate	False
MAM02914	R_MAR00501	substrate	False
MAM00474	R_MAR00501	product	False
MAM02647	R_MAR00502	substrate	False
MAM02914	R_MAR00502	substrate	False
MAM00495	R_MAR00502	product	False
MAM00127	R_MAR00503	substrate	False
MAM02914	R_MAR00503	substrate	False
MAM00470	R_MAR00503	product	False
MAM00116	R_MAR00504	substrate	False
MAM02914	R_MAR00504	substrate	False
MAM00462	R_MAR00504	product	False
MAM00106	R_MAR00505	substrate	False
MAM02914	R_MAR00505	substrate	False
MAM00458	R_MAR00505	product	False
MAM02612	R_MAR00506	substrate	False
MAM02914	R_MAR00506	substrate	False
MAM00494	R_MAR00506	product	False
MAM01773	R_MAR00507	substrate	False
MAM02914	R_MAR00507	substrate	False
MAM00478	R_MAR00507	product	False
MAM00018	R_MAR00508	substrate	False
MAM02914	R_MAR00508	substrate	False
MAM00447	R_MAR00508	product	False
MAM00007	R_MAR00509	substrate	False
MAM02914	R_MAR00509	substrate	False
MAM00442	R_MAR00509	product	False
MAM01236	R_MAR00510	substrate	False
MAM02914	R_MAR00510	substrate	False
MAM00468	R_MAR00510	product	False
MAM00123	R_MAR00511	substrate	False
MAM02914	R_MAR00511	substrate	False
MAM00465	R_MAR00511	product	False
MAM00101	R_MAR00512	substrate	False
MAM02914	R_MAR00512	substrate	False
MAM00453	R_MAR00512	product	False
MAM02052	R_MAR00513	substrate	False
MAM02914	R_MAR00513	substrate	False
MAM00480	R_MAR00513	product	False
MAM01725	R_MAR00514	substrate	False
MAM02914	R_MAR00514	substrate	False
MAM00477	R_MAR00514	product	False
MAM00016	R_MAR00515	substrate	False
MAM02914	R_MAR00515	substrate	False
MAM00446	R_MAR00515	product	False
MAM00006	R_MAR00516	substrate	False
MAM02914	R_MAR00516	substrate	False
MAM00441	R_MAR00516	product	False
MAM02914	R_MAR00517	substrate	False
MAM03047	R_MAR00517	substrate	False
MAM00501	R_MAR00517	product	False
MAM02914	R_MAR00518	substrate	False
MAM02971	R_MAR00518	substrate	False
MAM00500	R_MAR00518	product	False
MAM00025	R_MAR00519	substrate	False
MAM02914	R_MAR00519	substrate	False
MAM00449	R_MAR00519	product	False
MAM02110	R_MAR00520	substrate	False
MAM02914	R_MAR00520	substrate	False
MAM00482	R_MAR00520	product	False
MAM02112	R_MAR00521	substrate	False
MAM02914	R_MAR00521	substrate	False
MAM00483	R_MAR00521	product	False
MAM02390	R_MAR00522	substrate	False
MAM02914	R_MAR00522	substrate	False
MAM00492	R_MAR00522	product	False
MAM00108	R_MAR00523	substrate	False
MAM02914	R_MAR00523	substrate	False
MAM00457	R_MAR00523	product	False
MAM00125	R_MAR00524	substrate	False
MAM02914	R_MAR00524	substrate	False
MAM00464	R_MAR00524	product	False
MAM00103	R_MAR00525	substrate	False
MAM02914	R_MAR00525	substrate	False
MAM00452	R_MAR00525	product	False
MAM00121	R_MAR00526	substrate	False
MAM02914	R_MAR00526	substrate	False
MAM00459	R_MAR00526	product	False
MAM00134	R_MAR00527	substrate	False
MAM02914	R_MAR00527	substrate	False
MAM00466	R_MAR00527	product	False
MAM00113	R_MAR00528	substrate	False
MAM02914	R_MAR00528	substrate	False
MAM00455	R_MAR00528	product	False
MAM00095	R_MAR00529	substrate	False
MAM02914	R_MAR00529	substrate	False
MAM00450	R_MAR00529	product	False
MAM00012	R_MAR00530	substrate	False
MAM02914	R_MAR00530	substrate	False
MAM00439	R_MAR00530	product	False
MAM00343	R_MAR00531	substrate	False
MAM02914	R_MAR00531	substrate	False
MAM00444	R_MAR00531	product	False
MAM00262	R_MAR00532	substrate	False
MAM02914	R_MAR00532	substrate	False
MAM00436	R_MAR00532	product	False
MAM00317	R_MAR00533	substrate	False
MAM02914	R_MAR00533	substrate	False
MAM00443	R_MAR00533	product	False
MAM02391	R_MAR00534	substrate	False
MAM02914	R_MAR00534	substrate	False
MAM00491	R_MAR00534	product	False
MAM01934	R_MAR00535	substrate	False
MAM02914	R_MAR00535	substrate	False
MAM00479	R_MAR00535	product	False
MAM01697	R_MAR00536	substrate	False
MAM02914	R_MAR00536	substrate	False
MAM00476	R_MAR00536	product	False
MAM01364	R_MAR00537	substrate	False
MAM02914	R_MAR00537	substrate	False
MAM00472	R_MAR00537	product	False
MAM00119	R_MAR00538	substrate	False
MAM02914	R_MAR00538	substrate	False
MAM00460	R_MAR00538	product	False
MAM00131	R_MAR00539	substrate	False
MAM02914	R_MAR00539	substrate	False
MAM00467	R_MAR00539	product	False
MAM00110	R_MAR00540	substrate	False
MAM02914	R_MAR00540	substrate	False
MAM00456	R_MAR00540	product	False
MAM00093	R_MAR00541	substrate	False
MAM02914	R_MAR00541	substrate	False
MAM00451	R_MAR00541	product	False
MAM00009	R_MAR00542	substrate	False
MAM02914	R_MAR00542	substrate	False
MAM00440	R_MAR00542	product	False
MAM00023	R_MAR00543	substrate	False
MAM02914	R_MAR00543	substrate	False
MAM00445	R_MAR00543	product	False
MAM00264	R_MAR00544	substrate	False
MAM02914	R_MAR00544	substrate	False
MAM00437	R_MAR00544	product	False
MAM01969	R_MAR00554	substrate	False
MAM00143	R_MAR00554	product	False
MAM03591	R_MAR00554	product	False
MAM02914	R_MAR00579	substrate	False
MAM10007	R_MAR00579	substrate	False
MAM10006	R_MAR00579	product	False
MAM10006	R_MAR00580	substrate	False
MAM10007	R_MAR00580	substrate	False
MAM02727	R_MAR00580	product	False
MAM02727	R_MAR00581	substrate	False
MAM01426	R_MAR00581	product	False
MAM01426	R_MAR00582	substrate	False
MAM02914	R_MAR00582	substrate	False
MAM02717	R_MAR00582	product	False
MAM02717	R_MAR00584	substrate	False
MAM02715	R_MAR00584	product	False
MAM01426	R_MAR00586	substrate	False
MAM02715	R_MAR00586	substrate	False
MAM01589	R_MAR00586	product	False
MAM10006	R_MAR00588	substrate	False
MAM10007	R_MAR00588	substrate	False
MAM02733	R_MAR00588	product	False
MAM10006	R_MAR00589	substrate	False
MAM10007	R_MAR00589	substrate	False
MAM02728	R_MAR00589	product	False
MAM10006	R_MAR00590	substrate	False
MAM10007	R_MAR00590	substrate	False
MAM02729	R_MAR00590	product	False
MAM10006	R_MAR00591	substrate	False
MAM10007	R_MAR00591	substrate	False
MAM02731	R_MAR00591	product	False
MAM10006	R_MAR00592	substrate	False
MAM10007	R_MAR00592	substrate	False
MAM02730	R_MAR00592	product	False
MAM10006	R_MAR00593	substrate	False
MAM10007	R_MAR00593	substrate	False
MAM02732	R_MAR00593	product	False
MAM00473	R_MAR00594	substrate	False
MAM01269	R_MAR00594	substrate	False
MAM02726	R_MAR00594	product	False
MAM02733	R_MAR00596	substrate	False
MAM00240	R_MAR00596	product	False
MAM02728	R_MAR00597	substrate	False
MAM00235	R_MAR00597	product	False
MAM02729	R_MAR00598	substrate	False
MAM00236	R_MAR00598	product	False
MAM02731	R_MAR00599	substrate	False
MAM00238	R_MAR00599	product	False
MAM02730	R_MAR00600	substrate	False
MAM00237	R_MAR00600	product	False
MAM02732	R_MAR00601	substrate	False
MAM00239	R_MAR00601	product	False
MAM02726	R_MAR00602	substrate	False
MAM00233	R_MAR00602	product	False
MAM00240	R_MAR00604	substrate	False
MAM02733	R_MAR00604	product	False
MAM00240	R_MAR00605	substrate	False
MAM10007	R_MAR00605	substrate	False
MAM02958	R_MAR00605	product	False
MAM01427	R_MAR00610	substrate	False
MAM02171	R_MAR00610	substrate	False
MAM02750	R_MAR00610	product	False
MAM01427	R_MAR00613	substrate	False
MAM02171	R_MAR00613	substrate	False
MAM02750	R_MAR00613	product	False
MAM00236	R_MAR00614	substrate	False
MAM01428	R_MAR00614	substrate	False
MAM02685	R_MAR00614	product	False
MAM00238	R_MAR00615	substrate	False
MAM01428	R_MAR00615	substrate	False
MAM02697	R_MAR00615	product	False
MAM02697	R_MAR00616	substrate	False
MAM02808	R_MAR00616	product	False
MAM02685	R_MAR00622	substrate	False
MAM02896	R_MAR00622	substrate	False
MAM01797	R_MAR00622	product	False
MAM02808	R_MAR00622	product	False
MAM02684	R_MAR00623	substrate	False
MAM02896	R_MAR00623	substrate	False
MAM01513	R_MAR00623	product	False
MAM02808	R_MAR00623	product	False
MAM00235	R_MAR00625	substrate	False
MAM01425	R_MAR00625	substrate	False
MAM02684	R_MAR00625	product	False
MAM02808	R_MAR00627	substrate	False
MAM02685	R_MAR00627	product	False
MAM02684	R_MAR00629	substrate	False
MAM01513	R_MAR00629	product	False
MAM02728	R_MAR00629	product	False
MAM02684	R_MAR00630	substrate	False
MAM00656	R_MAR00630	product	False
MAM10005	R_MAR00630	product	False
MAM00656	R_MAR00632	substrate	False
MAM10007	R_MAR00632	substrate	False
MAM02684	R_MAR00632	product	False
MAM00656	R_MAR00633	substrate	False
MAM02912	R_MAR00633	product	False
MAM10005	R_MAR00633	product	False
MAM01450	R_MAR00634	substrate	False
MAM02684	R_MAR00634	substrate	False
MAM00656	R_MAR00634	product	False
MAM01451	R_MAR00634	product	False
MAM02912	R_MAR00635	substrate	False
MAM01513	R_MAR00635	product	False
MAM02914	R_MAR00635	product	False
MAM01513	R_MAR00636	substrate	False
MAM02738	R_MAR00636	product	False
MAM02738	R_MAR00638	substrate	False
MAM01425	R_MAR00638	product	False
MAM01261	R_MAR00640	substrate	False
MAM01513	R_MAR00640	substrate	False
MAM01260	R_MAR00640	product	False
MAM01260	R_MAR00641	substrate	False
MAM01252	R_MAR00641	product	False
MAM01513	R_MAR00641	product	False
MAM02685	R_MAR00642	substrate	False
MAM01797	R_MAR00642	product	False
MAM02729	R_MAR00642	product	False
MAM02685	R_MAR00643	substrate	False
MAM00511	R_MAR00643	product	False
MAM10005	R_MAR00643	product	False
MAM00511	R_MAR00644	substrate	False
MAM10007	R_MAR00644	substrate	False
MAM02685	R_MAR00644	product	False
MAM00511	R_MAR00645	substrate	False
MAM02913	R_MAR00645	product	False
MAM10005	R_MAR00645	product	False
MAM02913	R_MAR00646	substrate	False
MAM01797	R_MAR00646	product	False
MAM02914	R_MAR00646	product	False
MAM01797	R_MAR00647	substrate	False
MAM01249	R_MAR00647	product	False
MAM01797	R_MAR00648	substrate	False
MAM01798	R_MAR00648	product	False
MAM01798	R_MAR00649	substrate	False
MAM01797	R_MAR00649	product	False
MAM01798	R_MAR00651	substrate	False
MAM01428	R_MAR00651	product	False
MAM02685	R_MAR00653	substrate	False
MAM02686	R_MAR00653	product	False
MAM02686	R_MAR00654	substrate	False
MAM02758	R_MAR00654	product	False
MAM02758	R_MAR00657	substrate	False
MAM02684	R_MAR00657	product	False
MAM02808	R_MAR00660	substrate	False
MAM02731	R_MAR00660	product	False
MAM02896	R_MAR00660	product	False
MAM02750	R_MAR00663	substrate	False
MAM00237	R_MAR00663	product	False
MAM02173	R_MAR00663	product	False
MAM02958	R_MAR00665	substrate	False
MAM00240	R_MAR00665	product	False
MAM10005	R_MAR00665	product	False
MAM00240	R_MAR00667	substrate	False
MAM00509	R_MAR00667	product	False
MAM10005	R_MAR00667	product	False
MAM00237	R_MAR00668	substrate	False
MAM00506	R_MAR00668	product	False
MAM10005	R_MAR00668	product	False
MAM00235	R_MAR00669	substrate	False
MAM00504	R_MAR00669	product	False
MAM10005	R_MAR00669	product	False
MAM00236	R_MAR00670	substrate	False
MAM00505	R_MAR00670	product	False
MAM10005	R_MAR00670	product	False
MAM00238	R_MAR00671	substrate	False
MAM00507	R_MAR00671	product	False
MAM10005	R_MAR00671	product	False
MAM00239	R_MAR00672	substrate	False
MAM00508	R_MAR00672	product	False
MAM10005	R_MAR00672	product	False
MAM00509	R_MAR00673	substrate	False
MAM10006	R_MAR00673	product	False
MAM00504	R_MAR00674	substrate	False
MAM10006	R_MAR00674	product	False
MAM00505	R_MAR00675	substrate	False
MAM10006	R_MAR00675	product	False
MAM00507	R_MAR00676	substrate	False
MAM10006	R_MAR00676	product	False
MAM00506	R_MAR00677	substrate	False
MAM10006	R_MAR00677	product	False
MAM00508	R_MAR00678	substrate	False
MAM10006	R_MAR00678	product	False
MAM00509	R_MAR00679	substrate	False
MAM01983	R_MAR00679	product	False
MAM10005	R_MAR00679	product	False
MAM00504	R_MAR00680	substrate	False
MAM01983	R_MAR00680	product	False
MAM10005	R_MAR00680	product	False
MAM00505	R_MAR00681	substrate	False
MAM01983	R_MAR00681	product	False
MAM10005	R_MAR00681	product	False
MAM00507	R_MAR00682	substrate	False
MAM01983	R_MAR00682	product	False
MAM10005	R_MAR00682	product	False
MAM00506	R_MAR00683	substrate	False
MAM01983	R_MAR00683	product	False
MAM10005	R_MAR00683	product	False
MAM00508	R_MAR00684	substrate	False
MAM01983	R_MAR00684	product	False
MAM10005	R_MAR00684	product	False
MAM02678	R_MAR00703	substrate	False
MAM02114	R_MAR00703	product	False
MAM01690	R_MAR00705	substrate	False
MAM02678	R_MAR00705	substrate	False
MAM00550	R_MAR00705	product	False
MAM00550	R_MAR00706	substrate	False
MAM02114	R_MAR00706	substrate	False
MAM02017	R_MAR00706	product	False
MAM02674	R_MAR00706	product	False
MAM02017	R_MAR00708	substrate	False
MAM00532	R_MAR00708	product	False
MAM02678	R_MAR00709	substrate	False
MAM02674	R_MAR00709	product	False
MAM02183	R_MAR00710	substrate	True
MAM01306	R_MAR00710	product	True
MAM02183	R_MAR00712	substrate	True
MAM01306	R_MAR00712	product	True
MAM01699	R_MAR00715	substrate	False
MAM02748	R_MAR00715	product	False
MAM02748	R_MAR00716	substrate	False
MAM02749	R_MAR00716	product	False
MAM10005	R_MAR00716	product	False
MAM01306	R_MAR00718	substrate	False
MAM00653	R_MAR00718	product	False
MAM01306	R_MAR00719	substrate	False
MAM00653	R_MAR00719	product	False
MAM03968	R_MAR00723	substrate	True
MAM00128	R_MAR00723	product	True
MAM00184	R_MAR00723	product	True
MAM03646	R_MAR00724	substrate	True
MAM00184	R_MAR00724	product	True
MAM02675	R_MAR00724	product	True
MAM03786	R_MAR00725	substrate	True
MAM00184	R_MAR00725	product	True
MAM02938	R_MAR00725	product	True
MAM03795	R_MAR00726	substrate	True
MAM00184	R_MAR00726	product	True
MAM02646	R_MAR00726	product	True
MAM03726	R_MAR00727	substrate	True
MAM00184	R_MAR00727	product	True
MAM02387	R_MAR00727	product	True
MAM03725	R_MAR00728	substrate	True
MAM00104	R_MAR00728	product	True
MAM00184	R_MAR00728	product	True
MAM03788	R_MAR00729	substrate	True
MAM00184	R_MAR00729	product	True
MAM03787	R_MAR00729	product	True
MAM01430	R_MAR00733	substrate	False
MAM02929	R_MAR00733	product	False
MAM10007	R_MAR00733	product	False
MAM01430	R_MAR00735	substrate	False
MAM02684	R_MAR00735	substrate	False
MAM00235	R_MAR00735	product	False
MAM02908	R_MAR00735	product	False
MAM01430	R_MAR00736	substrate	False
MAM02684	R_MAR00736	substrate	False
MAM00235	R_MAR00736	product	False
MAM02908	R_MAR00736	product	False
MAM01778	R_MAR00737	substrate	False
MAM00057	R_MAR00737	product	False
MAM02678	R_MAR00738	substrate	False
MAM02896	R_MAR00738	substrate	False
MAM00769	R_MAR00738	product	False
MAM02766	R_MAR00739	substrate	False
MAM03887	R_MAR00739	product	False
MAM00769	R_MAR00741	substrate	False
MAM02927	R_MAR00741	product	False
MAM01410	R_MAR00742	substrate	False
MAM01412	R_MAR00742	product	False
MAM01934	R_MAR00743	substrate	False
MAM02444	R_MAR00743	substrate	False
MAM01697	R_MAR00743	product	False
MAM02927	R_MAR00744	substrate	False
MAM02928	R_MAR00744	product	False
MAM00108	R_MAR00745	substrate	False
MAM02444	R_MAR00745	substrate	False
MAM00125	R_MAR00745	product	False
MAM02928	R_MAR00746	substrate	False
MAM02927	R_MAR00746	product	False
MAM01364	R_MAR00747	substrate	False
MAM02444	R_MAR00747	substrate	False
MAM00119	R_MAR00747	product	False
MAM01798	R_MAR00748	substrate	False
MAM02113	R_MAR00748	substrate	False
MAM02928	R_MAR00748	product	False
MAM00103	R_MAR00749	substrate	False
MAM02444	R_MAR00749	substrate	False
MAM00121	R_MAR00749	product	False
MAM02927	R_MAR00750	substrate	False
MAM10007	R_MAR00750	substrate	False
MAM01699	R_MAR00750	product	False
MAM03554	R_MAR00751	substrate	False
MAM01261	R_MAR00751	product	False
MAM03553	R_MAR00751	product	False
MAM02495	R_MAR00752	substrate	False
MAM01261	R_MAR00752	product	False
MAM01699	R_MAR00753	substrate	True
MAM02927	R_MAR00753	product	True
MAM10005	R_MAR00753	product	True
MAM01699	R_MAR00754	substrate	False
MAM01430	R_MAR00754	product	False
MAM02689	R_MAR00755	substrate	False
MAM01261	R_MAR00755	product	False
MAM02774	R_MAR00755	product	False
MAM02678	R_MAR00756	substrate	False
MAM01261	R_MAR00756	product	False
MAM02678	R_MAR00757	substrate	False
MAM01261	R_MAR00757	product	False
MAM02644	R_MAR00757	product	False
MAM01430	R_MAR00758	substrate	False
MAM02929	R_MAR00758	product	False
MAM10007	R_MAR00758	product	False
MAM02678	R_MAR00759	substrate	False
MAM01261	R_MAR00759	product	False
MAM02644	R_MAR00759	product	False
MAM01430	R_MAR00760	substrate	False
MAM01431	R_MAR00760	product	False
MAM01430	R_MAR00761	substrate	False
MAM03108	R_MAR00761	substrate	False
MAM01972	R_MAR00761	product	False
MAM01972	R_MAR00762	substrate	False
MAM01430	R_MAR00762	product	False
MAM01965	R_MAR00762	product	False
MAM01425	R_MAR00763	substrate	True
MAM01430	R_MAR00763	substrate	True
MAM02908	R_MAR00763	product	True
MAM00051	R_MAR00764	substrate	False
MAM01261	R_MAR00764	product	False
MAM02644	R_MAR00764	product	False
MAM01972	R_MAR00765	substrate	False
MAM03107	R_MAR00765	substrate	False
MAM02328	R_MAR00765	product	False
MAM01910	R_MAR00766	substrate	False
MAM01972	R_MAR00766	substrate	False
MAM02328	R_MAR00766	product	False
MAM01431	R_MAR00767	substrate	False
MAM01430	R_MAR00767	product	False
MAM02677	R_MAR00772	substrate	False
MAM01261	R_MAR00772	product	False
MAM02644	R_MAR00772	product	False
MAM02929	R_MAR00773	substrate	False
MAM02930	R_MAR00773	product	False
MAM02101	R_MAR00774	substrate	False
MAM01261	R_MAR00774	product	False
MAM02774	R_MAR00774	product	False
MAM02930	R_MAR00775	substrate	False
MAM02929	R_MAR00775	product	False
MAM02941	R_MAR00777	substrate	False
MAM01261	R_MAR00777	product	False
MAM02678	R_MAR00777	product	False
MAM02930	R_MAR00779	substrate	False
MAM01798	R_MAR00779	product	False
MAM02116	R_MAR00779	product	False
MAM03791	R_MAR00780	substrate	False
MAM01261	R_MAR00780	product	False
MAM02644	R_MAR00780	product	False
MAM02116	R_MAR00781	substrate	False
MAM02113	R_MAR00781	product	False
MAM02930	R_MAR00783	substrate	False
MAM02929	R_MAR00783	product	False
MAM02647	R_MAR00784	substrate	False
MAM01261	R_MAR00784	product	False
MAM02644	R_MAR00784	product	False
MAM02391	R_MAR00785	substrate	False
MAM01261	R_MAR00785	product	False
MAM02644	R_MAR00785	product	False
MAM02328	R_MAR00786	substrate	False
MAM01910	R_MAR00786	product	False
MAM01972	R_MAR00786	product	False
MAM01972	R_MAR00787	substrate	False
MAM01430	R_MAR00787	product	False
MAM01965	R_MAR00787	product	False
MAM00106	R_MAR00788	substrate	False
MAM01261	R_MAR00788	product	False
MAM02644	R_MAR00788	product	False
MAM02948	R_MAR00790	substrate	False
MAM01679	R_MAR00790	product	False
MAM01679	R_MAR00792	substrate	False
MAM02948	R_MAR00792	product	False
MAM01679	R_MAR00793	substrate	False
MAM01430	R_MAR00793	product	False
MAM01965	R_MAR00793	product	False
MAM01659	R_MAR00794	substrate	False
MAM01660	R_MAR00794	product	False
MAM02908	R_MAR00795	substrate	False
MAM01430	R_MAR00795	product	False
MAM02738	R_MAR00795	product	False
MAM02908	R_MAR00797	substrate	False
MAM01430	R_MAR00797	product	False
MAM02738	R_MAR00797	product	False
MAM01934	R_MAR00799	substrate	False
MAM01261	R_MAR00799	product	False
MAM02644	R_MAR00799	product	False
MAM01934	R_MAR00800	substrate	False
MAM01261	R_MAR00800	product	False
MAM02644	R_MAR00800	product	False
MAM02328	R_MAR00801	substrate	False
MAM03107	R_MAR00801	substrate	False
MAM01960	R_MAR00801	product	False
MAM01960	R_MAR00803	substrate	False
MAM01910	R_MAR00803	product	False
MAM02328	R_MAR00803	product	False
MAM01960	R_MAR00804	substrate	False
MAM01910	R_MAR00804	product	False
MAM02328	R_MAR00804	product	False
MAM01960	R_MAR00805	substrate	False
MAM03110	R_MAR00805	substrate	False
MAM01959	R_MAR00805	product	False
MAM01960	R_MAR00806	substrate	False
MAM03110	R_MAR00806	substrate	False
MAM01959	R_MAR00806	product	False
MAM01959	R_MAR00807	substrate	False
MAM01960	R_MAR00807	product	False
MAM02525	R_MAR00807	product	False
MAM01959	R_MAR00808	substrate	False
MAM01960	R_MAR00808	product	False
MAM02525	R_MAR00808	product	False
MAM01959	R_MAR00809	substrate	False
MAM03107	R_MAR00809	substrate	False
MAM01912	R_MAR00809	product	False
MAM01959	R_MAR00810	substrate	False
MAM03110	R_MAR00810	substrate	False
MAM02197	R_MAR00810	product	False
MAM02197	R_MAR00811	substrate	False
MAM01959	R_MAR00811	product	False
MAM02525	R_MAR00811	product	False
MAM01592	R_MAR00812	substrate	False
MAM01912	R_MAR00812	substrate	False
MAM02491	R_MAR00812	product	False
MAM01912	R_MAR00813	substrate	False
MAM01950	R_MAR00813	substrate	False
MAM01958	R_MAR00813	product	False
MAM02491	R_MAR00814	substrate	False
MAM03110	R_MAR00814	substrate	False
MAM03131	R_MAR00814	product	False
MAM02328	R_MAR00815	substrate	False
MAM03110	R_MAR00815	substrate	False
MAM01905	R_MAR00815	product	False
MAM01905	R_MAR00816	substrate	False
MAM03107	R_MAR00816	substrate	False
MAM01904	R_MAR00816	product	False
MAM01592	R_MAR00817	substrate	False
MAM01904	R_MAR00817	substrate	False
MAM02010	R_MAR00817	product	False
MAM00108	R_MAR00818	substrate	False
MAM01261	R_MAR00818	product	False
MAM02644	R_MAR00818	product	False
MAM01904	R_MAR00819	substrate	False
MAM01905	R_MAR00819	product	False
MAM01910	R_MAR00819	product	False
MAM01592	R_MAR00820	substrate	False
MAM01904	R_MAR00820	substrate	False
MAM02008	R_MAR00820	product	False
MAM01905	R_MAR00821	substrate	False
MAM02328	R_MAR00821	product	False
MAM02525	R_MAR00821	product	False
MAM01592	R_MAR00822	substrate	False
MAM02010	R_MAR00822	substrate	False
MAM01945	R_MAR00822	product	False
MAM01592	R_MAR00823	substrate	False
MAM02010	R_MAR00823	substrate	False
MAM01941	R_MAR00823	product	False
MAM01592	R_MAR00824	substrate	False
MAM02328	R_MAR00824	substrate	False
MAM02015	R_MAR00824	product	False
MAM02015	R_MAR00825	substrate	False
MAM02328	R_MAR00825	product	False
MAM02543	R_MAR00825	product	False
MAM02015	R_MAR00826	substrate	False
MAM02328	R_MAR00826	product	False
MAM02543	R_MAR00826	product	False
MAM02015	R_MAR00827	substrate	False
MAM03110	R_MAR00827	substrate	False
MAM02011	R_MAR00827	product	False
MAM02011	R_MAR00828	substrate	False
MAM02015	R_MAR00828	product	False
MAM02525	R_MAR00828	product	False
MAM02011	R_MAR00829	substrate	False
MAM03107	R_MAR00829	substrate	False
MAM02008	R_MAR00829	product	False
MAM02008	R_MAR00830	substrate	False
MAM01910	R_MAR00830	product	False
MAM02011	R_MAR00830	product	False
MAM02008	R_MAR00832	substrate	False
MAM01910	R_MAR00832	product	False
MAM02011	R_MAR00832	product	False
MAM00108	R_MAR00833	substrate	False
MAM01261	R_MAR00833	product	False
MAM02644	R_MAR00833	product	False
MAM03160	R_MAR00834	substrate	False
MAM01679	R_MAR00834	product	False
MAM02543	R_MAR00834	product	False
MAM02011	R_MAR00835	substrate	False
MAM02012	R_MAR00835	substrate	False
MAM02013	R_MAR00835	product	False
MAM02013	R_MAR00836	substrate	False
MAM02012	R_MAR00836	product	False
MAM02015	R_MAR00836	product	False
MAM02525	R_MAR00836	product	False
MAM01592	R_MAR00837	substrate	False
MAM02008	R_MAR00837	substrate	False
MAM01941	R_MAR00837	product	False
MAM01941	R_MAR00838	substrate	False
MAM02008	R_MAR00838	product	False
MAM02543	R_MAR00838	product	False
MAM01592	R_MAR00839	substrate	False
MAM01941	R_MAR00839	substrate	False
MAM02028	R_MAR00839	product	False
MAM01592	R_MAR00840	substrate	False
MAM01941	R_MAR00840	substrate	False
MAM02029	R_MAR00840	product	False
MAM01592	R_MAR00841	substrate	False
MAM02015	R_MAR00841	substrate	False
MAM01947	R_MAR00841	product	False
MAM01947	R_MAR00842	substrate	False
MAM03110	R_MAR00842	substrate	False
MAM01946	R_MAR00842	product	False
MAM01946	R_MAR00843	substrate	False
MAM03107	R_MAR00843	substrate	False
MAM01943	R_MAR00843	product	False
MAM01592	R_MAR00844	substrate	False
MAM01943	R_MAR00844	substrate	False
MAM02030	R_MAR00844	product	False
MAM02030	R_MAR00845	substrate	False
MAM01943	R_MAR00845	product	False
MAM02543	R_MAR00845	product	False
MAM01592	R_MAR00846	substrate	False
MAM02030	R_MAR00846	substrate	False
MAM02023	R_MAR00846	product	False
MAM02023	R_MAR00847	substrate	False
MAM02030	R_MAR00847	product	False
MAM02543	R_MAR00847	product	False
MAM01592	R_MAR00848	substrate	False
MAM02030	R_MAR00848	substrate	False
MAM02024	R_MAR00848	product	False
MAM01592	R_MAR00849	substrate	False
MAM01905	R_MAR00849	substrate	False
MAM02011	R_MAR00849	product	False
MAM02011	R_MAR00850	substrate	False
MAM01905	R_MAR00850	product	False
MAM02543	R_MAR00850	product	False
MAM01592	R_MAR00851	substrate	False
MAM02011	R_MAR00851	substrate	False
MAM01946	R_MAR00851	product	False
MAM01592	R_MAR00852	substrate	False
MAM02008	R_MAR00852	substrate	False
MAM01943	R_MAR00852	product	False
MAM01592	R_MAR00853	substrate	False
MAM01941	R_MAR00853	substrate	False
MAM02030	R_MAR00853	product	False
MAM01592	R_MAR00854	substrate	False
MAM02028	R_MAR00854	substrate	False
MAM02023	R_MAR00854	product	False
MAM01592	R_MAR00855	substrate	False
MAM01947	R_MAR00855	substrate	False
MAM02033	R_MAR00855	product	False
MAM02033	R_MAR00856	substrate	False
MAM03110	R_MAR00856	substrate	False
MAM02032	R_MAR00856	product	False
MAM02032	R_MAR00857	substrate	False
MAM03107	R_MAR00857	substrate	False
MAM02031	R_MAR00857	product	False
MAM01592	R_MAR00858	substrate	False
MAM02031	R_MAR00858	substrate	False
MAM02025	R_MAR00858	product	False
MAM02328	R_MAR00859	substrate	False
MAM03111	R_MAR00859	substrate	False
MAM02346	R_MAR00859	product	False
MAM02346	R_MAR00860	substrate	False
MAM03107	R_MAR00860	substrate	False
MAM02347	R_MAR00860	product	False
MAM01592	R_MAR00861	substrate	False
MAM02347	R_MAR00861	substrate	False
MAM00808	R_MAR00861	product	False
MAM00808	R_MAR00862	substrate	False
MAM01950	R_MAR00862	substrate	False
MAM01849	R_MAR00862	product	False
MAM01950	R_MAR00863	substrate	False
MAM02347	R_MAR00863	substrate	False
MAM01860	R_MAR00863	product	False
MAM01950	R_MAR00864	substrate	False
MAM02347	R_MAR00864	substrate	False
MAM02195	R_MAR00864	product	False
MAM02347	R_MAR00865	substrate	False
MAM03107	R_MAR00865	substrate	False
MAM01873	R_MAR00865	product	False
MAM01873	R_MAR00866	substrate	False
MAM01950	R_MAR00866	substrate	False
MAM03091	R_MAR00866	product	False
MAM02195	R_MAR00867	substrate	False
MAM03110	R_MAR00867	substrate	False
MAM03090	R_MAR00867	product	False
MAM02195	R_MAR00868	substrate	False
MAM03107	R_MAR00868	substrate	False
MAM03091	R_MAR00868	product	False
MAM01773	R_MAR00869	substrate	False
MAM01261	R_MAR00869	product	False
MAM02941	R_MAR00869	product	False
MAM01950	R_MAR00870	substrate	False
MAM03090	R_MAR00870	substrate	False
MAM01850	R_MAR00870	product	False
MAM01950	R_MAR00871	substrate	False
MAM02195	R_MAR00871	substrate	False
MAM02194	R_MAR00871	product	False
MAM01773	R_MAR00872	substrate	False
MAM01261	R_MAR00872	product	False
MAM02941	R_MAR00872	product	False
MAM01874	R_MAR00873	substrate	True
MAM01950	R_MAR00873	product	True
MAM03091	R_MAR00873	product	True
MAM01697	R_MAR00874	substrate	False
MAM01261	R_MAR00874	product	False
MAM01934	R_MAR00874	product	False
MAM02346	R_MAR00875	substrate	False
MAM03107	R_MAR00875	substrate	False
MAM02683	R_MAR00875	product	False
MAM01592	R_MAR00876	substrate	False
MAM02683	R_MAR00876	substrate	False
MAM02904	R_MAR00876	product	False
MAM01592	R_MAR00877	substrate	False
MAM02904	R_MAR00877	substrate	False
MAM00744	R_MAR00877	product	False
MAM01950	R_MAR00878	substrate	False
MAM02904	R_MAR00878	substrate	False
MAM02199	R_MAR00878	product	False
MAM02683	R_MAR00879	substrate	False
MAM03107	R_MAR00879	substrate	False
MAM02592	R_MAR00879	product	False
MAM01950	R_MAR00880	substrate	False
MAM02592	R_MAR00880	substrate	False
MAM03094	R_MAR00880	product	False
MAM02196	R_MAR00881	substrate	False
MAM03107	R_MAR00881	substrate	False
MAM03094	R_MAR00881	product	False
MAM01950	R_MAR00882	substrate	False
MAM02196	R_MAR00882	substrate	False
MAM02162	R_MAR00882	product	False
MAM01950	R_MAR00883	substrate	False
MAM02683	R_MAR00883	substrate	False
MAM02196	R_MAR00883	product	False
MAM02196	R_MAR00884	substrate	False
MAM03110	R_MAR00884	substrate	False
MAM03093	R_MAR00884	product	False
MAM03093	R_MAR00885	substrate	False
MAM03107	R_MAR00885	substrate	False
MAM01876	R_MAR00885	product	False
MAM01876	R_MAR00886	substrate	False
MAM01950	R_MAR00886	substrate	False
MAM03097	R_MAR00886	product	False
MAM03097	R_MAR00887	substrate	False
MAM03110	R_MAR00887	substrate	False
MAM03096	R_MAR00887	product	False
MAM01950	R_MAR00888	substrate	False
MAM02683	R_MAR00888	substrate	False
MAM02163	R_MAR00888	product	False
MAM02683	R_MAR00889	substrate	False
MAM03111	R_MAR00889	substrate	False
MAM02593	R_MAR00889	product	False
MAM02593	R_MAR00890	substrate	False
MAM03107	R_MAR00890	substrate	False
MAM02594	R_MAR00890	product	False
MAM02594	R_MAR00891	substrate	False
MAM03111	R_MAR00891	substrate	False
MAM02595	R_MAR00891	product	False
MAM02595	R_MAR00892	substrate	False
MAM03107	R_MAR00892	substrate	False
MAM02596	R_MAR00892	product	False
MAM01950	R_MAR00893	substrate	False
MAM02596	R_MAR00893	substrate	False
MAM01885	R_MAR00893	product	False
MAM01885	R_MAR00894	substrate	False
MAM01950	R_MAR00894	substrate	False
MAM01886	R_MAR00894	product	False
MAM01886	R_MAR00895	substrate	False
MAM01950	R_MAR00895	substrate	False
MAM01887	R_MAR00895	product	False
MAM01950	R_MAR00896	substrate	False
MAM02594	R_MAR00896	substrate	False
MAM03133	R_MAR00896	product	False
MAM01950	R_MAR00897	substrate	False
MAM03133	R_MAR00897	substrate	False
MAM03132	R_MAR00897	product	False
MAM01950	R_MAR00898	substrate	False
MAM02594	R_MAR00898	substrate	False
MAM03137	R_MAR00898	product	False
MAM01950	R_MAR00899	substrate	False
MAM03137	R_MAR00899	substrate	False
MAM01882	R_MAR00899	product	False
MAM01882	R_MAR00900	substrate	False
MAM01950	R_MAR00900	substrate	False
MAM01883	R_MAR00900	product	False
MAM03107	R_MAR00901	substrate	False
MAM03137	R_MAR00901	substrate	False
MAM01884	R_MAR00901	product	False
MAM03110	R_MAR00902	substrate	False
MAM03137	R_MAR00902	substrate	False
MAM01877	R_MAR00902	product	False
MAM01877	R_MAR00903	substrate	False
MAM03107	R_MAR00903	substrate	False
MAM01878	R_MAR00903	product	False
MAM01878	R_MAR00904	substrate	False
MAM01950	R_MAR00904	substrate	False
MAM01879	R_MAR00904	product	False
MAM01879	R_MAR00905	substrate	False
MAM03110	R_MAR00905	substrate	False
MAM03098	R_MAR00905	product	False
MAM02594	R_MAR00906	substrate	False
MAM03111	R_MAR00906	substrate	False
MAM01880	R_MAR00906	product	False
MAM01880	R_MAR00907	substrate	False
MAM03107	R_MAR00907	substrate	False
MAM02186	R_MAR00907	product	False
MAM01950	R_MAR00908	substrate	False
MAM02186	R_MAR00908	substrate	False
MAM02490	R_MAR00908	product	False
MAM01950	R_MAR00909	substrate	False
MAM02490	R_MAR00909	substrate	False
MAM01881	R_MAR00909	product	False
MAM01592	R_MAR00910	substrate	False
MAM02594	R_MAR00910	substrate	False
MAM03138	R_MAR00910	product	False
MAM01950	R_MAR00911	substrate	False
MAM02594	R_MAR00911	substrate	False
MAM02164	R_MAR00911	product	False
MAM02929	R_MAR00912	substrate	True
MAM03107	R_MAR00912	substrate	True
MAM02810	R_MAR00912	product	True
MAM02810	R_MAR00914	substrate	False
MAM01910	R_MAR00914	product	False
MAM02929	R_MAR00914	product	False
MAM02810	R_MAR00915	substrate	True
MAM02809	R_MAR00915	product	True
MAM01364	R_MAR00916	substrate	False
MAM01261	R_MAR00916	product	False
MAM01430	R_MAR00919	substrate	False
MAM03107	R_MAR00919	substrate	False
MAM01679	R_MAR00919	product	False
MAM01430	R_MAR00920	substrate	False
MAM03107	R_MAR00920	substrate	False
MAM01679	R_MAR00920	product	False
MAM01430	R_MAR00921	substrate	False
MAM03107	R_MAR00921	substrate	False
MAM01679	R_MAR00921	product	False
MAM00125	R_MAR00922	substrate	False
MAM00108	R_MAR00922	product	False
MAM01261	R_MAR00922	product	False
MAM00103	R_MAR00923	substrate	False
MAM00108	R_MAR00923	product	False
MAM01261	R_MAR00923	product	False
MAM01679	R_MAR00924	substrate	False
MAM03107	R_MAR00924	substrate	False
MAM01694	R_MAR00924	product	False
MAM01679	R_MAR00925	substrate	False
MAM03107	R_MAR00925	substrate	False
MAM01694	R_MAR00925	product	False
MAM01972	R_MAR00926	substrate	False
MAM03107	R_MAR00926	substrate	False
MAM02328	R_MAR00926	product	False
MAM00103	R_MAR00927	substrate	False
MAM00108	R_MAR00927	product	False
MAM01261	R_MAR00927	product	False
MAM02328	R_MAR00928	substrate	True
MAM02334	R_MAR00928	product	True
MAM00119	R_MAR00930	substrate	False
MAM01261	R_MAR00930	product	False
MAM01364	R_MAR00930	product	False
MAM01362	R_MAR00931	substrate	False
MAM01190	R_MAR00931	product	False
MAM01362	R_MAR00932	substrate	False
MAM01213	R_MAR00932	product	False
MAM01362	R_MAR00933	substrate	False
MAM01239	R_MAR00933	product	False
MAM01362	R_MAR00934	substrate	False
MAM00270	R_MAR00934	product	False
MAM01362	R_MAR00935	substrate	False
MAM00297	R_MAR00935	product	False
MAM01362	R_MAR00936	substrate	False
MAM00354	R_MAR00936	product	False
MAM01362	R_MAR00937	substrate	False
MAM00396	R_MAR00937	product	False
MAM01362	R_MAR00938	substrate	False
MAM00414	R_MAR00938	product	False
MAM01362	R_MAR00939	substrate	False
MAM00426	R_MAR00939	product	False
MAM01362	R_MAR00940	substrate	False
MAM00430	R_MAR00940	product	False
MAM01362	R_MAR00942	substrate	False
MAM01054	R_MAR00942	product	False
MAM01362	R_MAR00943	substrate	False
MAM01054	R_MAR00943	product	False
MAM01362	R_MAR00944	substrate	False
MAM01054	R_MAR00944	product	False
MAM01054	R_MAR00945	substrate	False
MAM01051	R_MAR00945	product	False
MAM01362	R_MAR00946	substrate	False
MAM01209	R_MAR00946	product	False
MAM01362	R_MAR00947	substrate	False
MAM01209	R_MAR00947	product	False
MAM01362	R_MAR00948	substrate	False
MAM01209	R_MAR00948	product	False
MAM01209	R_MAR00949	substrate	False
MAM01208	R_MAR00949	product	False
MAM01362	R_MAR00950	substrate	False
MAM00279	R_MAR00950	product	False
MAM01362	R_MAR00951	substrate	False
MAM00279	R_MAR00951	product	False
MAM00119	R_MAR00952	substrate	False
MAM01261	R_MAR00952	product	False
MAM01364	R_MAR00952	product	False
MAM00279	R_MAR00953	substrate	False
MAM00277	R_MAR00953	product	False
MAM01362	R_MAR00954	substrate	False
MAM00366	R_MAR00954	product	False
MAM01362	R_MAR00955	substrate	False
MAM00366	R_MAR00955	product	False
MAM01362	R_MAR00956	substrate	False
MAM00366	R_MAR00956	product	False
MAM00366	R_MAR00957	substrate	False
MAM00364	R_MAR00957	product	False
MAM01362	R_MAR00958	substrate	False
MAM01042	R_MAR00958	product	False
MAM01042	R_MAR00959	substrate	False
MAM02362	R_MAR00959	product	False
MAM01042	R_MAR00960	substrate	False
MAM02026	R_MAR00960	substrate	False
MAM01040	R_MAR00960	product	False
MAM02027	R_MAR00960	product	False
MAM01040	R_MAR00961	substrate	False
MAM02364	R_MAR00961	product	False
MAM01042	R_MAR00963	substrate	False
MAM02026	R_MAR00963	substrate	False
MAM01040	R_MAR00963	product	False
MAM02027	R_MAR00963	product	False
MAM01040	R_MAR00964	substrate	False
MAM02364	R_MAR00964	product	False
MAM01040	R_MAR00967	substrate	False
MAM02364	R_MAR00967	product	False
MAM00093	R_MAR00968	substrate	False
MAM00103	R_MAR00968	product	False
MAM01261	R_MAR00968	product	False
MAM01040	R_MAR00969	substrate	False
MAM00590	R_MAR00969	product	False
MAM00095	R_MAR00970	substrate	False
MAM00103	R_MAR00970	product	False
MAM01261	R_MAR00970	product	False
MAM01040	R_MAR00971	substrate	False
MAM01050	R_MAR00971	product	False
MAM00095	R_MAR00972	substrate	False
MAM00103	R_MAR00972	product	False
MAM01261	R_MAR00972	product	False
MAM01040	R_MAR00973	substrate	True
MAM01126	R_MAR00973	product	True
MAM02971	R_MAR00974	substrate	False
MAM01261	R_MAR00974	product	False
MAM01773	R_MAR00974	product	False
MAM00025	R_MAR00975	substrate	False
MAM01261	R_MAR00975	product	False
MAM02647	R_MAR00975	product	False
MAM01126	R_MAR00976	substrate	False
MAM01123	R_MAR00976	product	False
MAM00131	R_MAR00977	substrate	False
MAM00119	R_MAR00977	product	False
MAM01261	R_MAR00977	product	False
MAM00134	R_MAR00978	substrate	False
MAM00121	R_MAR00978	product	False
MAM01261	R_MAR00978	product	False
MAM01123	R_MAR00979	substrate	True
MAM01124	R_MAR00979	product	True
MAM01048	R_MAR00980	substrate	True
MAM01123	R_MAR00980	product	True
MAM01048	R_MAR00981	substrate	False
MAM01047	R_MAR00981	product	False
MAM00110	R_MAR00982	substrate	False
MAM00093	R_MAR00982	product	False
MAM01261	R_MAR00982	product	False
MAM01362	R_MAR00983	substrate	False
MAM00380	R_MAR00983	product	False
MAM01362	R_MAR00985	substrate	False
MAM00380	R_MAR00985	product	False
MAM01362	R_MAR00986	substrate	False
MAM00380	R_MAR00986	product	False
MAM01362	R_MAR00987	substrate	False
MAM00380	R_MAR00987	product	False
MAM00377	R_MAR00988	substrate	True
MAM02027	R_MAR00988	substrate	True
MAM00380	R_MAR00988	product	True
MAM02026	R_MAR00988	product	True
MAM00377	R_MAR00989	substrate	False
MAM00393	R_MAR00989	product	False
MAM00377	R_MAR00990	substrate	False
MAM00393	R_MAR00990	product	False
MAM00380	R_MAR00991	substrate	True
MAM00390	R_MAR00991	product	True
MAM00276	R_MAR00992	substrate	True
MAM00390	R_MAR00992	product	True
MAM00296	R_MAR00993	substrate	True
MAM00380	R_MAR00993	product	True
MAM00280	R_MAR00994	substrate	True
MAM00296	R_MAR00994	product	True
MAM01362	R_MAR00995	substrate	False
MAM00374	R_MAR00995	product	False
MAM01362	R_MAR00996	substrate	False
MAM00374	R_MAR00996	product	False
MAM01362	R_MAR00997	substrate	False
MAM00374	R_MAR00997	product	False
MAM00374	R_MAR00998	substrate	False
MAM00098	R_MAR00998	product	False
MAM00374	R_MAR00999	substrate	False
MAM00098	R_MAR00999	product	False
MAM00374	R_MAR01000	substrate	False
MAM00098	R_MAR01000	product	False
MAM00113	R_MAR01001	substrate	False
MAM00095	R_MAR01001	product	False
MAM01261	R_MAR01001	product	False
MAM00098	R_MAR01002	substrate	True
MAM00386	R_MAR01002	product	True
MAM00098	R_MAR01003	substrate	True
MAM00386	R_MAR01003	product	True
MAM00098	R_MAR01004	substrate	True
MAM00386	R_MAR01004	product	True
MAM02110	R_MAR01005	substrate	False
MAM01261	R_MAR01005	product	False
MAM02971	R_MAR01005	product	False
MAM00098	R_MAR01006	substrate	True
MAM00388	R_MAR01006	product	True
MAM00098	R_MAR01007	substrate	True
MAM00388	R_MAR01007	product	True
MAM00098	R_MAR01008	substrate	True
MAM00388	R_MAR01008	product	True
MAM00365	R_MAR01010	substrate	True
MAM00380	R_MAR01010	product	True
MAM00365	R_MAR01011	substrate	True
MAM00380	R_MAR01011	product	True
MAM02444	R_MAR01012	substrate	False
MAM02644	R_MAR01012	substrate	False
MAM01650	R_MAR01012	product	False
MAM00365	R_MAR01013	substrate	False
MAM02396	R_MAR01013	product	False
MAM00365	R_MAR01014	substrate	False
MAM02396	R_MAR01014	product	False
MAM00380	R_MAR01015	substrate	False
MAM01058	R_MAR01015	product	False
MAM00380	R_MAR01016	substrate	False
MAM01058	R_MAR01016	product	False
MAM00380	R_MAR01017	substrate	False
MAM01058	R_MAR01017	product	False
MAM00380	R_MAR01018	substrate	False
MAM01058	R_MAR01018	product	False
MAM01650	R_MAR01019	substrate	False
MAM02444	R_MAR01019	substrate	False
MAM02345	R_MAR01019	product	False
MAM01058	R_MAR01020	substrate	True
MAM02396	R_MAR01020	product	True
MAM01058	R_MAR01021	substrate	True
MAM02396	R_MAR01021	product	True
MAM01058	R_MAR01022	substrate	True
MAM02396	R_MAR01022	product	True
MAM01058	R_MAR01023	substrate	True
MAM02396	R_MAR01023	product	True
MAM02345	R_MAR01024	substrate	False
MAM02444	R_MAR01024	substrate	False
MAM02495	R_MAR01024	product	False
MAM01058	R_MAR01025	substrate	True
MAM02395	R_MAR01025	product	True
MAM01058	R_MAR01026	substrate	True
MAM02395	R_MAR01026	product	True
MAM01058	R_MAR01027	substrate	True
MAM02395	R_MAR01027	product	True
MAM01058	R_MAR01028	substrate	True
MAM02395	R_MAR01028	product	True
MAM01362	R_MAR01029	substrate	False
MAM00309	R_MAR01029	product	False
MAM01362	R_MAR01030	substrate	False
MAM00309	R_MAR01030	product	False
MAM02444	R_MAR01031	substrate	False
MAM02495	R_MAR01031	substrate	False
MAM02678	R_MAR01031	product	False
MAM02444	R_MAR01032	substrate	False
MAM02678	R_MAR01032	substrate	False
MAM02941	R_MAR01032	product	False
MAM01362	R_MAR01033	substrate	False
MAM00309	R_MAR01033	product	False
MAM01362	R_MAR01034	substrate	False
MAM00309	R_MAR01034	product	False
MAM01261	R_MAR01036	substrate	False
MAM02444	R_MAR01036	substrate	False
MAM02644	R_MAR01036	product	False
MAM00309	R_MAR01037	substrate	False
MAM02026	R_MAR01037	substrate	False
MAM00307	R_MAR01037	product	False
MAM02027	R_MAR01037	product	False
MAM03960	R_MAR01038	substrate	True
MAM01690	R_MAR01038	product	True
MAM01981	R_MAR01038	product	True
MAM00309	R_MAR01039	substrate	False
MAM02026	R_MAR01039	substrate	False
MAM00307	R_MAR01039	product	False
MAM02027	R_MAR01039	product	False
MAM00307	R_MAR01040	substrate	False
MAM00334	R_MAR01040	product	False
MAM00309	R_MAR01041	substrate	True
MAM02098	R_MAR01041	product	True
MAM02098	R_MAR01042	substrate	True
MAM03056	R_MAR01042	product	True
MAM00309	R_MAR01043	substrate	True
MAM02096	R_MAR01043	product	True
MAM02803	R_MAR01044	substrate	False
MAM02049	R_MAR01044	product	False
MAM00309	R_MAR01045	substrate	True
MAM02096	R_MAR01045	product	True
MAM00309	R_MAR01048	substrate	True
MAM02096	R_MAR01048	product	True
MAM00309	R_MAR01049	substrate	True
MAM02096	R_MAR01049	product	True
MAM02026	R_MAR01050	substrate	True
MAM02096	R_MAR01050	substrate	True
MAM02097	R_MAR01050	product	True
MAM02026	R_MAR01053	substrate	True
MAM02096	R_MAR01053	substrate	True
MAM02097	R_MAR01053	product	True
MAM02026	R_MAR01054	substrate	True
MAM02096	R_MAR01054	substrate	True
MAM02097	R_MAR01054	product	True
MAM02096	R_MAR01055	substrate	True
MAM03055	R_MAR01055	product	True
MAM02096	R_MAR01057	substrate	True
MAM03055	R_MAR01057	product	True
MAM02096	R_MAR01058	substrate	True
MAM03055	R_MAR01058	product	True
MAM02096	R_MAR01059	substrate	False
MAM00598	R_MAR01059	product	False
MAM02096	R_MAR01061	substrate	False
MAM00598	R_MAR01061	product	False
MAM01362	R_MAR01062	substrate	False
MAM01203	R_MAR01062	product	False
MAM01203	R_MAR01063	substrate	False
MAM02026	R_MAR01063	substrate	False
MAM01202	R_MAR01063	product	False
MAM02027	R_MAR01063	product	False
MAM01362	R_MAR01064	substrate	False
MAM00005	R_MAR01064	product	False
MAM00279	R_MAR01065	substrate	False
MAM01219	R_MAR01065	product	False
MAM01261	R_MAR01065	product	False
MAM01219	R_MAR01066	substrate	False
MAM01176	R_MAR01066	product	False
MAM01261	R_MAR01066	product	False
MAM01176	R_MAR01067	substrate	False
MAM01055	R_MAR01067	product	False
MAM01261	R_MAR01067	product	False
MAM00366	R_MAR01068	substrate	False
MAM00310	R_MAR01068	product	False
MAM01261	R_MAR01068	product	False
MAM00310	R_MAR01069	substrate	False
MAM00259	R_MAR01069	product	False
MAM01261	R_MAR01069	product	False
MAM00259	R_MAR01070	substrate	False
MAM01210	R_MAR01070	product	False
MAM01261	R_MAR01070	product	False
MAM00307	R_MAR01071	substrate	False
MAM00318	R_MAR01071	product	False
MAM00307	R_MAR01072	substrate	False
MAM00318	R_MAR01072	product	False
MAM00307	R_MAR01073	substrate	False
MAM00278	R_MAR01073	product	False
MAM00307	R_MAR01074	substrate	True
MAM00321	R_MAR01074	product	True
MAM00307	R_MAR01075	substrate	False
MAM02364	R_MAR01075	product	False
MAM00307	R_MAR01077	substrate	False
MAM02364	R_MAR01077	product	False
MAM01362	R_MAR01079	substrate	False
MAM01983	R_MAR01079	substrate	False
MAM02610	R_MAR01079	product	False
MAM02362	R_MAR01080	substrate	False
MAM02364	R_MAR01080	product	False
MAM02026	R_MAR01081	substrate	False
MAM02362	R_MAR01081	substrate	False
MAM02366	R_MAR01081	product	False
MAM01950	R_MAR01083	substrate	False
MAM03584	R_MAR01083	substrate	False
MAM01856	R_MAR01083	product	False
MAM02366	R_MAR01084	substrate	False
MAM01111	R_MAR01084	product	False
MAM02418	R_MAR01084	product	False
MAM02418	R_MAR01085	substrate	False
MAM01986	R_MAR01085	product	False
MAM02369	R_MAR01085	product	False
MAM02369	R_MAR01087	substrate	False
MAM00304	R_MAR01087	product	False
MAM02538	R_MAR01088	substrate	True
MAM01261	R_MAR01088	product	True
MAM02369	R_MAR01088	product	True
MAM02538	R_MAR01091	substrate	True
MAM01261	R_MAR01091	product	True
MAM02369	R_MAR01091	product	True
MAM02362	R_MAR01092	substrate	False
MAM00320	R_MAR01092	product	False
MAM01058	R_MAR01093	substrate	True
MAM02362	R_MAR01093	product	True
MAM02362	R_MAR01096	substrate	False
MAM01058	R_MAR01096	product	False
MAM00394	R_MAR01097	substrate	True
MAM02395	R_MAR01097	product	True
MAM00339	R_MAR01098	substrate	True
MAM00394	R_MAR01098	product	True
MAM00339	R_MAR01099	substrate	True
MAM00340	R_MAR01099	product	True
MAM02364	R_MAR01100	substrate	False
MAM00326	R_MAR01100	product	False
MAM02364	R_MAR01101	substrate	False
MAM00326	R_MAR01101	product	False
MAM02364	R_MAR01102	substrate	False
MAM00326	R_MAR01102	product	False
MAM02364	R_MAR01103	substrate	False
MAM00326	R_MAR01103	product	False
MAM02364	R_MAR01105	substrate	False
MAM00326	R_MAR01105	product	False
MAM02364	R_MAR01106	substrate	False
MAM00326	R_MAR01106	product	False
MAM00326	R_MAR01107	substrate	False
MAM00331	R_MAR01107	product	False
MAM00326	R_MAR01108	substrate	False
MAM00331	R_MAR01108	product	False
MAM00331	R_MAR01109	substrate	False
MAM00330	R_MAR01109	product	False
MAM00331	R_MAR01110	substrate	False
MAM00330	R_MAR01110	product	False
MAM00330	R_MAR01111	substrate	False
MAM00332	R_MAR01111	product	False
MAM00330	R_MAR01112	substrate	False
MAM00332	R_MAR01112	product	False
MAM00319	R_MAR01113	substrate	True
MAM00330	R_MAR01113	product	True
MAM00329	R_MAR01114	substrate	True
MAM00332	R_MAR01114	product	True
MAM00329	R_MAR01115	substrate	True
MAM00332	R_MAR01115	product	True
MAM00328	R_MAR01116	substrate	True
MAM00329	R_MAR01116	product	True
MAM00328	R_MAR01117	substrate	True
MAM00329	R_MAR01117	product	True
MAM01950	R_MAR01118	substrate	False
MAM03092	R_MAR01118	substrate	False
MAM03578	R_MAR01118	product	False
MAM00326	R_MAR01119	substrate	True
MAM02026	R_MAR01119	substrate	True
MAM00333	R_MAR01119	product	True
MAM00326	R_MAR01120	substrate	True
MAM02026	R_MAR01120	substrate	True
MAM00333	R_MAR01120	product	True
MAM00326	R_MAR01121	substrate	True
MAM02026	R_MAR01121	substrate	True
MAM00333	R_MAR01121	product	True
MAM00326	R_MAR01122	substrate	True
MAM02026	R_MAR01122	substrate	True
MAM00333	R_MAR01122	product	True
MAM00254	R_MAR01123	substrate	True
MAM00333	R_MAR01123	product	True
MAM00254	R_MAR01124	substrate	True
MAM00333	R_MAR01124	product	True
MAM00254	R_MAR01125	substrate	True
MAM00333	R_MAR01125	product	True
MAM02364	R_MAR01126	substrate	False
MAM00599	R_MAR01126	product	False
MAM02364	R_MAR01127	substrate	False
MAM00599	R_MAR01127	product	False
MAM02364	R_MAR01128	substrate	False
MAM00599	R_MAR01128	product	False
MAM00599	R_MAR01129	substrate	True
MAM00600	R_MAR01129	product	True
MAM00599	R_MAR01130	substrate	True
MAM00600	R_MAR01130	product	True
MAM00599	R_MAR01131	substrate	True
MAM00600	R_MAR01131	product	True
MAM00585	R_MAR01132	substrate	True
MAM00600	R_MAR01132	product	True
MAM00585	R_MAR01133	substrate	True
MAM00600	R_MAR01133	product	True
MAM00585	R_MAR01134	substrate	True
MAM00600	R_MAR01134	product	True
MAM00588	R_MAR01136	substrate	True
MAM00600	R_MAR01136	product	True
MAM00599	R_MAR01137	substrate	False
MAM00588	R_MAR01137	product	False
MAM00599	R_MAR01138	substrate	False
MAM00588	R_MAR01138	product	False
MAM00588	R_MAR01139	substrate	False
MAM00602	R_MAR01139	product	False
MAM00588	R_MAR01140	substrate	False
MAM00602	R_MAR01140	product	False
MAM01950	R_MAR01141	substrate	False
MAM03095	R_MAR01141	substrate	False
MAM03577	R_MAR01141	product	False
MAM00585	R_MAR01142	substrate	True
MAM00602	R_MAR01142	product	True
MAM01124	R_MAR01146	substrate	True
MAM01172	R_MAR01146	product	True
MAM01124	R_MAR01147	substrate	True
MAM01172	R_MAR01147	product	True
MAM01124	R_MAR01148	substrate	True
MAM01172	R_MAR01148	product	True
MAM01124	R_MAR01149	substrate	True
MAM01152	R_MAR01149	product	True
MAM01124	R_MAR01150	substrate	True
MAM01152	R_MAR01150	product	True
MAM01124	R_MAR01151	substrate	True
MAM01152	R_MAR01151	product	True
MAM01124	R_MAR01152	substrate	True
MAM01152	R_MAR01152	product	True
MAM01152	R_MAR01153	substrate	True
MAM01153	R_MAR01153	product	True
MAM01152	R_MAR01154	substrate	True
MAM01153	R_MAR01154	product	True
MAM01152	R_MAR01155	substrate	True
MAM01153	R_MAR01155	product	True
MAM01152	R_MAR01156	substrate	True
MAM01153	R_MAR01156	product	True
MAM01152	R_MAR01157	substrate	False
MAM01120	R_MAR01157	product	False
MAM01152	R_MAR01158	substrate	False
MAM01120	R_MAR01158	product	False
MAM01152	R_MAR01159	substrate	False
MAM01120	R_MAR01159	product	False
MAM01152	R_MAR01160	substrate	False
MAM01120	R_MAR01160	product	False
MAM01120	R_MAR01161	substrate	False
MAM01119	R_MAR01161	product	False
MAM01120	R_MAR01162	substrate	False
MAM01119	R_MAR01162	product	False
MAM01119	R_MAR01163	substrate	False
MAM00689	R_MAR01163	product	False
MAM01119	R_MAR01164	substrate	False
MAM00689	R_MAR01164	product	False
MAM00689	R_MAR01165	substrate	False
MAM00740	R_MAR01165	product	False
MAM00689	R_MAR01166	substrate	False
MAM00740	R_MAR01166	product	False
MAM00740	R_MAR01167	substrate	False
MAM00836	R_MAR01167	product	False
MAM01261	R_MAR01167	product	False
MAM00740	R_MAR01168	substrate	False
MAM00836	R_MAR01168	product	False
MAM01261	R_MAR01168	product	False
MAM02914	R_MAR01169	substrate	False
MAM01690	R_MAR01169	product	False
MAM00836	R_MAR01170	substrate	False
MAM00835	R_MAR01170	product	False
MAM00836	R_MAR01171	substrate	False
MAM00835	R_MAR01171	product	False
MAM00835	R_MAR01174	substrate	False
MAM01201	R_MAR01174	product	False
MAM01261	R_MAR01174	product	False
MAM01201	R_MAR01175	substrate	False
MAM01199	R_MAR01175	product	False
MAM01199	R_MAR01176	substrate	False
MAM01200	R_MAR01176	product	False
MAM01200	R_MAR01177	substrate	False
MAM00694	R_MAR01177	product	False
MAM00694	R_MAR01178	substrate	False
MAM00850	R_MAR01178	product	False
MAM00850	R_MAR01179	substrate	False
MAM01146	R_MAR01179	product	False
MAM01261	R_MAR01179	product	False
MAM01146	R_MAR01180	substrate	False
MAM01144	R_MAR01180	product	False
MAM01144	R_MAR01181	substrate	True
MAM01145	R_MAR01181	product	True
MAM01145	R_MAR01182	substrate	False
MAM00692	R_MAR01182	product	False
MAM00692	R_MAR01183	substrate	False
MAM00847	R_MAR01183	product	False
MAM00847	R_MAR01184	substrate	False
MAM00935	R_MAR01184	product	False
MAM01261	R_MAR01184	product	False
MAM00935	R_MAR01185	substrate	False
MAM00042	R_MAR01185	product	False
MAM01118	R_MAR01186	substrate	True
MAM01123	R_MAR01186	product	True
MAM01118	R_MAR01190	substrate	True
MAM01171	R_MAR01190	product	True
MAM01118	R_MAR01191	substrate	True
MAM01171	R_MAR01191	product	True
MAM01118	R_MAR01192	substrate	True
MAM01171	R_MAR01192	product	True
MAM01118	R_MAR01193	substrate	True
MAM01151	R_MAR01193	product	True
MAM01118	R_MAR01194	substrate	True
MAM01151	R_MAR01194	product	True
MAM01118	R_MAR01195	substrate	True
MAM01151	R_MAR01195	product	True
MAM01118	R_MAR01196	substrate	True
MAM01151	R_MAR01196	product	True
MAM01150	R_MAR01197	substrate	True
MAM01151	R_MAR01197	product	True
MAM01150	R_MAR01198	substrate	True
MAM01151	R_MAR01198	product	True
MAM01150	R_MAR01199	substrate	True
MAM01151	R_MAR01199	product	True
MAM01151	R_MAR01200	substrate	False
MAM01122	R_MAR01200	product	False
MAM01151	R_MAR01201	substrate	False
MAM01122	R_MAR01201	product	False
MAM01151	R_MAR01202	substrate	False
MAM01122	R_MAR01202	product	False
MAM01151	R_MAR01203	substrate	False
MAM01122	R_MAR01203	product	False
MAM01122	R_MAR01204	substrate	False
MAM01121	R_MAR01204	product	False
MAM01122	R_MAR01205	substrate	False
MAM01121	R_MAR01205	product	False
MAM01121	R_MAR01206	substrate	False
MAM00690	R_MAR01206	product	False
MAM01121	R_MAR01207	substrate	False
MAM00690	R_MAR01207	product	False
MAM00690	R_MAR01208	substrate	False
MAM00741	R_MAR01208	product	False
MAM00690	R_MAR01209	substrate	False
MAM00741	R_MAR01209	product	False
MAM00741	R_MAR01210	substrate	False
MAM00838	R_MAR01210	product	False
MAM01261	R_MAR01210	product	False
MAM00741	R_MAR01211	substrate	False
MAM00838	R_MAR01211	product	False
MAM01261	R_MAR01211	product	False
MAM00838	R_MAR01212	substrate	False
MAM00837	R_MAR01212	product	False
MAM00838	R_MAR01213	substrate	False
MAM00837	R_MAR01213	product	False
MAM00837	R_MAR01216	substrate	False
MAM01206	R_MAR01216	product	False
MAM01261	R_MAR01216	product	False
MAM01206	R_MAR01217	substrate	False
MAM01204	R_MAR01217	product	False
MAM01204	R_MAR01218	substrate	False
MAM01205	R_MAR01218	product	False
MAM00695	R_MAR01219	substrate	True
MAM01205	R_MAR01219	product	True
MAM00695	R_MAR01220	substrate	True
MAM00851	R_MAR01220	product	True
MAM00851	R_MAR01221	substrate	True
MAM01149	R_MAR01221	product	True
MAM01261	R_MAR01221	product	True
MAM01147	R_MAR01222	substrate	True
MAM01148	R_MAR01222	product	True
MAM01149	R_MAR01223	substrate	False
MAM01147	R_MAR01223	product	False
MAM01148	R_MAR01224	substrate	False
MAM00693	R_MAR01224	product	False
MAM00693	R_MAR01225	substrate	False
MAM00848	R_MAR01225	product	False
MAM00848	R_MAR01226	substrate	False
MAM00936	R_MAR01226	product	False
MAM01261	R_MAR01226	product	False
MAM00936	R_MAR01227	substrate	False
MAM00042	R_MAR01227	product	False
MAM00326	R_MAR01228	substrate	False
MAM00253	R_MAR01228	product	False
MAM00326	R_MAR01229	substrate	False
MAM00253	R_MAR01229	product	False
MAM00326	R_MAR01230	substrate	False
MAM00253	R_MAR01230	product	False
MAM00253	R_MAR01231	substrate	False
MAM00257	R_MAR01231	product	False
MAM00253	R_MAR01232	substrate	False
MAM00257	R_MAR01232	product	False
MAM00253	R_MAR01233	substrate	False
MAM00257	R_MAR01233	product	False
MAM00257	R_MAR01234	substrate	False
MAM00597	R_MAR01234	product	False
MAM00257	R_MAR01235	substrate	False
MAM00597	R_MAR01235	product	False
MAM00597	R_MAR01236	substrate	False
MAM00255	R_MAR01236	product	False
MAM00597	R_MAR01237	substrate	False
MAM00255	R_MAR01237	product	False
MAM00255	R_MAR01238	substrate	False
MAM00256	R_MAR01238	product	False
MAM00255	R_MAR01239	substrate	False
MAM00256	R_MAR01239	product	False
MAM00256	R_MAR01241	substrate	True
MAM00583	R_MAR01241	product	True
MAM00583	R_MAR01244	substrate	False
MAM00585	R_MAR01244	product	False
MAM00583	R_MAR01245	substrate	False
MAM00585	R_MAR01245	product	False
MAM00583	R_MAR01246	substrate	False
MAM00585	R_MAR01246	product	False
MAM00585	R_MAR01247	substrate	False
MAM00424	R_MAR01247	product	False
MAM01261	R_MAR01247	product	False
MAM00585	R_MAR01248	substrate	False
MAM00582	R_MAR01248	product	False
MAM00585	R_MAR01249	substrate	False
MAM00582	R_MAR01249	product	False
MAM00585	R_MAR01250	substrate	False
MAM00582	R_MAR01250	product	False
MAM00585	R_MAR01251	substrate	False
MAM00582	R_MAR01251	product	False
MAM00582	R_MAR01253	substrate	False
MAM00026	R_MAR01253	product	False
MAM00582	R_MAR01254	substrate	False
MAM00026	R_MAR01254	product	False
MAM00026	R_MAR01255	substrate	False
MAM00581	R_MAR01255	product	False
MAM00026	R_MAR01256	substrate	False
MAM00581	R_MAR01256	product	False
MAM00581	R_MAR01257	substrate	False
MAM00420	R_MAR01257	product	False
MAM00581	R_MAR01258	substrate	False
MAM00420	R_MAR01258	product	False
MAM00420	R_MAR01259	substrate	False
MAM00421	R_MAR01259	product	False
MAM01261	R_MAR01259	product	False
MAM00420	R_MAR01260	substrate	False
MAM00421	R_MAR01260	product	False
MAM01261	R_MAR01260	product	False
MAM00421	R_MAR01261	substrate	False
MAM02649	R_MAR01261	product	False
MAM00421	R_MAR01262	substrate	False
MAM02649	R_MAR01262	product	False
MAM00257	R_MAR01263	substrate	False
MAM00258	R_MAR01263	product	False
MAM00257	R_MAR01264	substrate	False
MAM00258	R_MAR01264	product	False
MAM00257	R_MAR01265	substrate	False
MAM00258	R_MAR01265	product	False
MAM00257	R_MAR01266	substrate	False
MAM00258	R_MAR01266	product	False
MAM00258	R_MAR01270	substrate	False
MAM01037	R_MAR01270	product	False
MAM00258	R_MAR01271	substrate	False
MAM01037	R_MAR01271	product	False
MAM01037	R_MAR01272	substrate	False
MAM00691	R_MAR01272	product	False
MAM01037	R_MAR01273	substrate	False
MAM00691	R_MAR01273	product	False
MAM00691	R_MAR01274	substrate	False
MAM00846	R_MAR01274	product	False
MAM00691	R_MAR01275	substrate	False
MAM00846	R_MAR01275	product	False
MAM00846	R_MAR01276	substrate	False
MAM00688	R_MAR01276	product	False
MAM01261	R_MAR01276	product	False
MAM00846	R_MAR01277	substrate	False
MAM00688	R_MAR01277	product	False
MAM01261	R_MAR01277	product	False
MAM00688	R_MAR01278	substrate	False
MAM00687	R_MAR01278	product	False
MAM00688	R_MAR01279	substrate	False
MAM00687	R_MAR01279	product	False
MAM00252	R_MAR01280	substrate	True
MAM00253	R_MAR01280	product	True
MAM00252	R_MAR01281	substrate	True
MAM00253	R_MAR01281	product	True
MAM00252	R_MAR01282	substrate	True
MAM00253	R_MAR01282	product	True
MAM00252	R_MAR01285	substrate	True
MAM00257	R_MAR01285	product	True
MAM02369	R_MAR01287	substrate	False
MAM00596	R_MAR01287	product	False
MAM00596	R_MAR01288	substrate	False
MAM00601	R_MAR01288	product	False
MAM00601	R_MAR01289	substrate	False
MAM00586	R_MAR01289	product	False
MAM00586	R_MAR01290	substrate	False
MAM00587	R_MAR01290	product	False
MAM00587	R_MAR01291	substrate	False
MAM00027	R_MAR01291	product	False
MAM00027	R_MAR01292	substrate	False
MAM00419	R_MAR01292	product	False
MAM00419	R_MAR01293	substrate	False
MAM00584	R_MAR01293	product	False
MAM00584	R_MAR01294	substrate	False
MAM01261	R_MAR01294	product	False
MAM02650	R_MAR01294	product	False
MAM00425	R_MAR01295	substrate	True
MAM02650	R_MAR01295	product	True
MAM02650	R_MAR01296	substrate	False
MAM00423	R_MAR01296	product	False
MAM00422	R_MAR01297	substrate	True
MAM00423	R_MAR01297	product	True
MAM00401	R_MAR01298	substrate	True
MAM00422	R_MAR01298	product	True
MAM00401	R_MAR01299	substrate	False
MAM00397	R_MAR01299	product	False
MAM00397	R_MAR01300	substrate	False
MAM00398	R_MAR01300	product	False
MAM00401	R_MAR01301	substrate	False
MAM01261	R_MAR01301	product	False
MAM02652	R_MAR01301	product	False
MAM02652	R_MAR01302	substrate	False
MAM02651	R_MAR01302	product	False
MAM02652	R_MAR01303	substrate	False
MAM00015	R_MAR01303	product	False
MAM00015	R_MAR01304	substrate	False
MAM00014	R_MAR01304	product	False
MAM01362	R_MAR01305	substrate	False
MAM02792	R_MAR01305	product	False
MAM02792	R_MAR01307	substrate	False
MAM02794	R_MAR01307	product	False
MAM02794	R_MAR01308	substrate	False
MAM02795	R_MAR01308	product	False
MAM01168	R_MAR01310	substrate	True
MAM02795	R_MAR01310	product	True
MAM02794	R_MAR01312	substrate	False
MAM02786	R_MAR01312	product	False
MAM02794	R_MAR01313	substrate	False
MAM02994	R_MAR01313	product	False
MAM02994	R_MAR01315	substrate	True
MAM02995	R_MAR01315	product	True
MAM00293	R_MAR01317	substrate	True
MAM02995	R_MAR01317	product	True
MAM01168	R_MAR01318	substrate	True
MAM02795	R_MAR01318	product	True
MAM01167	R_MAR01319	substrate	True
MAM01168	R_MAR01319	product	True
MAM01168	R_MAR01320	substrate	True
MAM02788	R_MAR01320	product	True
MAM02777	R_MAR01321	substrate	True
MAM02786	R_MAR01321	product	True
MAM02777	R_MAR01322	substrate	True
MAM02781	R_MAR01322	product	True
MAM02779	R_MAR01323	substrate	True
MAM02781	R_MAR01323	product	True
MAM02779	R_MAR01324	substrate	True
MAM02786	R_MAR01324	product	True
MAM02789	R_MAR01325	substrate	False
MAM02794	R_MAR01325	product	False
MAM02789	R_MAR01326	substrate	False
MAM02794	R_MAR01326	product	False
MAM02789	R_MAR01327	substrate	False
MAM02786	R_MAR01327	product	False
MAM00392	R_MAR01328	substrate	True
MAM02789	R_MAR01328	product	True
MAM02783	R_MAR01329	substrate	True
MAM02789	R_MAR01329	product	True
MAM02794	R_MAR01330	substrate	False
MAM02783	R_MAR01330	product	False
MAM02796	R_MAR01332	substrate	True
MAM02783	R_MAR01332	product	True
MAM02796	R_MAR01333	substrate	True
MAM02783	R_MAR01333	product	True
MAM00384	R_MAR01334	substrate	True
MAM02783	R_MAR01334	product	True
MAM01662	R_MAR01335	substrate	True
MAM02783	R_MAR01335	product	True
MAM00381	R_MAR01336	substrate	True
MAM02783	R_MAR01336	product	True
MAM00338	R_MAR01337	substrate	True
MAM00381	R_MAR01337	product	True
MAM00382	R_MAR01338	substrate	True
MAM02783	R_MAR01338	product	True
MAM00308	R_MAR01339	substrate	True
MAM02441	R_MAR01339	substrate	True
MAM02794	R_MAR01339	product	True
MAM01915	R_MAR01340	substrate	True
MAM01884	R_MAR01340	product	True
MAM02800	R_MAR01341	substrate	True
MAM01983	R_MAR01341	product	True
MAM02786	R_MAR01341	product	True
MAM02798	R_MAR01342	substrate	True
MAM01983	R_MAR01342	product	True
MAM02786	R_MAR01342	product	True
MAM02799	R_MAR01343	substrate	True
MAM01983	R_MAR01343	product	True
MAM02786	R_MAR01343	product	True
MAM00395	R_MAR01344	substrate	True
MAM02800	R_MAR01344	product	True
MAM02797	R_MAR01345	substrate	True
MAM02800	R_MAR01345	product	True
MAM01362	R_MAR01346	substrate	False
MAM01797	R_MAR01346	substrate	False
MAM01335	R_MAR01346	product	False
MAM00635	R_MAR01347	substrate	True
MAM01362	R_MAR01347	product	True
MAM01983	R_MAR01347	product	True
MAM00635	R_MAR01350	substrate	False
MAM00322	R_MAR01350	product	False
MAM03110	R_MAR01351	substrate	False
MAM03586	R_MAR01351	substrate	False
MAM01905	R_MAR01351	product	False
MAM00534	R_MAR01352	substrate	True
MAM00635	R_MAR01352	product	True
MAM03110	R_MAR01353	substrate	False
MAM03395	R_MAR01353	substrate	False
MAM03000	R_MAR01353	product	False
MAM01362	R_MAR01355	substrate	False
MAM01214	R_MAR01355	product	False
MAM01214	R_MAR01356	substrate	False
MAM01368	R_MAR01356	substrate	False
MAM01063	R_MAR01356	product	False
MAM02489	R_MAR01356	product	False
MAM01063	R_MAR01357	substrate	False
MAM01368	R_MAR01357	substrate	False
MAM01062	R_MAR01357	product	False
MAM01655	R_MAR01357	product	False
MAM01362	R_MAR01358	substrate	False
MAM02631	R_MAR01358	substrate	False
MAM01246	R_MAR01358	product	False
MAM01246	R_MAR01359	substrate	False
MAM01368	R_MAR01359	substrate	False
MAM01223	R_MAR01359	product	False
MAM02489	R_MAR01359	product	False
MAM01223	R_MAR01360	substrate	False
MAM01368	R_MAR01360	substrate	False
MAM01061	R_MAR01360	product	False
MAM01655	R_MAR01360	product	False
MAM01362	R_MAR01361	substrate	False
MAM02631	R_MAR01361	substrate	False
MAM00302	R_MAR01361	product	False
MAM00302	R_MAR01362	substrate	False
MAM01368	R_MAR01362	substrate	False
MAM01222	R_MAR01362	product	False
MAM02489	R_MAR01362	product	False
MAM01221	R_MAR01363	substrate	True
MAM01222	R_MAR01363	product	True
MAM01362	R_MAR01364	substrate	False
MAM02631	R_MAR01364	substrate	False
MAM00335	R_MAR01364	product	False
MAM00335	R_MAR01365	substrate	False
MAM01368	R_MAR01365	substrate	False
MAM00281	R_MAR01365	product	False
MAM02489	R_MAR01365	product	False
MAM00281	R_MAR01366	substrate	True
MAM00282	R_MAR01366	product	True
MAM02026	R_MAR01367	substrate	True
MAM02796	R_MAR01367	substrate	True
MAM02864	R_MAR01367	product	True
MAM02026	R_MAR01370	substrate	True
MAM02777	R_MAR01370	substrate	True
MAM02863	R_MAR01370	product	True
MAM00789	R_MAR01371	substrate	False
MAM01034	R_MAR01371	product	False
MAM01986	R_MAR01371	product	False
MAM01685	R_MAR01372	substrate	False
MAM01681	R_MAR01372	product	False
MAM01662	R_MAR01373	substrate	True
MAM02796	R_MAR01373	product	True
MAM00383	R_MAR01374	substrate	True
MAM01662	R_MAR01374	product	True
MAM00385	R_MAR01375	substrate	True
MAM02796	R_MAR01375	product	True
MAM00385	R_MAR01376	substrate	True
MAM01662	R_MAR01376	product	True
MAM01662	R_MAR01379	substrate	True
MAM02026	R_MAR01379	substrate	True
MAM02860	R_MAR01379	product	True
MAM01991	R_MAR01380	substrate	False
MAM01965	R_MAR01380	product	False
MAM01993	R_MAR01380	product	False
MAM02860	R_MAR01382	substrate	True
MAM02852	R_MAR01382	product	True
MAM01234	R_MAR01383	substrate	True
MAM02783	R_MAR01383	product	True
MAM01234	R_MAR01384	substrate	True
MAM02026	R_MAR01384	substrate	True
MAM02859	R_MAR01384	product	True
MAM02859	R_MAR01387	substrate	True
MAM02851	R_MAR01387	product	True
MAM01696	R_MAR01388	substrate	False
MAM00391	R_MAR01388	product	False
MAM00378	R_MAR01389	substrate	True
MAM00391	R_MAR01389	product	True
MAM01696	R_MAR01390	substrate	False
MAM02791	R_MAR01390	product	False
MAM01696	R_MAR01391	substrate	False
MAM02791	R_MAR01391	product	False
MAM02791	R_MAR01392	substrate	True
MAM02793	R_MAR01392	product	True
MAM02791	R_MAR01393	substrate	True
MAM02793	R_MAR01393	product	True
MAM02785	R_MAR01394	substrate	True
MAM02793	R_MAR01394	product	True
MAM02776	R_MAR01395	substrate	True
MAM02785	R_MAR01395	product	True
MAM01953	R_MAR01397	substrate	False
MAM02187	R_MAR01397	substrate	False
MAM01806	R_MAR01397	product	False
MAM02026	R_MAR01398	substrate	True
MAM02776	R_MAR01398	substrate	True
MAM02862	R_MAR01398	product	True
MAM01734	R_MAR01399	substrate	False
MAM02020	R_MAR01399	substrate	False
MAM01733	R_MAR01399	product	False
MAM03748	R_MAR01399	product	False
MAM01734	R_MAR01400	substrate	False
MAM02020	R_MAR01400	substrate	False
MAM01733	R_MAR01400	product	False
MAM03749	R_MAR01400	product	False
MAM02776	R_MAR01401	substrate	True
MAM02780	R_MAR01401	product	True
MAM02778	R_MAR01402	substrate	True
MAM02780	R_MAR01402	product	True
MAM01198	R_MAR01403	substrate	True
MAM01689	R_MAR01403	product	True
MAM02631	R_MAR01403	product	True
MAM01215	R_MAR01404	substrate	True
MAM01689	R_MAR01404	product	True
MAM02631	R_MAR01404	product	True
MAM01689	R_MAR01405	substrate	False
MAM02631	R_MAR01405	substrate	False
MAM00275	R_MAR01405	product	False
MAM00303	R_MAR01406	substrate	True
MAM01689	R_MAR01406	product	True
MAM02631	R_MAR01406	product	True
MAM00372	R_MAR01407	substrate	True
MAM01689	R_MAR01407	product	True
MAM02631	R_MAR01407	product	True
MAM00404	R_MAR01408	substrate	True
MAM01689	R_MAR01408	product	True
MAM02631	R_MAR01408	product	True
MAM00418	R_MAR01409	substrate	True
MAM01689	R_MAR01409	product	True
MAM02631	R_MAR01409	product	True
MAM01689	R_MAR01410	substrate	False
MAM00303	R_MAR01410	product	False
MAM00984	R_MAR01410	product	False
MAM01689	R_MAR01411	substrate	False
MAM00303	R_MAR01411	product	False
MAM01192	R_MAR01411	product	False
MAM01689	R_MAR01412	substrate	False
MAM00271	R_MAR01412	product	False
MAM00372	R_MAR01412	product	False
MAM01689	R_MAR01413	substrate	False
MAM00299	R_MAR01413	product	False
MAM01198	R_MAR01413	product	False
MAM01689	R_MAR01414	substrate	False
MAM00355	R_MAR01414	product	False
MAM00418	R_MAR01414	product	False
MAM00275	R_MAR01415	substrate	False
MAM01368	R_MAR01415	substrate	False
MAM00368	R_MAR01415	product	False
MAM02489	R_MAR01415	product	False
MAM01689	R_MAR01416	substrate	False
MAM00372	R_MAR01416	product	False
MAM00415	R_MAR01416	product	False
MAM01689	R_MAR01417	substrate	False
MAM00404	R_MAR01417	product	False
MAM00589	R_MAR01417	product	False
MAM00984	R_MAR01418	substrate	True
MAM00997	R_MAR01418	product	True
MAM00984	R_MAR01419	substrate	True
MAM00999	R_MAR01419	product	True
MAM01192	R_MAR01420	substrate	True
MAM01368	R_MAR01420	substrate	True
MAM01194	R_MAR01420	product	True
MAM01655	R_MAR01420	product	True
MAM01192	R_MAR01421	substrate	True
MAM01368	R_MAR01421	substrate	True
MAM01193	R_MAR01421	product	True
MAM01655	R_MAR01421	product	True
MAM00271	R_MAR01422	substrate	True
MAM01368	R_MAR01422	substrate	True
MAM00273	R_MAR01422	product	True
MAM01655	R_MAR01422	product	True
MAM00271	R_MAR01423	substrate	True
MAM01368	R_MAR01423	substrate	True
MAM00272	R_MAR01423	product	True
MAM01655	R_MAR01423	product	True
MAM00299	R_MAR01424	substrate	True
MAM01368	R_MAR01424	substrate	True
MAM00301	R_MAR01424	product	True
MAM01655	R_MAR01424	product	True
MAM00299	R_MAR01425	substrate	True
MAM01368	R_MAR01425	substrate	True
MAM00300	R_MAR01425	product	True
MAM01655	R_MAR01425	product	True
MAM00355	R_MAR01426	substrate	True
MAM01368	R_MAR01426	substrate	True
MAM00359	R_MAR01426	product	True
MAM01655	R_MAR01426	product	True
MAM00355	R_MAR01427	substrate	True
MAM00358	R_MAR01427	product	True
MAM00368	R_MAR01428	substrate	True
MAM01368	R_MAR01428	substrate	True
MAM00370	R_MAR01428	product	True
MAM01655	R_MAR01428	product	True
MAM00368	R_MAR01429	substrate	True
MAM01368	R_MAR01429	substrate	True
MAM00369	R_MAR01429	product	True
MAM01655	R_MAR01429	product	True
MAM00415	R_MAR01430	substrate	True
MAM00417	R_MAR01430	product	True
MAM00415	R_MAR01431	substrate	True
MAM00416	R_MAR01431	product	True
MAM00589	R_MAR01432	substrate	True
MAM01368	R_MAR01432	substrate	True
MAM00593	R_MAR01432	product	True
MAM01655	R_MAR01432	product	True
MAM00589	R_MAR01433	substrate	True
MAM01368	R_MAR01433	substrate	True
MAM00594	R_MAR01433	product	True
MAM01655	R_MAR01433	product	True
MAM01255	R_MAR01434	substrate	True
MAM01261	R_MAR01434	product	True
MAM01253	R_MAR01436	substrate	False
MAM01255	R_MAR01436	product	False
MAM01255	R_MAR01437	substrate	False
MAM01261	R_MAR01437	substrate	False
MAM02131	R_MAR01437	product	False
MAM02109	R_MAR01439	substrate	True
MAM02110	R_MAR01439	product	True
MAM02348	R_MAR01439	product	True
MAM02131	R_MAR01440	substrate	False
MAM00167	R_MAR01440	product	False
MAM00167	R_MAR01445	substrate	False
MAM00165	R_MAR01445	product	False
MAM02131	R_MAR01446	substrate	False
MAM00167	R_MAR01446	product	False
MAM00164	R_MAR01448	substrate	True
MAM00165	R_MAR01448	product	True
MAM02131	R_MAR01449	substrate	False
MAM01253	R_MAR01449	product	False
MAM01261	R_MAR01449	product	False
MAM02049	R_MAR01450	substrate	False
MAM01399	R_MAR01450	product	False
MAM01595	R_MAR01450	product	False
MAM00164	R_MAR01451	substrate	False
MAM02187	R_MAR01451	product	False
MAM02154	R_MAR01453	substrate	False
MAM03620	R_MAR01453	product	False
MAM02187	R_MAR01454	substrate	False
MAM01706	R_MAR01454	product	False
MAM00037	R_MAR01456	substrate	False
MAM00755	R_MAR01456	product	False
MAM01706	R_MAR01457	substrate	False
MAM02187	R_MAR01457	substrate	False
MAM01953	R_MAR01457	product	False
MAM01953	R_MAR01460	substrate	False
MAM02187	R_MAR01460	substrate	False
MAM01806	R_MAR01460	product	False
MAM01806	R_MAR01465	substrate	False
MAM02764	R_MAR01465	product	False
MAM02764	R_MAR01467	substrate	False
MAM02933	R_MAR01467	product	False
MAM02187	R_MAR01468	substrate	True
MAM01706	R_MAR01468	product	True
MAM02933	R_MAR01470	substrate	False
MAM02932	R_MAR01470	product	False
MAM01261	R_MAR01471	substrate	False
MAM02444	R_MAR01471	substrate	False
MAM02674	R_MAR01471	product	False
MAM01745	R_MAR01472	substrate	False
MAM03960	R_MAR01472	product	False
MAM02932	R_MAR01473	substrate	False
MAM02336	R_MAR01473	product	False
MAM01715	R_MAR01474	substrate	False
MAM01716	R_MAR01474	product	False
MAM01450	R_MAR01475	substrate	False
MAM02684	R_MAR01475	substrate	False
MAM00656	R_MAR01475	product	False
MAM01451	R_MAR01475	product	False
MAM02336	R_MAR01477	substrate	False
MAM00939	R_MAR01477	product	False
MAM00939	R_MAR01478	substrate	False
MAM00937	R_MAR01478	product	False
MAM00937	R_MAR01479	substrate	False
MAM00941	R_MAR01479	product	False
MAM01833	R_MAR01479	product	False
MAM02970	R_MAR01481	substrate	True
MAM02348	R_MAR01481	product	True
MAM02971	R_MAR01481	product	True
MAM00941	R_MAR01484	substrate	False
MAM00367	R_MAR01484	product	False
MAM02348	R_MAR01488	substrate	True
MAM02390	R_MAR01488	substrate	True
MAM03727	R_MAR01488	product	True
MAM03727	R_MAR01489	substrate	True
MAM02348	R_MAR01489	product	True
MAM02390	R_MAR01489	product	True
MAM00367	R_MAR01490	substrate	False
MAM00961	R_MAR01490	product	False
MAM00961	R_MAR01493	substrate	False
MAM00957	R_MAR01493	product	False
MAM00957	R_MAR01494	substrate	False
MAM00953	R_MAR01494	product	False
MAM00953	R_MAR01495	substrate	False
MAM00809	R_MAR01495	product	False
MAM00953	R_MAR01496	substrate	False
MAM00809	R_MAR01496	product	False
MAM02336	R_MAR01497	substrate	False
MAM00941	R_MAR01497	product	False
MAM01833	R_MAR01497	product	False
MAM02932	R_MAR01498	substrate	False
MAM02336	R_MAR01498	product	False
MAM00809	R_MAR01500	substrate	True
MAM00968	R_MAR01500	product	True
MAM02684	R_MAR01501	substrate	False
MAM02834	R_MAR01501	substrate	False
MAM00656	R_MAR01501	product	False
MAM02838	R_MAR01501	product	False
MAM00968	R_MAR01502	substrate	False
MAM00963	R_MAR01502	product	False
MAM00963	R_MAR01503	substrate	False
MAM00959	R_MAR01503	product	False
MAM00959	R_MAR01504	substrate	False
MAM00955	R_MAR01504	product	False
MAM00955	R_MAR01505	substrate	False
MAM01067	R_MAR01505	product	False
MAM00291	R_MAR01506	substrate	False
MAM02684	R_MAR01506	substrate	False
MAM00656	R_MAR01506	product	False
MAM02838	R_MAR01506	product	False
MAM01232	R_MAR01507	substrate	False
MAM02684	R_MAR01507	substrate	False
MAM00656	R_MAR01507	product	False
MAM03315	R_MAR01507	product	False
MAM01066	R_MAR01508	substrate	False
MAM01189	R_MAR01508	product	False
MAM01067	R_MAR01509	substrate	False
MAM03158	R_MAR01509	product	False
MAM02343	R_MAR01510	substrate	False
MAM02805	R_MAR01510	product	False
MAM02001	R_MAR01511	substrate	False
MAM03749	R_MAR01511	substrate	False
MAM02022	R_MAR01511	product	False
MAM03750	R_MAR01511	product	False
MAM03158	R_MAR01512	substrate	False
MAM01066	R_MAR01512	product	False
MAM02461	R_MAR01513	substrate	False
MAM02685	R_MAR01513	substrate	False
MAM00236	R_MAR01513	product	False
MAM03749	R_MAR01513	product	False
MAM01066	R_MAR01516	substrate	False
MAM01189	R_MAR01516	product	False
MAM00184	R_MAR01517	substrate	True
MAM02444	R_MAR01517	substrate	True
MAM02442	R_MAR01517	product	True
MAM01189	R_MAR01519	substrate	False
MAM01675	R_MAR01519	product	False
MAM00167	R_MAR01520	substrate	False
MAM00165	R_MAR01520	product	False
MAM02480	R_MAR01521	substrate	False
MAM02774	R_MAR01521	product	False
MAM02480	R_MAR01522	substrate	False
MAM02774	R_MAR01522	product	False
MAM02514	R_MAR01523	substrate	False
MAM00952	R_MAR01523	product	False
MAM03000	R_MAR01524	substrate	False
MAM03110	R_MAR01524	product	False
MAM03395	R_MAR01524	product	False
MAM01675	R_MAR01526	substrate	False
MAM01450	R_MAR01526	product	False
MAM02805	R_MAR01531	substrate	False
MAM00624	R_MAR01531	product	False
MAM01706	R_MAR01532	substrate	False
MAM01806	R_MAR01532	substrate	False
MAM03026	R_MAR01532	product	False
MAM01066	R_MAR01533	substrate	False
MAM02343	R_MAR01533	product	False
MAM02336	R_MAR01535	substrate	False
MAM00609	R_MAR01535	product	False
MAM00609	R_MAR01536	substrate	False
MAM00940	R_MAR01536	product	False
MAM00940	R_MAR01538	substrate	False
MAM00938	R_MAR01538	product	False
MAM00938	R_MAR01539	substrate	False
MAM00942	R_MAR01539	product	False
MAM01833	R_MAR01539	product	False
MAM00942	R_MAR01540	substrate	False
MAM00943	R_MAR01540	product	False
MAM01371	R_MAR01542	substrate	False
MAM02581	R_MAR01542	substrate	False
MAM02552	R_MAR01542	product	False
MAM00943	R_MAR01543	substrate	False
MAM00962	R_MAR01543	product	False
MAM00962	R_MAR01544	substrate	False
MAM00958	R_MAR01544	product	False
MAM00958	R_MAR01545	substrate	False
MAM00954	R_MAR01545	product	False
MAM00954	R_MAR01546	substrate	False
MAM00966	R_MAR01546	product	False
MAM00966	R_MAR01547	substrate	False
MAM00967	R_MAR01547	product	False
MAM00967	R_MAR01548	substrate	False
MAM00964	R_MAR01548	product	False
MAM00964	R_MAR01549	substrate	False
MAM00960	R_MAR01549	product	False
MAM00960	R_MAR01550	substrate	False
MAM00956	R_MAR01550	product	False
MAM00956	R_MAR01551	substrate	False
MAM01068	R_MAR01551	product	False
MAM01068	R_MAR01552	substrate	False
MAM01449	R_MAR01552	product	False
MAM01449	R_MAR01553	substrate	False
MAM02343	R_MAR01553	product	False
MAM01371	R_MAR01554	substrate	False
MAM02585	R_MAR01554	substrate	False
MAM01646	R_MAR01554	product	False
MAM00024	R_MAR01556	substrate	True
MAM00025	R_MAR01556	product	True
MAM02348	R_MAR01556	product	True
MAM02343	R_MAR01557	substrate	False
MAM02805	R_MAR01557	product	False
MAM02343	R_MAR01558	substrate	False
MAM02805	R_MAR01558	product	False
MAM03622	R_MAR01560	substrate	False
MAM01965	R_MAR01560	product	False
MAM03623	R_MAR01560	product	False
MAM02805	R_MAR01565	substrate	False
MAM01450	R_MAR01565	product	False
MAM01093	R_MAR01567	substrate	False
MAM00756	R_MAR01567	product	False
MAM01249	R_MAR01568	substrate	False
MAM01252	R_MAR01568	product	False
MAM00610	R_MAR01569	substrate	False
MAM01446	R_MAR01569	product	False
MAM03158	R_MAR01570	substrate	False
MAM01449	R_MAR01570	product	False
MAM01450	R_MAR01571	substrate	False
MAM00610	R_MAR01571	product	False
MAM01255	R_MAR01573	substrate	False
MAM01261	R_MAR01573	substrate	False
MAM02131	R_MAR01573	product	False
MAM00623	R_MAR01574	substrate	False
MAM01448	R_MAR01574	product	False
MAM00599	R_MAR01575	substrate	False
MAM00585	R_MAR01575	product	False
MAM01253	R_MAR01576	substrate	False
MAM01255	R_MAR01576	product	False
MAM02131	R_MAR01577	substrate	False
MAM01253	R_MAR01577	product	False
MAM01261	R_MAR01577	product	False
MAM01450	R_MAR01578	substrate	True
MAM00592	R_MAR01578	product	True
MAM01450	R_MAR01581	substrate	False
MAM01183	R_MAR01581	product	False
MAM01183	R_MAR01584	substrate	False
MAM01182	R_MAR01584	product	False
MAM01183	R_MAR01585	substrate	False
MAM01182	R_MAR01585	product	False
MAM02684	R_MAR01586	substrate	False
MAM01513	R_MAR01586	product	False
MAM02728	R_MAR01586	product	False
MAM01182	R_MAR01589	substrate	False
MAM01178	R_MAR01589	product	False
MAM01182	R_MAR01590	substrate	False
MAM01178	R_MAR01590	product	False
MAM03849	R_MAR01591	substrate	False
MAM03850	R_MAR01591	product	False
MAM01178	R_MAR01595	substrate	False
MAM01177	R_MAR01595	product	False
MAM01177	R_MAR01598	substrate	False
MAM01078	R_MAR01598	product	False
MAM01177	R_MAR01599	substrate	False
MAM01078	R_MAR01599	product	False
MAM03887	R_MAR01600	substrate	False
MAM01261	R_MAR01600	product	False
MAM02774	R_MAR01600	product	False
MAM03554	R_MAR01600	product	False
MAM02685	R_MAR01603	substrate	False
MAM02684	R_MAR01603	product	False
MAM01078	R_MAR01604	substrate	False
MAM01090	R_MAR01604	product	False
MAM01078	R_MAR01605	substrate	False
MAM01090	R_MAR01605	product	False
MAM02685	R_MAR01606	substrate	False
MAM02684	R_MAR01606	product	False
MAM01090	R_MAR01608	substrate	False
MAM00750	R_MAR01608	product	False
MAM01090	R_MAR01609	substrate	False
MAM00750	R_MAR01609	product	False
MAM01090	R_MAR01610	substrate	False
MAM00750	R_MAR01610	product	False
MAM00750	R_MAR01611	substrate	False
MAM00752	R_MAR01611	product	False
MAM02717	R_MAR01612	substrate	False
MAM02715	R_MAR01612	product	False
MAM00750	R_MAR01613	substrate	False
MAM00752	R_MAR01613	product	False
MAM00750	R_MAR01614	substrate	False
MAM00752	R_MAR01614	product	False
MAM01426	R_MAR01615	substrate	False
MAM02914	R_MAR01615	substrate	False
MAM02717	R_MAR01615	product	False
MAM01306	R_MAR01616	substrate	True
MAM02724	R_MAR01616	substrate	True
MAM01974	R_MAR01616	product	True
MAM02725	R_MAR01616	product	True
MAM00553	R_MAR01618	substrate	False
MAM00551	R_MAR01618	product	False
MAM00752	R_MAR01624	substrate	False
MAM00616	R_MAR01624	product	False
MAM00752	R_MAR01625	substrate	False
MAM00616	R_MAR01625	product	False
MAM00752	R_MAR01627	substrate	False
MAM00616	R_MAR01627	product	False
MAM00165	R_MAR01628	substrate	False
MAM00164	R_MAR01628	product	False
MAM00616	R_MAR01632	substrate	False
MAM00618	R_MAR01632	product	False
MAM02680	R_MAR01634	substrate	False
MAM01636	R_MAR01634	product	False
MAM00618	R_MAR01638	substrate	False
MAM00749	R_MAR01638	product	False
MAM00749	R_MAR01642	substrate	False
MAM00036	R_MAR01642	product	False
MAM02804	R_MAR01643	substrate	False
MAM02803	R_MAR01643	product	False
MAM00036	R_MAR01646	substrate	False
MAM00748	R_MAR01646	product	False
MAM01306	R_MAR01649	substrate	False
MAM02770	R_MAR01649	substrate	False
MAM02943	R_MAR01649	product	False
MAM03037	R_MAR01649	product	False
MAM00748	R_MAR01652	substrate	False
MAM01514	R_MAR01652	product	False
MAM02774	R_MAR01652	product	False
MAM01265	R_MAR01655	substrate	False
MAM00799	R_MAR01655	product	False
MAM02808	R_MAR01658	substrate	False
MAM02685	R_MAR01658	product	False
MAM01514	R_MAR01660	substrate	False
MAM01445	R_MAR01660	product	False
MAM01514	R_MAR01663	substrate	False
MAM01445	R_MAR01663	product	False
MAM01514	R_MAR01667	substrate	False
MAM02961	R_MAR01667	substrate	False
MAM02963	R_MAR01667	product	False
MAM01514	R_MAR01668	substrate	False
MAM02961	R_MAR01668	substrate	False
MAM02963	R_MAR01668	product	False
MAM01514	R_MAR01670	substrate	False
MAM01986	R_MAR01670	substrate	False
MAM01988	R_MAR01670	product	False
MAM01182	R_MAR01673	substrate	False
MAM01181	R_MAR01673	product	False
MAM03887	R_MAR01674	substrate	False
MAM02766	R_MAR01674	product	False
MAM02747	R_MAR01675	substrate	False
MAM02746	R_MAR01675	product	False
MAM01181	R_MAR01676	substrate	False
MAM01095	R_MAR01676	product	False
MAM00119	R_MAR01677	substrate	False
MAM01291	R_MAR01677	product	False
MAM01181	R_MAR01678	substrate	False
MAM01095	R_MAR01678	product	False
MAM01095	R_MAR01681	substrate	False
MAM01093	R_MAR01681	product	False
MAM01095	R_MAR01682	substrate	False
MAM01093	R_MAR01682	product	False
MAM00756	R_MAR01684	substrate	True
MAM01093	R_MAR01684	product	True
MAM01093	R_MAR01685	substrate	False
MAM00756	R_MAR01685	product	False
MAM01095	R_MAR01687	substrate	False
MAM01094	R_MAR01687	product	False
MAM01094	R_MAR01689	substrate	False
MAM00757	R_MAR01689	product	False
MAM01232	R_MAR01690	substrate	False
MAM01230	R_MAR01690	product	False
MAM00757	R_MAR01691	substrate	False
MAM00758	R_MAR01691	product	False
MAM00756	R_MAR01692	substrate	True
MAM00758	R_MAR01692	product	True
MAM00756	R_MAR01693	substrate	False
MAM00758	R_MAR01693	product	False
MAM00758	R_MAR01697	substrate	False
MAM00614	R_MAR01697	product	False
MAM00758	R_MAR01699	substrate	False
MAM00614	R_MAR01699	product	False
MAM00758	R_MAR01700	substrate	False
MAM00614	R_MAR01700	product	False
MAM00614	R_MAR01703	substrate	True
MAM00617	R_MAR01703	product	True
MAM00617	R_MAR01704	substrate	False
MAM00755	R_MAR01704	product	False
MAM00755	R_MAR01706	substrate	False
MAM00037	R_MAR01706	product	False
MAM00037	R_MAR01708	substrate	False
MAM00754	R_MAR01708	product	False
MAM00754	R_MAR01710	substrate	False
MAM01434	R_MAR01710	product	False
MAM02774	R_MAR01710	product	False
MAM00755	R_MAR01711	substrate	False
MAM02774	R_MAR01711	product	False
MAM03548	R_MAR01711	product	False
MAM01653	R_MAR01713	substrate	False
MAM02324	R_MAR01713	product	False
MAM02543	R_MAR01713	product	False
MAM02933	R_MAR01714	substrate	False
MAM02932	R_MAR01714	product	False
MAM01806	R_MAR01715	substrate	False
MAM02933	R_MAR01715	product	False
MAM01434	R_MAR01716	substrate	False
MAM01435	R_MAR01716	product	False
MAM01434	R_MAR01718	substrate	False
MAM01435	R_MAR01718	product	False
MAM01434	R_MAR01720	substrate	False
MAM02961	R_MAR01720	substrate	False
MAM02962	R_MAR01720	product	False
MAM01434	R_MAR01722	substrate	False
MAM01986	R_MAR01722	substrate	False
MAM01987	R_MAR01722	product	False
MAM01434	R_MAR01723	substrate	False
MAM02961	R_MAR01723	substrate	False
MAM02962	R_MAR01723	product	False
MAM01004	R_MAR01724	substrate	False
MAM00981	R_MAR01724	product	False
MAM01435	R_MAR01726	substrate	False
MAM01434	R_MAR01726	product	False
MAM01435	R_MAR01727	substrate	False
MAM01434	R_MAR01727	product	False
MAM01435	R_MAR01729	substrate	False
MAM02950	R_MAR01729	product	False
MAM02950	R_MAR01730	substrate	False
MAM01435	R_MAR01730	product	False
MAM01450	R_MAR01735	substrate	False
MAM00610	R_MAR01735	product	False
MAM00133	R_MAR01736	substrate	True
MAM00134	R_MAR01736	product	True
MAM02348	R_MAR01736	product	True
MAM00610	R_MAR01737	substrate	False
MAM01446	R_MAR01737	product	False
MAM01446	R_MAR01738	substrate	False
MAM00978	R_MAR01738	product	False
MAM00978	R_MAR01739	substrate	False
MAM00976	R_MAR01739	product	False
MAM00976	R_MAR01740	substrate	False
MAM01081	R_MAR01740	product	False
MAM00978	R_MAR01741	substrate	False
MAM01083	R_MAR01741	product	False
MAM01081	R_MAR01742	substrate	False
MAM01077	R_MAR01742	product	False
MAM01083	R_MAR01743	substrate	False
MAM01080	R_MAR01743	product	False
MAM01077	R_MAR01746	substrate	False
MAM01076	R_MAR01746	product	False
MAM01080	R_MAR01747	substrate	False
MAM01079	R_MAR01747	product	False
MAM01076	R_MAR01748	substrate	False
MAM00746	R_MAR01748	product	False
MAM01079	R_MAR01749	substrate	False
MAM00753	R_MAR01749	product	False
MAM00746	R_MAR01750	substrate	False
MAM02977	R_MAR01750	product	False
MAM00753	R_MAR01751	substrate	False
MAM00742	R_MAR01751	product	False
MAM02977	R_MAR01754	substrate	False
MAM00615	R_MAR01754	product	False
MAM00742	R_MAR01756	substrate	False
MAM00743	R_MAR01756	product	False
MAM00109	R_MAR01757	substrate	True
MAM00110	R_MAR01757	product	True
MAM02348	R_MAR01757	product	True
MAM00615	R_MAR01760	substrate	False
MAM00036	R_MAR01760	product	False
MAM00743	R_MAR01761	substrate	False
MAM00037	R_MAR01761	product	False
MAM01450	R_MAR01762	substrate	False
MAM00625	R_MAR01762	product	False
MAM00625	R_MAR01765	substrate	False
MAM01448	R_MAR01765	product	False
MAM01448	R_MAR01766	substrate	False
MAM00979	R_MAR01766	product	False
MAM00979	R_MAR01767	substrate	False
MAM00977	R_MAR01767	product	False
MAM00977	R_MAR01768	substrate	False
MAM01082	R_MAR01768	product	False
MAM00979	R_MAR01769	substrate	False
MAM01084	R_MAR01769	product	False
MAM01082	R_MAR01770	substrate	False
MAM01090	R_MAR01770	product	False
MAM01084	R_MAR01771	substrate	False
MAM01093	R_MAR01771	product	False
MAM00130	R_MAR01773	substrate	True
MAM00131	R_MAR01773	product	True
MAM02348	R_MAR01773	product	True
MAM01450	R_MAR01776	substrate	False
MAM00619	R_MAR01776	product	False
MAM00619	R_MAR01777	substrate	False
MAM01447	R_MAR01777	product	False
MAM01179	R_MAR01778	substrate	True
MAM01447	R_MAR01778	product	True
MAM01450	R_MAR01781	substrate	False
MAM00592	R_MAR01781	product	False
MAM00592	R_MAR01783	substrate	False
MAM01182	R_MAR01783	product	False
MAM01450	R_MAR01784	substrate	False
MAM00623	R_MAR01784	product	False
MAM01450	R_MAR01785	substrate	False
MAM00623	R_MAR01785	product	False
MAM01450	R_MAR01786	substrate	False
MAM00623	R_MAR01786	product	False
MAM00623	R_MAR01787	substrate	False
MAM01182	R_MAR01787	product	False
MAM00623	R_MAR01790	substrate	True
MAM00763	R_MAR01790	product	True
MAM00763	R_MAR01792	substrate	True
MAM00764	R_MAR01792	product	True
MAM00764	R_MAR01794	substrate	False
MAM00761	R_MAR01794	product	False
MAM00761	R_MAR01796	substrate	False
MAM01180	R_MAR01796	product	False
MAM00623	R_MAR01797	substrate	False
MAM01448	R_MAR01797	product	False
MAM00623	R_MAR01798	substrate	False
MAM01448	R_MAR01798	product	False
MAM01448	R_MAR01800	substrate	False
MAM00761	R_MAR01800	product	False
MAM01078	R_MAR01802	substrate	True
MAM01092	R_MAR01802	product	True
MAM00750	R_MAR01803	substrate	True
MAM01092	R_MAR01803	product	True
MAM01092	R_MAR01804	substrate	False
MAM01091	R_MAR01804	product	False
MAM01092	R_MAR01805	substrate	False
MAM01091	R_MAR01805	product	False
MAM00751	R_MAR01806	substrate	True
MAM01092	R_MAR01806	product	True
MAM00751	R_MAR01807	substrate	True
MAM01091	R_MAR01807	product	True
MAM01078	R_MAR01810	substrate	False
MAM01089	R_MAR01810	product	False
MAM01089	R_MAR01811	substrate	False
MAM01087	R_MAR01811	product	False
MAM03039	R_MAR01812	substrate	False
MAM01965	R_MAR01812	product	False
MAM00747	R_MAR01813	substrate	True
MAM01087	R_MAR01813	product	True
MAM01089	R_MAR01815	substrate	False
MAM01085	R_MAR01815	product	False
MAM01053	R_MAR01816	substrate	False
MAM03758	R_MAR01816	product	False
MAM01089	R_MAR01817	substrate	False
MAM01086	R_MAR01817	product	False
MAM01733	R_MAR01818	substrate	False
MAM03108	R_MAR01818	substrate	False
MAM01731	R_MAR01818	product	False
MAM01089	R_MAR01819	substrate	False
MAM01088	R_MAR01819	product	False
MAM01396	R_MAR01820	substrate	True
MAM03109	R_MAR01820	substrate	True
MAM01398	R_MAR01820	product	True
MAM01445	R_MAR01830	substrate	False
MAM00745	R_MAR01830	product	False
MAM01445	R_MAR01831	substrate	False
MAM00745	R_MAR01831	product	False
MAM00745	R_MAR01832	substrate	False
MAM01667	R_MAR01832	product	False
MAM00745	R_MAR01833	substrate	False
MAM01667	R_MAR01833	product	False
MAM00745	R_MAR01834	substrate	True
MAM01986	R_MAR01834	substrate	True
MAM01989	R_MAR01834	product	True
MAM02964	R_MAR01835	substrate	True
MAM01667	R_MAR01835	product	True
MAM02961	R_MAR01835	product	True
MAM02964	R_MAR01837	substrate	True
MAM01667	R_MAR01837	product	True
MAM02961	R_MAR01837	product	True
MAM02402	R_MAR01838	substrate	False
MAM02155	R_MAR01838	product	False
MAM02402	R_MAR01839	substrate	False
MAM00745	R_MAR01839	product	False
MAM02402	R_MAR01840	substrate	False
MAM00745	R_MAR01840	product	False
MAM02402	R_MAR01841	substrate	False
MAM02961	R_MAR01841	substrate	False
MAM02965	R_MAR01841	product	False
MAM02402	R_MAR01842	substrate	False
MAM02961	R_MAR01842	substrate	False
MAM02965	R_MAR01842	product	False
MAM02965	R_MAR01843	substrate	True
MAM02952	R_MAR01843	product	True
MAM01986	R_MAR01844	substrate	False
MAM02402	R_MAR01844	substrate	False
MAM02000	R_MAR01844	product	False
MAM01986	R_MAR01845	substrate	False
MAM02402	R_MAR01845	substrate	False
MAM02000	R_MAR01845	product	False
MAM02000	R_MAR01846	substrate	False
MAM02951	R_MAR01846	product	False
MAM02951	R_MAR01847	substrate	False
MAM02000	R_MAR01847	product	False
MAM01445	R_MAR01848	substrate	False
MAM01514	R_MAR01848	product	False
MAM01450	R_MAR01919	substrate	False
MAM01512	R_MAR01919	product	False
MAM01512	R_MAR01920	substrate	False
MAM01450	R_MAR01920	product	False
MAM01450	R_MAR01924	substrate	False
MAM02935	R_MAR01924	substrate	False
MAM01511	R_MAR01924	product	False
MAM01511	R_MAR01926	substrate	False
MAM01450	R_MAR01926	product	False
MAM02935	R_MAR01926	product	False
MAM01450	R_MAR01927	substrate	False
MAM00606	R_MAR01927	product	False
MAM00606	R_MAR01928	substrate	False
MAM00579	R_MAR01928	product	False
MAM00579	R_MAR01929	substrate	False
MAM02182	R_MAR01929	product	False
MAM02763	R_MAR01929	product	False
MAM02182	R_MAR01931	substrate	False
MAM01014	R_MAR01931	product	False
MAM01450	R_MAR01932	substrate	False
MAM00592	R_MAR01932	product	False
MAM00592	R_MAR01933	substrate	False
MAM00405	R_MAR01933	product	False
MAM00405	R_MAR01934	substrate	False
MAM00408	R_MAR01934	product	False
MAM02182	R_MAR01934	product	False
MAM00592	R_MAR01935	substrate	False
MAM00579	R_MAR01935	product	False
MAM02763	R_MAR01940	substrate	False
MAM00605	R_MAR01940	product	False
MAM00605	R_MAR01941	substrate	False
MAM00294	R_MAR01941	product	False
MAM00294	R_MAR01942	substrate	False
MAM01614	R_MAR01942	product	False
MAM02763	R_MAR01943	substrate	False
MAM01184	R_MAR01943	product	False
MAM02763	R_MAR01944	substrate	False
MAM00408	R_MAR01944	product	False
MAM02763	R_MAR01945	substrate	False
MAM00408	R_MAR01945	product	False
MAM00408	R_MAR01948	substrate	False
MAM00406	R_MAR01948	product	False
MAM00406	R_MAR01949	substrate	False
MAM00295	R_MAR01949	product	False
MAM00406	R_MAR01950	substrate	False
MAM00283	R_MAR01950	product	False
MAM00283	R_MAR01951	substrate	False
MAM01615	R_MAR01951	product	False
MAM02763	R_MAR01952	substrate	False
MAM02762	R_MAR01952	product	False
MAM02762	R_MAR01953	substrate	False
MAM02763	R_MAR01953	product	False
MAM00408	R_MAR01958	substrate	False
MAM01249	R_MAR01958	product	False
MAM01660	R_MAR01958	product	False
MAM00408	R_MAR01959	substrate	False
MAM01252	R_MAR01959	product	False
MAM01660	R_MAR01959	product	False
MAM00408	R_MAR01960	substrate	True
MAM01252	R_MAR01960	product	True
MAM01660	R_MAR01960	product	True
MAM00408	R_MAR01962	substrate	False
MAM00407	R_MAR01962	product	False
MAM00407	R_MAR01963	substrate	False
MAM00408	R_MAR01963	product	False
MAM01660	R_MAR01967	substrate	False
MAM01075	R_MAR01967	product	False
MAM01660	R_MAR01968	substrate	False
MAM01075	R_MAR01968	product	False
MAM01660	R_MAR01969	substrate	False
MAM01659	R_MAR01969	product	False
MAM01075	R_MAR01970	substrate	False
MAM00971	R_MAR01970	product	False
MAM01075	R_MAR01971	substrate	False
MAM00971	R_MAR01971	product	False
MAM00971	R_MAR01973	substrate	False
MAM02969	R_MAR01973	product	False
MAM00971	R_MAR01974	substrate	False
MAM02969	R_MAR01974	product	False
MAM02969	R_MAR01976	substrate	False
MAM01069	R_MAR01976	product	False
MAM02969	R_MAR01977	substrate	False
MAM01069	R_MAR01977	product	False
MAM01069	R_MAR01978	substrate	True
MAM01065	R_MAR01978	product	True
MAM02763	R_MAR01979	substrate	False
MAM02760	R_MAR01979	product	False
MAM02760	R_MAR01980	substrate	False
MAM02769	R_MAR01980	product	False
MAM02769	R_MAR01981	substrate	False
MAM00409	R_MAR01981	product	False
MAM00408	R_MAR01982	substrate	False
MAM02761	R_MAR01982	product	False
MAM02761	R_MAR01983	substrate	False
MAM00409	R_MAR01983	product	False
MAM00409	R_MAR01985	substrate	False
MAM00971	R_MAR01985	product	False
MAM01252	R_MAR01985	product	False
MAM00409	R_MAR01987	substrate	True
MAM00971	R_MAR01987	product	True
MAM01252	R_MAR01987	product	True
MAM00409	R_MAR01988	substrate	False
MAM00295	R_MAR01988	product	False
MAM00409	R_MAR01989	substrate	False
MAM00603	R_MAR01989	product	False
MAM01615	R_MAR01990	substrate	False
MAM00603	R_MAR01990	product	False
MAM00603	R_MAR01991	substrate	False
MAM00285	R_MAR01991	product	False
MAM00285	R_MAR01992	substrate	False
MAM01614	R_MAR01992	product	False
MAM02769	R_MAR01993	substrate	False
MAM00285	R_MAR01993	product	False
MAM00295	R_MAR01995	substrate	False
MAM01615	R_MAR01995	product	False
MAM01615	R_MAR01996	substrate	False
MAM01616	R_MAR01996	product	False
MAM01615	R_MAR01999	substrate	False
MAM00284	R_MAR01999	product	False
MAM01252	R_MAR01999	product	False
MAM01615	R_MAR02000	substrate	False
MAM00284	R_MAR02000	product	False
MAM01252	R_MAR02000	product	False
MAM01615	R_MAR02001	substrate	False
MAM00284	R_MAR02001	product	False
MAM01252	R_MAR02001	product	False
MAM01072	R_MAR02002	substrate	True
MAM02769	R_MAR02002	product	True
MAM01314	R_MAR02003	substrate	True
MAM01072	R_MAR02003	product	True
MAM01072	R_MAR02004	substrate	True
MAM01314	R_MAR02004	product	True
MAM01314	R_MAR02005	substrate	False
MAM00604	R_MAR02005	product	False
MAM02769	R_MAR02007	substrate	False
MAM00294	R_MAR02007	product	False
MAM00294	R_MAR02009	substrate	False
MAM01614	R_MAR02009	product	False
MAM01614	R_MAR02010	substrate	False
MAM00429	R_MAR02010	product	False
MAM00429	R_MAR02011	substrate	False
MAM01309	R_MAR02011	product	False
MAM00971	R_MAR02014	substrate	True
MAM01064	R_MAR02014	product	True
MAM00971	R_MAR02015	substrate	True
MAM01064	R_MAR02015	product	True
MAM01064	R_MAR02016	substrate	False
MAM01338	R_MAR02016	product	False
MAM01064	R_MAR02017	substrate	False
MAM01338	R_MAR02017	product	False
MAM01064	R_MAR02018	substrate	False
MAM01338	R_MAR02018	product	False
MAM01064	R_MAR02019	substrate	False
MAM01338	R_MAR02019	product	False
MAM01337	R_MAR02020	substrate	True
MAM01338	R_MAR02020	product	True
MAM03108	R_MAR02021	substrate	False
MAM01967	R_MAR02021	product	False
MAM01069	R_MAR02022	substrate	True
MAM01336	R_MAR02022	product	True
MAM01365	R_MAR02023	substrate	False
MAM01588	R_MAR02023	product	False
MAM02609	R_MAR02023	product	False
MAM01069	R_MAR02024	substrate	True
MAM01336	R_MAR02024	product	True
MAM01069	R_MAR02025	substrate	True
MAM01071	R_MAR02025	product	True
MAM01806	R_MAR02026	substrate	False
MAM02764	R_MAR02026	product	False
MAM02678	R_MAR02028	substrate	True
MAM00051	R_MAR02028	product	True
MAM02969	R_MAR02029	substrate	False
MAM00432	R_MAR02029	product	False
MAM00432	R_MAR02030	substrate	False
MAM00434	R_MAR02030	product	False
MAM00434	R_MAR02031	substrate	False
MAM01787	R_MAR02031	product	False
MAM01833	R_MAR02031	product	False
MAM00971	R_MAR02032	substrate	False
MAM00431	R_MAR02032	product	False
MAM00431	R_MAR02033	substrate	False
MAM00433	R_MAR02033	product	False
MAM00433	R_MAR02034	substrate	False
MAM01790	R_MAR02034	product	False
MAM01833	R_MAR02034	product	False
MAM01790	R_MAR02036	substrate	True
MAM01787	R_MAR02036	product	True
MAM01790	R_MAR02037	substrate	False
MAM01789	R_MAR02037	product	False
MAM01789	R_MAR02038	substrate	False
MAM01790	R_MAR02038	product	False
MAM01790	R_MAR02041	substrate	True
MAM01787	R_MAR02041	product	True
MAM01787	R_MAR02042	substrate	False
MAM00649	R_MAR02042	product	False
MAM01787	R_MAR02043	substrate	False
MAM00649	R_MAR02043	product	False
MAM00644	R_MAR02044	substrate	True
MAM00649	R_MAR02044	product	True
MAM00649	R_MAR02045	substrate	True
MAM00659	R_MAR02045	product	True
MAM01787	R_MAR02046	substrate	False
MAM00986	R_MAR02046	product	False
MAM01787	R_MAR02047	substrate	False
MAM00986	R_MAR02047	product	False
MAM00986	R_MAR02048	substrate	True
MAM01011	R_MAR02048	product	True
MAM01790	R_MAR02049	substrate	False
MAM01000	R_MAR02049	product	False
MAM01790	R_MAR02050	substrate	False
MAM01000	R_MAR02050	product	False
MAM01790	R_MAR02051	substrate	False
MAM01000	R_MAR02051	product	False
MAM01000	R_MAR02052	substrate	True
MAM01012	R_MAR02052	product	True
MAM01790	R_MAR02053	substrate	False
MAM00400	R_MAR02053	product	False
MAM01790	R_MAR02054	substrate	False
MAM00400	R_MAR02054	product	False
MAM01790	R_MAR02055	substrate	False
MAM00650	R_MAR02055	product	False
MAM01790	R_MAR02056	substrate	False
MAM00650	R_MAR02056	product	False
MAM01790	R_MAR02057	substrate	False
MAM00650	R_MAR02057	product	False
MAM00650	R_MAR02058	substrate	True
MAM00660	R_MAR02058	product	True
MAM00650	R_MAR02059	substrate	True
MAM00660	R_MAR02059	product	True
MAM00645	R_MAR02060	substrate	True
MAM00650	R_MAR02060	product	True
MAM00650	R_MAR02061	substrate	True
MAM01792	R_MAR02061	product	True
MAM00650	R_MAR02062	substrate	True
MAM01792	R_MAR02062	product	True
MAM00650	R_MAR02063	substrate	True
MAM01792	R_MAR02063	product	True
MAM01792	R_MAR02064	substrate	False
MAM01791	R_MAR02064	product	False
MAM02631	R_MAR02064	product	False
MAM00651	R_MAR02068	substrate	True
MAM01791	R_MAR02068	product	True
MAM02026	R_MAR02068	product	True
MAM00651	R_MAR02069	substrate	True
MAM01791	R_MAR02069	product	True
MAM02026	R_MAR02069	product	True
MAM00651	R_MAR02070	substrate	True
MAM01791	R_MAR02070	product	True
MAM02026	R_MAR02070	product	True
MAM00651	R_MAR02071	substrate	True
MAM01791	R_MAR02071	product	True
MAM02026	R_MAR02071	product	True
MAM00652	R_MAR02072	substrate	True
MAM01791	R_MAR02072	product	True
MAM02026	R_MAR02072	product	True
MAM00652	R_MAR02073	substrate	True
MAM01791	R_MAR02073	product	True
MAM02026	R_MAR02073	product	True
MAM00652	R_MAR02074	substrate	True
MAM01791	R_MAR02074	product	True
MAM02026	R_MAR02074	product	True
MAM00652	R_MAR02075	substrate	True
MAM01791	R_MAR02075	product	True
MAM02026	R_MAR02075	product	True
MAM01000	R_MAR02076	substrate	True
MAM01794	R_MAR02076	product	True
MAM01000	R_MAR02077	substrate	True
MAM01794	R_MAR02077	product	True
MAM01000	R_MAR02078	substrate	True
MAM01794	R_MAR02078	product	True
MAM01794	R_MAR02079	substrate	False
MAM01793	R_MAR02079	product	False
MAM02631	R_MAR02079	product	False
MAM01001	R_MAR02083	substrate	True
MAM01793	R_MAR02083	product	True
MAM02026	R_MAR02083	product	True
MAM01001	R_MAR02084	substrate	True
MAM01793	R_MAR02084	product	True
MAM02026	R_MAR02084	product	True
MAM01001	R_MAR02085	substrate	True
MAM01793	R_MAR02085	product	True
MAM02026	R_MAR02085	product	True
MAM01001	R_MAR02086	substrate	True
MAM01793	R_MAR02086	product	True
MAM02026	R_MAR02086	product	True
MAM00413	R_MAR02088	substrate	True
MAM00986	R_MAR02088	product	True
MAM00413	R_MAR02089	substrate	True
MAM00986	R_MAR02089	product	True
MAM00413	R_MAR02091	substrate	False
MAM00412	R_MAR02091	product	False
MAM02631	R_MAR02091	product	False
MAM00412	R_MAR02095	substrate	True
MAM02026	R_MAR02095	substrate	True
MAM00987	R_MAR02095	product	True
MAM00412	R_MAR02096	substrate	True
MAM02026	R_MAR02096	substrate	True
MAM00987	R_MAR02096	product	True
MAM00412	R_MAR02097	substrate	True
MAM02026	R_MAR02097	substrate	True
MAM00987	R_MAR02097	product	True
MAM00412	R_MAR02098	substrate	True
MAM02026	R_MAR02098	substrate	True
MAM00987	R_MAR02098	product	True
MAM00411	R_MAR02099	substrate	True
MAM00649	R_MAR02099	product	True
MAM00411	R_MAR02100	substrate	True
MAM00649	R_MAR02100	product	True
MAM00411	R_MAR02102	substrate	False
MAM00410	R_MAR02102	product	False
MAM02631	R_MAR02102	product	False
MAM00410	R_MAR02106	substrate	True
MAM02026	R_MAR02106	substrate	True
MAM00642	R_MAR02106	product	True
MAM00410	R_MAR02107	substrate	True
MAM02026	R_MAR02107	substrate	True
MAM00642	R_MAR02107	product	True
MAM00410	R_MAR02108	substrate	True
MAM02026	R_MAR02108	substrate	True
MAM00642	R_MAR02108	product	True
MAM00410	R_MAR02109	substrate	True
MAM02026	R_MAR02109	substrate	True
MAM00642	R_MAR02109	product	True
MAM00410	R_MAR02110	substrate	True
MAM02026	R_MAR02110	substrate	True
MAM00641	R_MAR02110	product	True
MAM00410	R_MAR02111	substrate	True
MAM02026	R_MAR02111	substrate	True
MAM00641	R_MAR02111	product	True
MAM00410	R_MAR02112	substrate	True
MAM02026	R_MAR02112	substrate	True
MAM00641	R_MAR02112	product	True
MAM00410	R_MAR02113	substrate	True
MAM02026	R_MAR02113	substrate	True
MAM00641	R_MAR02113	product	True
MAM02805	R_MAR02114	substrate	False
MAM03142	R_MAR02114	product	False
MAM03142	R_MAR02115	substrate	False
MAM01415	R_MAR02115	product	False
MAM03142	R_MAR02117	substrate	False
MAM01415	R_MAR02117	product	False
MAM01415	R_MAR02118	substrate	False
MAM01417	R_MAR02118	product	False
MAM02978	R_MAR02119	substrate	False
MAM03089	R_MAR02119	substrate	False
MAM01107	R_MAR02119	product	False
MAM01698	R_MAR02119	product	False
MAM01688	R_MAR02120	substrate	False
MAM01686	R_MAR02120	product	False
MAM02348	R_MAR02121	substrate	True
MAM02678	R_MAR02121	substrate	True
MAM02411	R_MAR02121	product	True
MAM02348	R_MAR02122	substrate	False
MAM02391	R_MAR02122	substrate	False
MAM02388	R_MAR02122	product	False
MAM01364	R_MAR02123	substrate	False
MAM02348	R_MAR02123	substrate	False
MAM01363	R_MAR02123	product	False
MAM01747	R_MAR02124	substrate	True
MAM01752	R_MAR02124	product	True
MAM01753	R_MAR02125	substrate	True
MAM01747	R_MAR02125	product	True
MAM02678	R_MAR02126	substrate	False
MAM02677	R_MAR02126	product	False
MAM02941	R_MAR02128	substrate	False
MAM02647	R_MAR02128	product	False
MAM01415	R_MAR02129	substrate	False
MAM00608	R_MAR02129	product	False
MAM00608	R_MAR02130	substrate	True
MAM01415	R_MAR02130	product	True
MAM00608	R_MAR02131	substrate	False
MAM00607	R_MAR02131	product	False
MAM00608	R_MAR02132	substrate	False
MAM00607	R_MAR02132	product	False
MAM00607	R_MAR02133	substrate	False
MAM00621	R_MAR02133	product	False
MAM00607	R_MAR02134	substrate	False
MAM00621	R_MAR02134	product	False
MAM00621	R_MAR02135	substrate	False
MAM00622	R_MAR02135	product	False
MAM00621	R_MAR02136	substrate	False
MAM00622	R_MAR02136	product	False
MAM01415	R_MAR02137	substrate	False
MAM00035	R_MAR02137	product	False
MAM01415	R_MAR02138	substrate	False
MAM00035	R_MAR02138	product	False
MAM00035	R_MAR02139	substrate	False
MAM01416	R_MAR02139	product	False
MAM00035	R_MAR02140	substrate	False
MAM01416	R_MAR02140	product	False
MAM01417	R_MAR02141	substrate	False
MAM01416	R_MAR02141	product	False
MAM01416	R_MAR02142	substrate	False
MAM00612	R_MAR02142	product	False
MAM01416	R_MAR02143	substrate	False
MAM00612	R_MAR02143	product	False
MAM00612	R_MAR02144	substrate	False
MAM00611	R_MAR02144	product	False
MAM00612	R_MAR02145	substrate	False
MAM00611	R_MAR02145	product	False
MAM02480	R_MAR02146	substrate	True
MAM02479	R_MAR02146	product	True
MAM02764	R_MAR02147	substrate	False
MAM02933	R_MAR02147	product	False
MAM02644	R_MAR02148	substrate	True
MAM00059	R_MAR02148	product	True
MAM02345	R_MAR02149	substrate	True
MAM00042	R_MAR02149	product	True
MAM00184	R_MAR02150	substrate	False
MAM01261	R_MAR02150	substrate	False
MAM01258	R_MAR02150	product	False
MAM00184	R_MAR02151	substrate	False
MAM02444	R_MAR02151	substrate	False
MAM02442	R_MAR02151	product	False
MAM01258	R_MAR02152	substrate	False
MAM02442	R_MAR02152	substrate	False
MAM00184	R_MAR02152	product	False
MAM01254	R_MAR02152	product	False
MAM01254	R_MAR02153	substrate	False
MAM00158	R_MAR02153	product	False
MAM00158	R_MAR02154	substrate	False
MAM01409	R_MAR02154	product	False
MAM01409	R_MAR02155	substrate	False
MAM01411	R_MAR02155	product	False
MAM01411	R_MAR02156	substrate	False
MAM02442	R_MAR02156	substrate	False
MAM00184	R_MAR02156	product	False
MAM00881	R_MAR02156	product	False
MAM00881	R_MAR02157	substrate	False
MAM01635	R_MAR02157	product	False
MAM01635	R_MAR02158	substrate	False
MAM00052	R_MAR02158	product	False
MAM00052	R_MAR02159	substrate	False
MAM02121	R_MAR02159	product	False
MAM02121	R_MAR02160	substrate	False
MAM02442	R_MAR02160	substrate	False
MAM00184	R_MAR02160	product	False
MAM00891	R_MAR02160	product	False
MAM00891	R_MAR02161	substrate	False
MAM00161	R_MAR02161	product	False
MAM00161	R_MAR02162	substrate	False
MAM00058	R_MAR02162	product	False
MAM00058	R_MAR02163	substrate	False
MAM02643	R_MAR02163	product	False
MAM02442	R_MAR02164	substrate	False
MAM02643	R_MAR02164	substrate	False
MAM00184	R_MAR02164	product	False
MAM00857	R_MAR02164	product	False
MAM00857	R_MAR02165	substrate	False
MAM00160	R_MAR02165	product	False
MAM00160	R_MAR02166	substrate	False
MAM00038	R_MAR02166	product	False
MAM00038	R_MAR02167	substrate	False
MAM01649	R_MAR02167	product	False
MAM01649	R_MAR02168	substrate	False
MAM02442	R_MAR02168	substrate	False
MAM00184	R_MAR02168	product	False
MAM00867	R_MAR02168	product	False
MAM00867	R_MAR02169	substrate	False
MAM01634	R_MAR02169	product	False
MAM01634	R_MAR02170	substrate	False
MAM00041	R_MAR02170	product	False
MAM00041	R_MAR02171	substrate	False
MAM01728	R_MAR02171	product	False
MAM01728	R_MAR02172	substrate	False
MAM00184	R_MAR02172	product	False
MAM02344	R_MAR02172	product	False
MAM01728	R_MAR02173	substrate	False
MAM02442	R_MAR02173	substrate	False
MAM00184	R_MAR02173	product	False
MAM00905	R_MAR02173	product	False
MAM00905	R_MAR02174	substrate	True
MAM02130	R_MAR02174	product	True
MAM02130	R_MAR02175	substrate	False
MAM00065	R_MAR02175	product	False
MAM00065	R_MAR02176	substrate	False
MAM02972	R_MAR02176	product	False
MAM02972	R_MAR02177	substrate	False
MAM00184	R_MAR02177	product	False
MAM02494	R_MAR02177	product	False
MAM02442	R_MAR02178	substrate	False
MAM02972	R_MAR02178	substrate	False
MAM00184	R_MAR02178	product	False
MAM00880	R_MAR02178	product	False
MAM00880	R_MAR02179	substrate	False
MAM00162	R_MAR02179	product	False
MAM00162	R_MAR02180	substrate	False
MAM00050	R_MAR02180	product	False
MAM00050	R_MAR02181	substrate	False
MAM02115	R_MAR02181	product	False
MAM02115	R_MAR02182	substrate	False
MAM00184	R_MAR02182	product	False
MAM02674	R_MAR02182	product	False
MAM02495	R_MAR02183	substrate	True
MAM00066	R_MAR02183	product	True
MAM00619	R_MAR02184	substrate	True
MAM01182	R_MAR02184	product	True
MAM01155	R_MAR02186	substrate	True
MAM01704	R_MAR02186	product	True
MAM01650	R_MAR02187	substrate	True
MAM00039	R_MAR02187	product	True
MAM00726	R_MAR02188	substrate	True
MAM00727	R_MAR02188	product	True
MAM00726	R_MAR02189	substrate	False
MAM00727	R_MAR02189	product	False
MAM02444	R_MAR02190	substrate	False
MAM02678	R_MAR02190	substrate	False
MAM00890	R_MAR02190	product	False
MAM00890	R_MAR02191	substrate	False
MAM00793	R_MAR02191	product	False
MAM00818	R_MAR02192	substrate	True
MAM02137	R_MAR02192	product	True
MAM00793	R_MAR02193	substrate	False
MAM00057	R_MAR02193	product	False
MAM00057	R_MAR02194	substrate	False
MAM02941	R_MAR02194	product	False
MAM00818	R_MAR02195	substrate	False
MAM02137	R_MAR02195	product	False
MAM00820	R_MAR02196	substrate	True
MAM03136	R_MAR02196	product	True
MAM00820	R_MAR02197	substrate	False
MAM03136	R_MAR02197	product	False
MAM03127	R_MAR02198	substrate	True
MAM01605	R_MAR02198	product	True
MAM02336	R_MAR02200	substrate	False
MAM00941	R_MAR02200	product	False
MAM01833	R_MAR02200	product	False
MAM02444	R_MAR02201	substrate	False
MAM02941	R_MAR02201	substrate	False
MAM00872	R_MAR02201	product	False
MAM00872	R_MAR02202	substrate	False
MAM00777	R_MAR02202	product	False
MAM00777	R_MAR02203	substrate	False
MAM00043	R_MAR02203	product	False
MAM00043	R_MAR02204	substrate	False
MAM01773	R_MAR02204	product	False
MAM01773	R_MAR02205	substrate	False
MAM02444	R_MAR02205	substrate	False
MAM00866	R_MAR02205	product	False
MAM02343	R_MAR02206	substrate	True
MAM01066	R_MAR02206	product	True
MAM00053	R_MAR02207	substrate	True
MAM02122	R_MAR02207	product	True
MAM00866	R_MAR02208	substrate	False
MAM00776	R_MAR02208	product	False
MAM00776	R_MAR02209	substrate	False
MAM00040	R_MAR02209	product	False
MAM00040	R_MAR02210	substrate	False
MAM01725	R_MAR02210	product	False
MAM01725	R_MAR02211	substrate	False
MAM02444	R_MAR02211	substrate	False
MAM00904	R_MAR02211	product	False
MAM00904	R_MAR02212	substrate	False
MAM00800	R_MAR02212	product	False
MAM00800	R_MAR02213	substrate	False
MAM00064	R_MAR02213	product	False
MAM00064	R_MAR02214	substrate	False
MAM02971	R_MAR02214	product	False
MAM02444	R_MAR02215	substrate	False
MAM02971	R_MAR02215	substrate	False
MAM00878	R_MAR02215	product	False
MAM00878	R_MAR02217	substrate	False
MAM00783	R_MAR02217	product	False
MAM00783	R_MAR02218	substrate	False
MAM00049	R_MAR02218	product	False
MAM00049	R_MAR02219	substrate	False
MAM02110	R_MAR02219	product	False
MAM00184	R_MAR02227	substrate	False
MAM02774	R_MAR02227	substrate	False
MAM02773	R_MAR02227	product	False
MAM02442	R_MAR02228	substrate	False
MAM02773	R_MAR02228	substrate	False
MAM00184	R_MAR02228	product	False
MAM00898	R_MAR02228	product	False
MAM00898	R_MAR02229	substrate	False
MAM00796	R_MAR02229	product	False
MAM00796	R_MAR02230	substrate	False
MAM00062	R_MAR02230	product	False
MAM00062	R_MAR02231	substrate	False
MAM02693	R_MAR02231	product	False
MAM02442	R_MAR02232	substrate	False
MAM02693	R_MAR02232	substrate	False
MAM00184	R_MAR02232	product	False
MAM00876	R_MAR02232	product	False
MAM00876	R_MAR02233	substrate	False
MAM00781	R_MAR02233	product	False
MAM00781	R_MAR02234	substrate	False
MAM00047	R_MAR02234	product	False
MAM00047	R_MAR02235	substrate	False
MAM02106	R_MAR02235	product	False
MAM02106	R_MAR02236	substrate	False
MAM02442	R_MAR02236	substrate	False
MAM00184	R_MAR02236	product	False
MAM00888	R_MAR02236	product	False
MAM00888	R_MAR02237	substrate	False
MAM00791	R_MAR02237	product	False
MAM00791	R_MAR02238	substrate	False
MAM00055	R_MAR02238	product	False
MAM00055	R_MAR02239	substrate	False
MAM02615	R_MAR02239	product	False
MAM02442	R_MAR02240	substrate	False
MAM02615	R_MAR02240	substrate	False
MAM00184	R_MAR02240	product	False
MAM00910	R_MAR02240	product	False
MAM00910	R_MAR02241	substrate	False
MAM00805	R_MAR02241	product	False
MAM00805	R_MAR02242	substrate	False
MAM00070	R_MAR02242	product	False
MAM00070	R_MAR02243	substrate	False
MAM03115	R_MAR02243	product	False
MAM02442	R_MAR02244	substrate	False
MAM03115	R_MAR02244	substrate	False
MAM00184	R_MAR02244	product	False
MAM00908	R_MAR02244	product	False
MAM00908	R_MAR02245	substrate	False
MAM00803	R_MAR02245	product	False
MAM00803	R_MAR02246	substrate	False
MAM00068	R_MAR02246	product	False
MAM00068	R_MAR02247	substrate	False
MAM03048	R_MAR02247	product	False
MAM03048	R_MAR02248	substrate	False
MAM00184	R_MAR02248	product	False
MAM03051	R_MAR02248	product	False
MAM02442	R_MAR02249	substrate	False
MAM03048	R_MAR02249	substrate	False
MAM00184	R_MAR02249	product	False
MAM00896	R_MAR02249	product	False
MAM00896	R_MAR02250	substrate	False
MAM00794	R_MAR02250	product	False
MAM00794	R_MAR02251	substrate	False
MAM00060	R_MAR02251	product	False
MAM00060	R_MAR02252	substrate	False
MAM02687	R_MAR02252	product	False
MAM02687	R_MAR02253	substrate	False
MAM00184	R_MAR02253	product	False
MAM02690	R_MAR02253	product	False
MAM02442	R_MAR02254	substrate	False
MAM02687	R_MAR02254	substrate	False
MAM00184	R_MAR02254	product	False
MAM00874	R_MAR02254	product	False
MAM00874	R_MAR02255	substrate	False
MAM00779	R_MAR02255	product	False
MAM00779	R_MAR02256	substrate	False
MAM00045	R_MAR02256	product	False
MAM00045	R_MAR02257	substrate	False
MAM02099	R_MAR02257	product	False
MAM02099	R_MAR02258	substrate	False
MAM00184	R_MAR02258	product	False
MAM02456	R_MAR02258	product	False
MAM02101	R_MAR02259	substrate	False
MAM02444	R_MAR02259	substrate	False
MAM00887	R_MAR02259	product	False
MAM00887	R_MAR02260	substrate	False
MAM00790	R_MAR02260	product	False
MAM00790	R_MAR02261	substrate	False
MAM00054	R_MAR02261	product	False
MAM00054	R_MAR02262	substrate	False
MAM02612	R_MAR02262	product	False
MAM02444	R_MAR02263	substrate	False
MAM02612	R_MAR02263	substrate	False
MAM00873	R_MAR02263	product	False
MAM00873	R_MAR02264	substrate	False
MAM00778	R_MAR02264	product	False
MAM00778	R_MAR02265	substrate	False
MAM00044	R_MAR02265	product	False
MAM00044	R_MAR02266	substrate	False
MAM02052	R_MAR02266	product	False
MAM02052	R_MAR02267	substrate	False
MAM02444	R_MAR02267	substrate	False
MAM00907	R_MAR02267	product	False
MAM00907	R_MAR02268	substrate	False
MAM00802	R_MAR02268	product	False
MAM00802	R_MAR02269	substrate	False
MAM00067	R_MAR02269	product	False
MAM00067	R_MAR02270	substrate	False
MAM03047	R_MAR02270	product	False
MAM02495	R_MAR02281	substrate	False
MAM00129	R_MAR02281	product	False
MAM02495	R_MAR02282	substrate	False
MAM00118	R_MAR02282	product	False
MAM02495	R_MAR02284	substrate	False
MAM01141	R_MAR02284	product	False
MAM02678	R_MAR02286	substrate	False
MAM02677	R_MAR02286	product	False
MAM02678	R_MAR02287	substrate	False
MAM01191	R_MAR02287	product	False
MAM02101	R_MAR02288	substrate	False
MAM00004	R_MAR02288	product	False
MAM02101	R_MAR02289	substrate	False
MAM01237	R_MAR02289	product	False
MAM02941	R_MAR02292	substrate	False
MAM00020	R_MAR02292	product	False
MAM02941	R_MAR02293	substrate	False
MAM01586	R_MAR02293	product	False
MAM02941	R_MAR02294	substrate	False
MAM02647	R_MAR02294	product	False
MAM02941	R_MAR02295	substrate	False
MAM00127	R_MAR02295	product	False
MAM02941	R_MAR02296	substrate	False
MAM00116	R_MAR02296	product	False
MAM00367	R_MAR02300	substrate	False
MAM00953	R_MAR02300	product	False
MAM00809	R_MAR02301	substrate	True
MAM00968	R_MAR02301	product	True
MAM00968	R_MAR02302	substrate	False
MAM03158	R_MAR02302	product	False
MAM02444	R_MAR02305	substrate	False
MAM02647	R_MAR02305	substrate	False
MAM00840	R_MAR02305	product	False
MAM00051	R_MAR02306	substrate	False
MAM01450	R_MAR02306	substrate	False
MAM01505	R_MAR02306	product	False
MAM00840	R_MAR02307	substrate	False
MAM00700	R_MAR02307	product	False
MAM00051	R_MAR02308	substrate	False
MAM02914	R_MAR02308	substrate	False
MAM00497	R_MAR02308	product	False
MAM00700	R_MAR02309	substrate	False
MAM03012	R_MAR02309	product	False
MAM02675	R_MAR02310	substrate	False
MAM00051	R_MAR02310	product	False
MAM03012	R_MAR02311	substrate	False
MAM00007	R_MAR02311	product	False
MAM02675	R_MAR02312	substrate	False
MAM00051	R_MAR02312	product	False
MAM02939	R_MAR02313	substrate	False
MAM02941	R_MAR02313	product	False
MAM02389	R_MAR02314	substrate	False
MAM01934	R_MAR02314	product	False
MAM00007	R_MAR02315	substrate	False
MAM02444	R_MAR02315	substrate	False
MAM00842	R_MAR02315	product	False
MAM00842	R_MAR02317	substrate	False
MAM00701	R_MAR02317	product	False
MAM00701	R_MAR02319	substrate	False
MAM03013	R_MAR02319	product	False
MAM03013	R_MAR02321	substrate	False
MAM00016	R_MAR02321	product	False
MAM02115	R_MAR02322	substrate	False
MAM02442	R_MAR02322	substrate	False
MAM00184	R_MAR02322	product	False
MAM03390	R_MAR02322	product	False
MAM03390	R_MAR02323	substrate	False
MAM03391	R_MAR02323	product	False
MAM00016	R_MAR02324	substrate	False
MAM02444	R_MAR02324	substrate	False
MAM00856	R_MAR02324	product	False
MAM03391	R_MAR02325	substrate	False
MAM03392	R_MAR02325	product	False
MAM00856	R_MAR02326	substrate	False
MAM00709	R_MAR02326	product	False
MAM03392	R_MAR02327	substrate	False
MAM03389	R_MAR02327	product	False
MAM00709	R_MAR02328	substrate	False
MAM03015	R_MAR02328	product	False
MAM03389	R_MAR02329	substrate	False
MAM00184	R_MAR02329	product	False
MAM02938	R_MAR02329	product	False
MAM03015	R_MAR02330	substrate	False
MAM00025	R_MAR02330	product	False
MAM00025	R_MAR02332	substrate	False
MAM02444	R_MAR02332	substrate	False
MAM00879	R_MAR02332	product	False
MAM00879	R_MAR02334	substrate	False
MAM00715	R_MAR02334	product	False
MAM00715	R_MAR02336	substrate	False
MAM03016	R_MAR02336	product	False
MAM03158	R_MAR02337	substrate	True
MAM01449	R_MAR02337	product	True
MAM03016	R_MAR02338	substrate	False
MAM02112	R_MAR02338	product	False
MAM02343	R_MAR02339	substrate	True
MAM01449	R_MAR02339	product	True
MAM02008	R_MAR02341	substrate	False
MAM01910	R_MAR02341	product	False
MAM02011	R_MAR02341	product	False
MAM01586	R_MAR02342	substrate	False
MAM02444	R_MAR02342	substrate	False
MAM00843	R_MAR02342	product	False
MAM00843	R_MAR02343	substrate	False
MAM00702	R_MAR02343	product	False
MAM00702	R_MAR02344	substrate	False
MAM03014	R_MAR02344	product	False
MAM03014	R_MAR02345	substrate	False
MAM00018	R_MAR02345	product	False
MAM00116	R_MAR02347	substrate	False
MAM02444	R_MAR02347	substrate	False
MAM00852	R_MAR02347	product	False
MAM00852	R_MAR02348	substrate	False
MAM00707	R_MAR02348	product	False
MAM00707	R_MAR02349	substrate	False
MAM03018	R_MAR02349	product	False
MAM03018	R_MAR02350	substrate	False
MAM01236	R_MAR02350	product	False
MAM01637	R_MAR02352	substrate	False
MAM01285	R_MAR02352	product	False
MAM01236	R_MAR02353	substrate	False
MAM02444	R_MAR02353	substrate	False
MAM00839	R_MAR02353	product	False
MAM00839	R_MAR02354	substrate	False
MAM00699	R_MAR02354	product	False
MAM00699	R_MAR02355	substrate	False
MAM03011	R_MAR02355	product	False
MAM03011	R_MAR02356	substrate	False
MAM00006	R_MAR02356	product	False
MAM01680	R_MAR02357	substrate	False
MAM01948	R_MAR02357	product	False
MAM02647	R_MAR02359	substrate	False
MAM00106	R_MAR02359	product	False
MAM00106	R_MAR02361	substrate	False
MAM02444	R_MAR02361	substrate	False
MAM00871	R_MAR02361	product	False
MAM00871	R_MAR02362	substrate	False
MAM00704	R_MAR02362	product	False
MAM00704	R_MAR02363	substrate	False
MAM03017	R_MAR02363	product	False
MAM03017	R_MAR02364	substrate	False
MAM00123	R_MAR02364	product	False
MAM00123	R_MAR02365	substrate	False
MAM00101	R_MAR02365	product	False
MAM02391	R_MAR02368	substrate	False
MAM01934	R_MAR02368	product	False
MAM01934	R_MAR02371	substrate	False
MAM02444	R_MAR02371	substrate	False
MAM00859	R_MAR02371	product	False
MAM00859	R_MAR02374	substrate	False
MAM00710	R_MAR02374	product	False
MAM01934	R_MAR02375	substrate	False
MAM02444	R_MAR02375	substrate	False
MAM01697	R_MAR02375	product	False
MAM00710	R_MAR02376	substrate	False
MAM03029	R_MAR02376	product	False
MAM03029	R_MAR02378	substrate	False
MAM01697	R_MAR02378	product	False
MAM01697	R_MAR02380	substrate	False
MAM01364	R_MAR02380	product	False
MAM00893	R_MAR02381	substrate	False
MAM01261	R_MAR02381	product	False
MAM02677	R_MAR02381	product	False
MAM01364	R_MAR02383	substrate	False
MAM02444	R_MAR02383	substrate	False
MAM00864	R_MAR02383	product	False
MAM00864	R_MAR02387	substrate	False
MAM00714	R_MAR02387	product	False
MAM00714	R_MAR02389	substrate	False
MAM00074	R_MAR02389	product	False
MAM00074	R_MAR02391	substrate	False
MAM00119	R_MAR02391	product	False
MAM00119	R_MAR02393	substrate	False
MAM00093	R_MAR02393	product	False
MAM00119	R_MAR02395	substrate	False
MAM02444	R_MAR02395	substrate	False
MAM00903	R_MAR02395	product	False
MAM00903	R_MAR02397	substrate	False
MAM00716	R_MAR02397	product	False
MAM00716	R_MAR02399	substrate	False
MAM00681	R_MAR02399	product	False
MAM00681	R_MAR02401	substrate	False
MAM00131	R_MAR02401	product	False
MAM00131	R_MAR02403	substrate	False
MAM00110	R_MAR02403	product	False
MAM00110	R_MAR02408	substrate	False
MAM03028	R_MAR02408	product	False
MAM03028	R_MAR02409	substrate	False
MAM00717	R_MAR02409	product	False
MAM00717	R_MAR02410	substrate	False
MAM00853	R_MAR02410	product	False
MAM00853	R_MAR02411	substrate	False
MAM00093	R_MAR02411	product	False
MAM01261	R_MAR02411	product	False
MAM01697	R_MAR02415	substrate	False
MAM02444	R_MAR02415	substrate	False
MAM00865	R_MAR02415	product	False
MAM00865	R_MAR02417	substrate	False
MAM00698	R_MAR02417	product	False
MAM00698	R_MAR02419	substrate	False
MAM03004	R_MAR02419	product	False
MAM03004	R_MAR02421	substrate	False
MAM00264	R_MAR02421	product	False
MAM02391	R_MAR02423	substrate	False
MAM02444	R_MAR02423	substrate	False
MAM00870	R_MAR02423	product	False
MAM00870	R_MAR02426	substrate	False
MAM00087	R_MAR02426	product	False
MAM00087	R_MAR02428	substrate	False
MAM03007	R_MAR02428	product	False
MAM03007	R_MAR02430	substrate	False
MAM00009	R_MAR02430	product	False
MAM00009	R_MAR02433	substrate	False
MAM02444	R_MAR02433	substrate	False
MAM00860	R_MAR02433	product	False
MAM00860	R_MAR02434	substrate	False
MAM00085	R_MAR02434	product	False
MAM00085	R_MAR02435	substrate	False
MAM03008	R_MAR02435	product	False
MAM03008	R_MAR02436	substrate	False
MAM00023	R_MAR02436	product	False
MAM02387	R_MAR02437	substrate	False
MAM01217	R_MAR02437	product	False
MAM01217	R_MAR02438	substrate	True
MAM01243	R_MAR02438	product	True
MAM02387	R_MAR02439	substrate	False
MAM00298	R_MAR02439	product	False
MAM02387	R_MAR02440	substrate	False
MAM00337	R_MAR02440	product	False
MAM00337	R_MAR02441	substrate	False
MAM00336	R_MAR02441	product	False
MAM00337	R_MAR02442	substrate	True
MAM00983	R_MAR02442	product	True
MAM02614	R_MAR02442	product	True
MAM00337	R_MAR02443	substrate	True
MAM01824	R_MAR02443	substrate	True
MAM00363	R_MAR02443	product	True
MAM01826	R_MAR02443	product	True
MAM00362	R_MAR02444	substrate	True
MAM02695	R_MAR02444	substrate	True
MAM00363	R_MAR02444	product	True
MAM00313	R_MAR02445	substrate	True
MAM00363	R_MAR02445	product	True
MAM00312	R_MAR02446	substrate	True
MAM02489	R_MAR02446	substrate	True
MAM00313	R_MAR02446	product	True
MAM01368	R_MAR02446	product	True
MAM00311	R_MAR02447	substrate	True
MAM01824	R_MAR02447	substrate	True
MAM00312	R_MAR02447	product	True
MAM01826	R_MAR02447	product	True
MAM00311	R_MAR02448	substrate	True
MAM02641	R_MAR02448	product	True
MAM03036	R_MAR02448	product	True
MAM00311	R_MAR02449	substrate	False
MAM01218	R_MAR02449	product	False
MAM02147	R_MAR02449	product	False
MAM01218	R_MAR02450	substrate	False
MAM00533	R_MAR02450	product	False
MAM00533	R_MAR02451	substrate	True
MAM01027	R_MAR02451	product	True
MAM01372	R_MAR02451	product	True
MAM00533	R_MAR02452	substrate	True
MAM00731	R_MAR02452	product	True
MAM01372	R_MAR02452	product	True
MAM00983	R_MAR02453	substrate	True
MAM01027	R_MAR02453	product	True
MAM00731	R_MAR02454	substrate	True
MAM00988	R_MAR02454	product	True
MAM02387	R_MAR02455	substrate	False
MAM01216	R_MAR02455	product	False
MAM02387	R_MAR02456	substrate	False
MAM01216	R_MAR02456	product	False
MAM02387	R_MAR02457	substrate	False
MAM00305	R_MAR02457	product	False
MAM02387	R_MAR02458	substrate	False
MAM00305	R_MAR02458	product	False
MAM01216	R_MAR02459	substrate	True
MAM01220	R_MAR02459	product	True
MAM01216	R_MAR02460	substrate	True
MAM01220	R_MAR02460	product	True
MAM01220	R_MAR02461	substrate	True
MAM03109	R_MAR02461	substrate	True
MAM01240	R_MAR02461	product	True
MAM01220	R_MAR02462	substrate	False
MAM03109	R_MAR02462	substrate	False
MAM01240	R_MAR02462	product	False
MAM00274	R_MAR02463	substrate	True
MAM01220	R_MAR02463	product	True
MAM03109	R_MAR02463	product	True
MAM01220	R_MAR02464	substrate	False
MAM03109	R_MAR02464	substrate	False
MAM00274	R_MAR02464	product	False
MAM00305	R_MAR02465	substrate	True
MAM00314	R_MAR02465	product	True
MAM00305	R_MAR02466	substrate	True
MAM00314	R_MAR02466	product	True
MAM00314	R_MAR02467	substrate	True
MAM03109	R_MAR02467	substrate	True
MAM00323	R_MAR02467	product	True
MAM00314	R_MAR02468	substrate	False
MAM03109	R_MAR02468	substrate	False
MAM00323	R_MAR02468	product	False
MAM00314	R_MAR02469	substrate	True
MAM03109	R_MAR02469	substrate	True
MAM00327	R_MAR02469	product	True
MAM00314	R_MAR02470	substrate	False
MAM03109	R_MAR02470	substrate	False
MAM00327	R_MAR02470	product	False
MAM02390	R_MAR02472	substrate	False
MAM00108	R_MAR02472	product	False
MAM00108	R_MAR02475	substrate	False
MAM02444	R_MAR02475	substrate	False
MAM00811	R_MAR02475	product	False
MAM00811	R_MAR02478	substrate	False
MAM00708	R_MAR02478	product	False
MAM00708	R_MAR02480	substrate	False
MAM01769	R_MAR02480	product	False
MAM01769	R_MAR02482	substrate	False
MAM00125	R_MAR02482	product	False
MAM03316	R_MAR02483	substrate	False
MAM03321	R_MAR02483	product	False
MAM00125	R_MAR02484	substrate	False
MAM00103	R_MAR02484	product	False
MAM03316	R_MAR02485	substrate	False
MAM03321	R_MAR02485	product	False
MAM00103	R_MAR02486	substrate	False
MAM02444	R_MAR02486	substrate	False
MAM00863	R_MAR02486	product	False
MAM02941	R_MAR02487	substrate	True
MAM02938	R_MAR02487	product	True
MAM02941	R_MAR02488	substrate	True
MAM02938	R_MAR02488	product	True
MAM00863	R_MAR02489	substrate	False
MAM00713	R_MAR02489	product	False
MAM00713	R_MAR02491	substrate	False
MAM00679	R_MAR02491	product	False
MAM00083	R_MAR02492	substrate	True
MAM00884	R_MAR02492	product	True
MAM00679	R_MAR02493	substrate	False
MAM00121	R_MAR02493	product	False
MAM01773	R_MAR02494	substrate	False
MAM02444	R_MAR02494	substrate	False
MAM00866	R_MAR02494	product	False
MAM00121	R_MAR02495	substrate	False
MAM00095	R_MAR02495	product	False
MAM00040	R_MAR02496	substrate	True
MAM01725	R_MAR02496	product	True
MAM00121	R_MAR02497	substrate	False
MAM02444	R_MAR02497	substrate	False
MAM00853	R_MAR02497	product	False
MAM01725	R_MAR02498	substrate	False
MAM02444	R_MAR02498	substrate	False
MAM00904	R_MAR02498	product	False
MAM00853	R_MAR02499	substrate	False
MAM00718	R_MAR02499	product	False
MAM01773	R_MAR02500	substrate	True
MAM01771	R_MAR02500	product	True
MAM00718	R_MAR02501	substrate	False
MAM00680	R_MAR02501	product	False
MAM01773	R_MAR02502	substrate	True
MAM01771	R_MAR02502	product	True
MAM00680	R_MAR02503	substrate	False
MAM00134	R_MAR02503	product	False
MAM01725	R_MAR02504	substrate	True
MAM01373	R_MAR02504	product	True
MAM00134	R_MAR02505	substrate	False
MAM00113	R_MAR02505	product	False
MAM01725	R_MAR02506	substrate	True
MAM01373	R_MAR02506	product	True
MAM02971	R_MAR02507	substrate	True
MAM02385	R_MAR02507	product	True
MAM02971	R_MAR02508	substrate	True
MAM02385	R_MAR02508	product	True
MAM00113	R_MAR02510	substrate	False
MAM01664	R_MAR02510	product	False
MAM01664	R_MAR02511	substrate	False
MAM00801	R_MAR02511	product	False
MAM00801	R_MAR02512	substrate	False
MAM00814	R_MAR02512	product	False
MAM00814	R_MAR02513	substrate	False
MAM00095	R_MAR02513	product	False
MAM01261	R_MAR02513	product	False
MAM00125	R_MAR02515	substrate	False
MAM02444	R_MAR02515	substrate	False
MAM00861	R_MAR02515	product	False
MAM00861	R_MAR02516	substrate	False
MAM00711	R_MAR02516	product	False
MAM00711	R_MAR02518	substrate	False
MAM03002	R_MAR02518	product	False
MAM02444	R_MAR02519	substrate	False
MAM02678	R_MAR02519	substrate	False
MAM00890	R_MAR02519	product	False
MAM03002	R_MAR02520	substrate	False
MAM00262	R_MAR02520	product	False
MAM00890	R_MAR02521	substrate	True
MAM00793	R_MAR02521	product	True
MAM00262	R_MAR02522	substrate	False
MAM02444	R_MAR02522	substrate	False
MAM00901	R_MAR02522	product	False
MAM00793	R_MAR02523	substrate	True
MAM00057	R_MAR02523	product	True
MAM00901	R_MAR02524	substrate	False
MAM00716	R_MAR02524	product	False
MAM00057	R_MAR02525	substrate	True
MAM02941	R_MAR02525	product	True
MAM00716	R_MAR02526	substrate	False
MAM03003	R_MAR02526	product	False
MAM00969	R_MAR02527	substrate	True
MAM00557	R_MAR02527	product	True
MAM03003	R_MAR02528	substrate	False
MAM00317	R_MAR02528	product	False
MAM02986	R_MAR02529	substrate	True
MAM02158	R_MAR02529	product	True
MAM02390	R_MAR02530	substrate	False
MAM02444	R_MAR02530	substrate	False
MAM00869	R_MAR02530	product	False
MAM02986	R_MAR02531	substrate	True
MAM02158	R_MAR02531	product	True
MAM00869	R_MAR02533	substrate	False
MAM00086	R_MAR02533	product	False
MAM00086	R_MAR02535	substrate	False
MAM03005	R_MAR02535	product	False
MAM00721	R_MAR02536	substrate	True
MAM00720	R_MAR02536	product	True
MAM03005	R_MAR02537	substrate	False
MAM00012	R_MAR02537	product	False
MAM00721	R_MAR02538	substrate	True
MAM00720	R_MAR02538	product	True
MAM00737	R_MAR02539	substrate	True
MAM00736	R_MAR02539	product	True
MAM00012	R_MAR02540	substrate	False
MAM02444	R_MAR02540	substrate	False
MAM00862	R_MAR02540	product	False
MAM00862	R_MAR02541	substrate	False
MAM00712	R_MAR02541	product	False
MAM00712	R_MAR02542	substrate	False
MAM03006	R_MAR02542	product	False
MAM03006	R_MAR02543	substrate	False
MAM00343	R_MAR02543	product	False
MAM01784	R_MAR02544	substrate	False
MAM01041	R_MAR02544	product	False
MAM01039	R_MAR02545	substrate	True
MAM01041	R_MAR02545	product	True
MAM01039	R_MAR02546	substrate	True
MAM01125	R_MAR02546	product	True
MAM01039	R_MAR02548	substrate	True
MAM01125	R_MAR02548	product	True
MAM01041	R_MAR02549	substrate	True
MAM02363	R_MAR02549	product	True
MAM02363	R_MAR02550	substrate	False
MAM01049	R_MAR02550	product	False
MAM02363	R_MAR02551	substrate	True
MAM02365	R_MAR02551	product	True
MAM02026	R_MAR02552	substrate	True
MAM02363	R_MAR02552	substrate	True
MAM02367	R_MAR02552	product	True
MAM02365	R_MAR02553	substrate	False
MAM00595	R_MAR02553	product	False
MAM02365	R_MAR02555	substrate	False
MAM00595	R_MAR02555	product	False
MAM02367	R_MAR02556	substrate	True
MAM01974	R_MAR02556	product	True
MAM02368	R_MAR02556	product	True
MAM01784	R_MAR02557	substrate	False
MAM00375	R_MAR02557	product	False
MAM00375	R_MAR02558	substrate	False
MAM00379	R_MAR02558	product	False
MAM00376	R_MAR02559	substrate	True
MAM00379	R_MAR02559	product	True
MAM00373	R_MAR02560	substrate	True
MAM00375	R_MAR02560	product	True
MAM00373	R_MAR02561	substrate	False
MAM01038	R_MAR02561	product	False
MAM01038	R_MAR02562	substrate	False
MAM00389	R_MAR02562	product	False
MAM01038	R_MAR02563	substrate	False
MAM00387	R_MAR02563	product	False
MAM01784	R_MAR02565	substrate	False
MAM01041	R_MAR02565	product	False
MAM01784	R_MAR02566	substrate	False
MAM00375	R_MAR02566	product	False
MAM00373	R_MAR02567	substrate	True
MAM00375	R_MAR02567	product	True
MAM00373	R_MAR02568	substrate	False
MAM01038	R_MAR02568	product	False
MAM01784	R_MAR02570	substrate	False
MAM00375	R_MAR02570	product	False
MAM00373	R_MAR02571	substrate	True
MAM00375	R_MAR02571	product	True
MAM00373	R_MAR02572	substrate	False
MAM01038	R_MAR02572	product	False
MAM01038	R_MAR02573	substrate	False
MAM00387	R_MAR02573	product	False
MAM01038	R_MAR02574	substrate	False
MAM00389	R_MAR02574	product	False
MAM01784	R_MAR02576	substrate	False
MAM00375	R_MAR02576	product	False
MAM00373	R_MAR02577	substrate	True
MAM00375	R_MAR02577	product	True
MAM00373	R_MAR02578	substrate	False
MAM01038	R_MAR02578	product	False
MAM01038	R_MAR02579	substrate	False
MAM00387	R_MAR02579	product	False
MAM01038	R_MAR02580	substrate	False
MAM00389	R_MAR02580	product	False
MAM01784	R_MAR02581	substrate	False
MAM02716	R_MAR02581	product	False
MAM01784	R_MAR02582	substrate	False
MAM02716	R_MAR02582	product	False
MAM02716	R_MAR02583	substrate	True
MAM02787	R_MAR02583	product	True
MAM02716	R_MAR02584	substrate	True
MAM02787	R_MAR02584	product	True
MAM01784	R_MAR02585	substrate	False
MAM00028	R_MAR02585	product	False
MAM00028	R_MAR02586	substrate	False
MAM01056	R_MAR02586	product	False
MAM01046	R_MAR02587	substrate	True
MAM01056	R_MAR02587	product	True
MAM00737	R_MAR02589	substrate	True
MAM00736	R_MAR02589	product	True
MAM02634	R_MAR02591	substrate	True
MAM01261	R_MAR02591	product	True
MAM02348	R_MAR02591	product	True
MAM02634	R_MAR02593	substrate	True
MAM01261	R_MAR02593	product	True
MAM02348	R_MAR02593	product	True
MAM02657	R_MAR02594	substrate	True
MAM02348	R_MAR02594	product	True
MAM02774	R_MAR02594	product	True
MAM00829	R_MAR02595	substrate	True
MAM00828	R_MAR02595	product	True
MAM00829	R_MAR02597	substrate	True
MAM00828	R_MAR02597	product	True
MAM02657	R_MAR02598	substrate	True
MAM02348	R_MAR02598	product	True
MAM02774	R_MAR02598	product	True
MAM02443	R_MAR02599	substrate	True
MAM02348	R_MAR02599	product	True
MAM02444	R_MAR02599	product	True
MAM02443	R_MAR02601	substrate	True
MAM02348	R_MAR02601	product	True
MAM02444	R_MAR02601	product	True
MAM01729	R_MAR02602	substrate	True
MAM02345	R_MAR02602	product	True
MAM02348	R_MAR02602	product	True
MAM01729	R_MAR02604	substrate	True
MAM02345	R_MAR02604	product	True
MAM02348	R_MAR02604	product	True
MAM03049	R_MAR02605	substrate	True
MAM02348	R_MAR02605	product	True
MAM03050	R_MAR02605	product	True
MAM03049	R_MAR02607	substrate	True
MAM02348	R_MAR02607	product	True
MAM03050	R_MAR02607	product	True
MAM02973	R_MAR02608	substrate	True
MAM02348	R_MAR02608	product	True
MAM02495	R_MAR02608	product	True
MAM02973	R_MAR02610	substrate	True
MAM02348	R_MAR02610	product	True
MAM02495	R_MAR02610	product	True
MAM00129	R_MAR02611	substrate	True
MAM02348	R_MAR02611	substrate	True
MAM02974	R_MAR02611	product	True
MAM00129	R_MAR02613	substrate	True
MAM02348	R_MAR02613	substrate	True
MAM02974	R_MAR02613	product	True
MAM00118	R_MAR02614	substrate	True
MAM02348	R_MAR02614	substrate	True
MAM02975	R_MAR02614	product	True
MAM03109	R_MAR02615	substrate	False
MAM03337	R_MAR02615	substrate	False
MAM03341	R_MAR02615	product	False
MAM03109	R_MAR02617	substrate	False
MAM03337	R_MAR02617	substrate	False
MAM03341	R_MAR02617	product	False
MAM00118	R_MAR02618	substrate	True
MAM02348	R_MAR02618	substrate	True
MAM02975	R_MAR02618	product	True
MAM03109	R_MAR02619	substrate	False
MAM03338	R_MAR02619	substrate	False
MAM03342	R_MAR02619	product	False
MAM01141	R_MAR02620	substrate	True
MAM02348	R_MAR02620	substrate	True
MAM02976	R_MAR02620	product	True
MAM01141	R_MAR02622	substrate	True
MAM02348	R_MAR02622	substrate	True
MAM02976	R_MAR02622	product	True
MAM02688	R_MAR02623	substrate	True
MAM02348	R_MAR02623	product	True
MAM02689	R_MAR02623	product	True
MAM02688	R_MAR02625	substrate	True
MAM02348	R_MAR02625	product	True
MAM02689	R_MAR02625	product	True
MAM02411	R_MAR02626	substrate	True
MAM02348	R_MAR02626	product	True
MAM02678	R_MAR02626	product	True
MAM03109	R_MAR02627	substrate	False
MAM03338	R_MAR02627	substrate	False
MAM03342	R_MAR02627	product	False
MAM03109	R_MAR02628	substrate	False
MAM03339	R_MAR02628	substrate	False
MAM03343	R_MAR02628	product	False
MAM02411	R_MAR02630	substrate	True
MAM02348	R_MAR02630	product	True
MAM02678	R_MAR02630	product	True
MAM03109	R_MAR02631	substrate	False
MAM03339	R_MAR02631	substrate	False
MAM03343	R_MAR02631	product	False
MAM03109	R_MAR02632	substrate	False
MAM03340	R_MAR02632	substrate	False
MAM03344	R_MAR02632	product	False
MAM01191	R_MAR02633	substrate	True
MAM02348	R_MAR02633	substrate	True
MAM02117	R_MAR02633	product	True
MAM01191	R_MAR02635	substrate	True
MAM02348	R_MAR02635	substrate	True
MAM02117	R_MAR02635	product	True
MAM02676	R_MAR02636	substrate	True
MAM02348	R_MAR02636	product	True
MAM02677	R_MAR02636	product	True
MAM03109	R_MAR02637	substrate	False
MAM03340	R_MAR02637	substrate	False
MAM03344	R_MAR02637	product	False
MAM01387	R_MAR02639	substrate	True
MAM01386	R_MAR02639	product	True
MAM02184	R_MAR02639	product	True
MAM02676	R_MAR02640	substrate	True
MAM02348	R_MAR02640	product	True
MAM02677	R_MAR02640	product	True
MAM02563	R_MAR02641	substrate	True
MAM02184	R_MAR02641	product	True
MAM02562	R_MAR02641	product	True
MAM02100	R_MAR02642	substrate	True
MAM02101	R_MAR02642	product	True
MAM02348	R_MAR02642	product	True
MAM01348	R_MAR02643	substrate	True
MAM01347	R_MAR02643	product	True
MAM02724	R_MAR02643	product	True
MAM03330	R_MAR02645	substrate	False
MAM02949	R_MAR02645	product	False
MAM03525	R_MAR02645	product	False
MAM02100	R_MAR02646	substrate	True
MAM02101	R_MAR02646	product	True
MAM02348	R_MAR02646	product	True
MAM03330	R_MAR02647	substrate	False
MAM02949	R_MAR02647	product	False
MAM03525	R_MAR02647	product	False
MAM00004	R_MAR02648	substrate	True
MAM02348	R_MAR02648	substrate	True
MAM02102	R_MAR02648	product	True
MAM00004	R_MAR02650	substrate	True
MAM02348	R_MAR02650	substrate	True
MAM02102	R_MAR02650	product	True
MAM01237	R_MAR02651	substrate	True
MAM02348	R_MAR02651	substrate	True
MAM02103	R_MAR02651	product	True
MAM01237	R_MAR02653	substrate	True
MAM02348	R_MAR02653	substrate	True
MAM02103	R_MAR02653	product	True
MAM02940	R_MAR02654	substrate	True
MAM02348	R_MAR02654	product	True
MAM02941	R_MAR02654	product	True
MAM02940	R_MAR02656	substrate	True
MAM02348	R_MAR02656	product	True
MAM02941	R_MAR02656	product	True
MAM00020	R_MAR02657	substrate	True
MAM02348	R_MAR02657	substrate	True
MAM02639	R_MAR02657	product	True
MAM00020	R_MAR02659	substrate	True
MAM02348	R_MAR02659	substrate	True
MAM02639	R_MAR02659	product	True
MAM02640	R_MAR02660	substrate	True
MAM01586	R_MAR02660	product	True
MAM02348	R_MAR02660	product	True
MAM02640	R_MAR02662	substrate	True
MAM01586	R_MAR02662	product	True
MAM02348	R_MAR02662	product	True
MAM02410	R_MAR02663	substrate	True
MAM02348	R_MAR02663	product	True
MAM02647	R_MAR02663	product	True
MAM02410	R_MAR02665	substrate	True
MAM02348	R_MAR02665	product	True
MAM02647	R_MAR02665	product	True
MAM00127	R_MAR02666	substrate	True
MAM02348	R_MAR02666	substrate	True
MAM00126	R_MAR02666	product	True
MAM00127	R_MAR02668	substrate	True
MAM02348	R_MAR02668	substrate	True
MAM00126	R_MAR02668	product	True
MAM00116	R_MAR02669	substrate	True
MAM02348	R_MAR02669	substrate	True
MAM02638	R_MAR02669	product	True
MAM00116	R_MAR02671	substrate	True
MAM02348	R_MAR02671	substrate	True
MAM02638	R_MAR02671	product	True
MAM00106	R_MAR02672	substrate	True
MAM02348	R_MAR02672	substrate	True
MAM00105	R_MAR02672	product	True
MAM00106	R_MAR02674	substrate	True
MAM02348	R_MAR02674	substrate	True
MAM00105	R_MAR02674	product	True
MAM02611	R_MAR02675	substrate	True
MAM02348	R_MAR02675	product	True
MAM02612	R_MAR02675	product	True
MAM02611	R_MAR02677	substrate	True
MAM02348	R_MAR02677	product	True
MAM02612	R_MAR02677	product	True
MAM01772	R_MAR02678	substrate	True
MAM01773	R_MAR02678	product	True
MAM02348	R_MAR02678	product	True
MAM01772	R_MAR02680	substrate	True
MAM01773	R_MAR02680	product	True
MAM02348	R_MAR02680	product	True
MAM00018	R_MAR02681	substrate	True
MAM02348	R_MAR02681	substrate	True
MAM01776	R_MAR02681	product	True
MAM00018	R_MAR02683	substrate	True
MAM02348	R_MAR02683	substrate	True
MAM01776	R_MAR02683	product	True
MAM00007	R_MAR02684	substrate	True
MAM02348	R_MAR02684	substrate	True
MAM01777	R_MAR02684	product	True
MAM00007	R_MAR02686	substrate	True
MAM02348	R_MAR02686	substrate	True
MAM01777	R_MAR02686	product	True
MAM01236	R_MAR02687	substrate	True
MAM02348	R_MAR02687	substrate	True
MAM01775	R_MAR02687	product	True
MAM01236	R_MAR02689	substrate	True
MAM02348	R_MAR02689	substrate	True
MAM01775	R_MAR02689	product	True
MAM00123	R_MAR02690	substrate	True
MAM02348	R_MAR02690	substrate	True
MAM00122	R_MAR02690	product	True
MAM00123	R_MAR02692	substrate	True
MAM02348	R_MAR02692	substrate	True
MAM00122	R_MAR02692	product	True
MAM00101	R_MAR02693	substrate	True
MAM02348	R_MAR02693	substrate	True
MAM00100	R_MAR02693	product	True
MAM03330	R_MAR02694	substrate	False
MAM02949	R_MAR02694	product	False
MAM03525	R_MAR02694	product	False
MAM03330	R_MAR02696	substrate	False
MAM02949	R_MAR02696	product	False
MAM03525	R_MAR02696	product	False
MAM00101	R_MAR02697	substrate	True
MAM02348	R_MAR02697	substrate	True
MAM00100	R_MAR02697	product	True
MAM02573	R_MAR02698	substrate	True
MAM02571	R_MAR02698	product	True
MAM02572	R_MAR02698	product	True
MAM02051	R_MAR02699	substrate	True
MAM02052	R_MAR02699	product	True
MAM02348	R_MAR02699	product	True
MAM02051	R_MAR02701	substrate	True
MAM02052	R_MAR02701	product	True
MAM02348	R_MAR02701	product	True
MAM01724	R_MAR02702	substrate	True
MAM01725	R_MAR02702	product	True
MAM02348	R_MAR02702	product	True
MAM01724	R_MAR02704	substrate	True
MAM01725	R_MAR02704	product	True
MAM02348	R_MAR02704	product	True
MAM00016	R_MAR02705	substrate	True
MAM02348	R_MAR02705	substrate	True
MAM01727	R_MAR02705	product	True
MAM00016	R_MAR02707	substrate	True
MAM02348	R_MAR02707	substrate	True
MAM01727	R_MAR02707	product	True
MAM00006	R_MAR02708	substrate	True
MAM02348	R_MAR02708	substrate	True
MAM01726	R_MAR02708	product	True
MAM00006	R_MAR02710	substrate	True
MAM02348	R_MAR02710	substrate	True
MAM01726	R_MAR02710	product	True
MAM02637	R_MAR02711	substrate	True
MAM02348	R_MAR02711	product	True
MAM02390	R_MAR02711	product	True
MAM02637	R_MAR02713	substrate	True
MAM02348	R_MAR02713	product	True
MAM02390	R_MAR02713	product	True
MAM00108	R_MAR02714	substrate	True
MAM02348	R_MAR02714	substrate	True
MAM00107	R_MAR02714	product	True
MAM00108	R_MAR02716	substrate	True
MAM02348	R_MAR02716	substrate	True
MAM00107	R_MAR02716	product	True
MAM00125	R_MAR02717	substrate	True
MAM02348	R_MAR02717	substrate	True
MAM00124	R_MAR02717	product	True
MAM00125	R_MAR02719	substrate	True
MAM02348	R_MAR02719	substrate	True
MAM00124	R_MAR02719	product	True
MAM00103	R_MAR02720	substrate	True
MAM02348	R_MAR02720	substrate	True
MAM00102	R_MAR02720	product	True
MAM03345	R_MAR02721	substrate	True
MAM01762	R_MAR02721	product	True
MAM03348	R_MAR02721	product	True
MAM03349	R_MAR02721	product	True
MAM00409	R_MAR02723	substrate	False
MAM00971	R_MAR02723	product	False
MAM01252	R_MAR02723	product	False
MAM00103	R_MAR02724	substrate	True
MAM02348	R_MAR02724	substrate	True
MAM00102	R_MAR02724	product	True
MAM00407	R_MAR02725	substrate	True
MAM00408	R_MAR02725	product	True
MAM00121	R_MAR02726	substrate	True
MAM02348	R_MAR02726	substrate	True
MAM00120	R_MAR02726	product	True
MAM00407	R_MAR02728	substrate	True
MAM00408	R_MAR02728	product	True
MAM00121	R_MAR02729	substrate	True
MAM02348	R_MAR02729	substrate	True
MAM00120	R_MAR02729	product	True
MAM00095	R_MAR02730	substrate	True
MAM02348	R_MAR02730	substrate	True
MAM01723	R_MAR02730	product	True
MAM00095	R_MAR02732	substrate	True
MAM02348	R_MAR02732	substrate	True
MAM01723	R_MAR02732	product	True
MAM00012	R_MAR02733	substrate	True
MAM02348	R_MAR02733	substrate	True
MAM00011	R_MAR02733	product	True
MAM00012	R_MAR02735	substrate	True
MAM02348	R_MAR02735	substrate	True
MAM00011	R_MAR02735	product	True
MAM00343	R_MAR02736	substrate	True
MAM02348	R_MAR02736	substrate	True
MAM00342	R_MAR02736	product	True
MAM00343	R_MAR02738	substrate	True
MAM02348	R_MAR02738	substrate	True
MAM00342	R_MAR02738	product	True
MAM00262	R_MAR02739	substrate	True
MAM02348	R_MAR02739	substrate	True
MAM00261	R_MAR02739	product	True
MAM00262	R_MAR02741	substrate	True
MAM02348	R_MAR02741	substrate	True
MAM00261	R_MAR02741	product	True
MAM02388	R_MAR02742	substrate	True
MAM02348	R_MAR02742	product	True
MAM02391	R_MAR02742	product	True
MAM00407	R_MAR02743	substrate	True
MAM00408	R_MAR02743	product	True
MAM02388	R_MAR02745	substrate	False
MAM02348	R_MAR02745	product	False
MAM02391	R_MAR02745	product	False
MAM01933	R_MAR02746	substrate	True
MAM01934	R_MAR02746	product	True
MAM02348	R_MAR02746	product	True
MAM01512	R_MAR02747	substrate	True
MAM01450	R_MAR02747	product	True
MAM01512	R_MAR02749	substrate	True
MAM01450	R_MAR02749	product	True
MAM01933	R_MAR02750	substrate	True
MAM01934	R_MAR02750	product	True
MAM02348	R_MAR02750	product	True
MAM00408	R_MAR02751	substrate	False
MAM01252	R_MAR02751	product	False
MAM01660	R_MAR02751	product	False
MAM01774	R_MAR02752	substrate	True
MAM01697	R_MAR02752	product	True
MAM02348	R_MAR02752	product	True
MAM01774	R_MAR02754	substrate	True
MAM01697	R_MAR02754	product	True
MAM02348	R_MAR02754	product	True
MAM01363	R_MAR02755	substrate	True
MAM01364	R_MAR02755	product	True
MAM02348	R_MAR02755	product	True
MAM02762	R_MAR02756	substrate	True
MAM02763	R_MAR02756	product	True
MAM01363	R_MAR02758	substrate	True
MAM01364	R_MAR02758	product	True
MAM02348	R_MAR02758	product	True
MAM00119	R_MAR02759	substrate	True
MAM02348	R_MAR02759	substrate	True
MAM02636	R_MAR02759	product	True
MAM00119	R_MAR02761	substrate	True
MAM02348	R_MAR02761	substrate	True
MAM02636	R_MAR02761	product	True
MAM00093	R_MAR02762	substrate	True
MAM02348	R_MAR02762	substrate	True
MAM00092	R_MAR02762	product	True
MAM02762	R_MAR02763	substrate	True
MAM02763	R_MAR02763	product	True
MAM01306	R_MAR02765	substrate	False
MAM02319	R_MAR02765	substrate	False
MAM00990	R_MAR02765	product	False
MAM01974	R_MAR02765	product	False
MAM00093	R_MAR02766	substrate	True
MAM02348	R_MAR02766	substrate	True
MAM00092	R_MAR02766	product	True
MAM00035	R_MAR02767	substrate	False
MAM00607	R_MAR02767	product	False
MAM00009	R_MAR02768	substrate	True
MAM02348	R_MAR02768	substrate	True
MAM01770	R_MAR02768	product	True
MAM00009	R_MAR02770	substrate	True
MAM02348	R_MAR02770	substrate	True
MAM01770	R_MAR02770	product	True
MAM00023	R_MAR02771	substrate	True
MAM02348	R_MAR02771	substrate	True
MAM00022	R_MAR02771	product	True
MAM00023	R_MAR02773	substrate	True
MAM02348	R_MAR02773	substrate	True
MAM00022	R_MAR02773	product	True
MAM00264	R_MAR02774	substrate	True
MAM02348	R_MAR02774	substrate	True
MAM00263	R_MAR02774	product	True
MAM00264	R_MAR02776	substrate	True
MAM02348	R_MAR02776	substrate	True
MAM00263	R_MAR02776	product	True
MAM01682	R_MAR02779	substrate	True
MAM01965	R_MAR02779	product	True
MAM02634	R_MAR02780	substrate	True
MAM01261	R_MAR02780	product	True
MAM02348	R_MAR02780	product	True
MAM02736	R_MAR02781	substrate	True
MAM00554	R_MAR02781	product	True
MAM02736	R_MAR02782	substrate	True
MAM00554	R_MAR02782	product	True
MAM00554	R_MAR02784	substrate	False
MAM02750	R_MAR02784	product	False
MAM02443	R_MAR02785	substrate	True
MAM02348	R_MAR02785	product	True
MAM02444	R_MAR02785	product	True
MAM02387	R_MAR02786	substrate	False
MAM02391	R_MAR02786	product	False
MAM01729	R_MAR02788	substrate	True
MAM02345	R_MAR02788	product	True
MAM02348	R_MAR02788	product	True
MAM03049	R_MAR02790	substrate	True
MAM02348	R_MAR02790	product	True
MAM03050	R_MAR02790	product	True
MAM02973	R_MAR02792	substrate	True
MAM02348	R_MAR02792	product	True
MAM02495	R_MAR02792	product	True
MAM00129	R_MAR02794	substrate	True
MAM02348	R_MAR02794	substrate	True
MAM02974	R_MAR02794	product	True
MAM00118	R_MAR02796	substrate	True
MAM02348	R_MAR02796	substrate	True
MAM02975	R_MAR02796	product	True
MAM01141	R_MAR02798	substrate	True
MAM02348	R_MAR02798	substrate	True
MAM02976	R_MAR02798	product	True
MAM02688	R_MAR02800	substrate	True
MAM02348	R_MAR02800	product	True
MAM02689	R_MAR02800	product	True
MAM02387	R_MAR02802	substrate	False
MAM02391	R_MAR02802	product	False
MAM02411	R_MAR02803	substrate	True
MAM02348	R_MAR02803	product	True
MAM02678	R_MAR02803	product	True
MAM02391	R_MAR02804	substrate	True
MAM03010	R_MAR02804	product	True
MAM01191	R_MAR02806	substrate	True
MAM02348	R_MAR02806	substrate	True
MAM02117	R_MAR02806	product	True
MAM01577	R_MAR02808	substrate	True
MAM03009	R_MAR02808	product	True
MAM02676	R_MAR02809	substrate	True
MAM02348	R_MAR02809	product	True
MAM02677	R_MAR02809	product	True
MAM01576	R_MAR02810	substrate	True
MAM03030	R_MAR02810	product	True
MAM02100	R_MAR02812	substrate	True
MAM02101	R_MAR02812	product	True
MAM02348	R_MAR02812	product	True
MAM00004	R_MAR02814	substrate	True
MAM02348	R_MAR02814	substrate	True
MAM02102	R_MAR02814	product	True
MAM01237	R_MAR02816	substrate	True
MAM02348	R_MAR02816	substrate	True
MAM02103	R_MAR02816	product	True
MAM00980	R_MAR02818	substrate	False
MAM00678	R_MAR02818	product	False
MAM02940	R_MAR02819	substrate	True
MAM02348	R_MAR02819	product	True
MAM02941	R_MAR02819	product	True
MAM00081	R_MAR02820	substrate	True
MAM00855	R_MAR02820	product	True
MAM00020	R_MAR02822	substrate	True
MAM02348	R_MAR02822	substrate	True
MAM02639	R_MAR02822	product	True
MAM02640	R_MAR02824	substrate	True
MAM01586	R_MAR02824	product	True
MAM02348	R_MAR02824	product	True
MAM00696	R_MAR02826	substrate	True
MAM00854	R_MAR02826	product	True
MAM02410	R_MAR02827	substrate	True
MAM02348	R_MAR02827	product	True
MAM02647	R_MAR02827	product	True
MAM00082	R_MAR02828	substrate	True
MAM00883	R_MAR02828	product	True
MAM00126	R_MAR02830	substrate	False
MAM00127	R_MAR02830	product	False
MAM02348	R_MAR02830	product	False
MAM00116	R_MAR02832	substrate	True
MAM02348	R_MAR02832	substrate	True
MAM02638	R_MAR02832	product	True
MAM00105	R_MAR02834	substrate	False
MAM00106	R_MAR02834	product	False
MAM02348	R_MAR02834	product	False
MAM02611	R_MAR02836	substrate	True
MAM02348	R_MAR02836	product	True
MAM02612	R_MAR02836	product	True
MAM01772	R_MAR02838	substrate	True
MAM01773	R_MAR02838	product	True
MAM02348	R_MAR02838	product	True
MAM00007	R_MAR02840	substrate	True
MAM02348	R_MAR02840	substrate	True
MAM01777	R_MAR02840	product	True
MAM01236	R_MAR02842	substrate	True
MAM02348	R_MAR02842	substrate	True
MAM01775	R_MAR02842	product	True
MAM00018	R_MAR02844	substrate	True
MAM02348	R_MAR02844	substrate	True
MAM01776	R_MAR02844	product	True
MAM00123	R_MAR02846	substrate	True
MAM02348	R_MAR02846	substrate	True
MAM00122	R_MAR02846	product	True
MAM00101	R_MAR02848	substrate	True
MAM02348	R_MAR02848	substrate	True
MAM00100	R_MAR02848	product	True
MAM02051	R_MAR02850	substrate	True
MAM02052	R_MAR02850	product	True
MAM02348	R_MAR02850	product	True
MAM01724	R_MAR02852	substrate	True
MAM01725	R_MAR02852	product	True
MAM02348	R_MAR02852	product	True
MAM00016	R_MAR02854	substrate	True
MAM02348	R_MAR02854	substrate	True
MAM01727	R_MAR02854	product	True
MAM00006	R_MAR02856	substrate	True
MAM02348	R_MAR02856	substrate	True
MAM01726	R_MAR02856	product	True
MAM01110	R_MAR02858	substrate	True
MAM01102	R_MAR02858	product	True
MAM02637	R_MAR02859	substrate	True
MAM02348	R_MAR02859	product	True
MAM02390	R_MAR02859	product	True
MAM01183	R_MAR02860	substrate	True
MAM01182	R_MAR02860	product	True
MAM00108	R_MAR02862	substrate	True
MAM02348	R_MAR02862	substrate	True
MAM00107	R_MAR02862	product	True
MAM00125	R_MAR02864	substrate	True
MAM02348	R_MAR02864	substrate	True
MAM00124	R_MAR02864	product	True
MAM00103	R_MAR02866	substrate	True
MAM02348	R_MAR02866	substrate	True
MAM00102	R_MAR02866	product	True
MAM00121	R_MAR02868	substrate	True
MAM02348	R_MAR02868	substrate	True
MAM00120	R_MAR02868	product	True
MAM00095	R_MAR02870	substrate	True
MAM02348	R_MAR02870	substrate	True
MAM01723	R_MAR02870	product	True
MAM00012	R_MAR02872	substrate	True
MAM02348	R_MAR02872	substrate	True
MAM00011	R_MAR02872	product	True
MAM00343	R_MAR02874	substrate	True
MAM02348	R_MAR02874	substrate	True
MAM00342	R_MAR02874	product	True
MAM00262	R_MAR02876	substrate	True
MAM02348	R_MAR02876	substrate	True
MAM00261	R_MAR02876	product	True
MAM00317	R_MAR02877	substrate	True
MAM02348	R_MAR02877	substrate	True
MAM00316	R_MAR02877	product	True
MAM00317	R_MAR02879	substrate	True
MAM02348	R_MAR02879	substrate	True
MAM00316	R_MAR02879	product	True
MAM00592	R_MAR02881	substrate	True
MAM01182	R_MAR02881	product	True
MAM02388	R_MAR02882	substrate	True
MAM02348	R_MAR02882	product	True
MAM02391	R_MAR02882	product	True
MAM01094	R_MAR02883	substrate	True
MAM00756	R_MAR02883	product	True
MAM01093	R_MAR02885	substrate	True
MAM00756	R_MAR02885	product	True
MAM01933	R_MAR02886	substrate	True
MAM01934	R_MAR02886	product	True
MAM02348	R_MAR02886	product	True
MAM01078	R_MAR02887	substrate	False
MAM01089	R_MAR02887	product	False
MAM00756	R_MAR02889	substrate	True
MAM00758	R_MAR02889	product	True
MAM01774	R_MAR02890	substrate	True
MAM01697	R_MAR02890	product	True
MAM02348	R_MAR02890	product	True
MAM00756	R_MAR02891	substrate	True
MAM00758	R_MAR02891	product	True
MAM01089	R_MAR02893	substrate	False
MAM01085	R_MAR02893	product	False
MAM01363	R_MAR02894	substrate	True
MAM01364	R_MAR02894	product	True
MAM02348	R_MAR02894	product	True
MAM01095	R_MAR02895	substrate	True
MAM01182	R_MAR02895	product	True
MAM00119	R_MAR02897	substrate	True
MAM02348	R_MAR02897	substrate	True
MAM02636	R_MAR02897	product	True
MAM00093	R_MAR02899	substrate	True
MAM02348	R_MAR02899	substrate	True
MAM00092	R_MAR02899	product	True
MAM00009	R_MAR02901	substrate	True
MAM02348	R_MAR02901	substrate	True
MAM01770	R_MAR02901	product	True
MAM00023	R_MAR02903	substrate	True
MAM02348	R_MAR02903	substrate	True
MAM00022	R_MAR02903	product	True
MAM00264	R_MAR02905	substrate	True
MAM02348	R_MAR02905	substrate	True
MAM00263	R_MAR02905	product	True
MAM03046	R_MAR02906	substrate	True
MAM02348	R_MAR02906	product	True
MAM03047	R_MAR02906	product	True
MAM03046	R_MAR02908	substrate	True
MAM02348	R_MAR02908	product	True
MAM03047	R_MAR02908	product	True
MAM02970	R_MAR02909	substrate	True
MAM02348	R_MAR02909	product	True
MAM02971	R_MAR02909	product	True
MAM02970	R_MAR02911	substrate	True
MAM02348	R_MAR02911	product	True
MAM02971	R_MAR02911	product	True
MAM00025	R_MAR02912	substrate	True
MAM02348	R_MAR02912	substrate	True
MAM00024	R_MAR02912	product	True
MAM00025	R_MAR02914	substrate	True
MAM02348	R_MAR02914	substrate	True
MAM00024	R_MAR02914	product	True
MAM02109	R_MAR02915	substrate	True
MAM02110	R_MAR02915	product	True
MAM02348	R_MAR02915	product	True
MAM02109	R_MAR02917	substrate	True
MAM02110	R_MAR02917	product	True
MAM02348	R_MAR02917	product	True
MAM02111	R_MAR02918	substrate	True
MAM02112	R_MAR02918	product	True
MAM02348	R_MAR02918	product	True
MAM02111	R_MAR02920	substrate	True
MAM02112	R_MAR02920	product	True
MAM02348	R_MAR02920	product	True
MAM00134	R_MAR02921	substrate	True
MAM02348	R_MAR02921	substrate	True
MAM00133	R_MAR02921	product	True
MAM00134	R_MAR02923	substrate	True
MAM02348	R_MAR02923	substrate	True
MAM00133	R_MAR02923	product	True
MAM00131	R_MAR02924	substrate	True
MAM02348	R_MAR02924	substrate	True
MAM00130	R_MAR02924	product	True
MAM00131	R_MAR02926	substrate	True
MAM02348	R_MAR02926	substrate	True
MAM00130	R_MAR02926	product	True
MAM00110	R_MAR02927	substrate	True
MAM02348	R_MAR02927	substrate	True
MAM00109	R_MAR02927	product	True
MAM00110	R_MAR02929	substrate	True
MAM02348	R_MAR02929	substrate	True
MAM00109	R_MAR02929	product	True
MAM00113	R_MAR02930	substrate	True
MAM02348	R_MAR02930	substrate	True
MAM00112	R_MAR02930	product	True
MAM00113	R_MAR02932	substrate	True
MAM02348	R_MAR02932	substrate	True
MAM00112	R_MAR02932	product	True
MAM01089	R_MAR02933	substrate	False
MAM01086	R_MAR02933	product	False
MAM01089	R_MAR02934	substrate	False
MAM01088	R_MAR02934	product	False
MAM01095	R_MAR02935	substrate	False
MAM01094	R_MAR02935	product	False
MAM00623	R_MAR02936	substrate	True
MAM00763	R_MAR02936	product	True
MAM00764	R_MAR02937	substrate	False
MAM00761	R_MAR02937	product	False
MAM00761	R_MAR02938	substrate	True
MAM01180	R_MAR02938	product	True
MAM00763	R_MAR02939	substrate	True
MAM00764	R_MAR02939	product	True
MAM01434	R_MAR02940	substrate	True
MAM01435	R_MAR02940	product	True
MAM00614	R_MAR02941	substrate	False
MAM01434	R_MAR02941	product	False
MAM02774	R_MAR02941	product	False
MAM02344	R_MAR02942	substrate	False
MAM02345	R_MAR02942	product	False
MAM03051	R_MAR02943	substrate	False
MAM03050	R_MAR02943	product	False
MAM02494	R_MAR02944	substrate	False
MAM02495	R_MAR02944	product	False
MAM02745	R_MAR02945	substrate	False
MAM01141	R_MAR02945	product	False
MAM00128	R_MAR02946	substrate	False
MAM00129	R_MAR02946	product	False
MAM00117	R_MAR02947	substrate	False
MAM00118	R_MAR02947	product	False
MAM02690	R_MAR02948	substrate	False
MAM02689	R_MAR02948	product	False
MAM02674	R_MAR02949	substrate	False
MAM02678	R_MAR02949	product	False
MAM00614	R_MAR02950	substrate	True
MAM01434	R_MAR02950	product	True
MAM02774	R_MAR02950	product	True
MAM01197	R_MAR02951	substrate	False
MAM01191	R_MAR02951	product	False
MAM02675	R_MAR02952	substrate	False
MAM02677	R_MAR02952	product	False
MAM00614	R_MAR02953	substrate	False
MAM01434	R_MAR02953	product	False
MAM02774	R_MAR02953	product	False
MAM02456	R_MAR02954	substrate	False
MAM02101	R_MAR02954	product	False
MAM00003	R_MAR02955	substrate	False
MAM00004	R_MAR02955	product	False
MAM01238	R_MAR02956	substrate	False
MAM01237	R_MAR02956	product	False
MAM02938	R_MAR02957	substrate	False
MAM02941	R_MAR02957	product	False
MAM00570	R_MAR02958	substrate	True
MAM00921	R_MAR02958	product	True
MAM02646	R_MAR02959	substrate	False
MAM02647	R_MAR02959	product	False
MAM00290	R_MAR02960	substrate	False
MAM01023	R_MAR02960	product	False
MAM01778	R_MAR02961	substrate	False
MAM00127	R_MAR02961	product	False
MAM00019	R_MAR02962	substrate	False
MAM00020	R_MAR02962	product	False
MAM01585	R_MAR02963	substrate	False
MAM01586	R_MAR02963	product	False
MAM00104	R_MAR02964	substrate	False
MAM00106	R_MAR02964	product	False
MAM02613	R_MAR02965	substrate	False
MAM02612	R_MAR02965	product	False
MAM01771	R_MAR02966	substrate	False
MAM01773	R_MAR02966	product	False
MAM01584	R_MAR02967	substrate	False
MAM00007	R_MAR02967	product	False
MAM00017	R_MAR02968	substrate	False
MAM00018	R_MAR02968	product	False
MAM01235	R_MAR02969	substrate	False
MAM01236	R_MAR02969	product	False
MAM01207	R_MAR02970	substrate	False
MAM00123	R_MAR02970	product	False
MAM02457	R_MAR02971	substrate	False
MAM00101	R_MAR02971	product	False
MAM02053	R_MAR02972	substrate	False
MAM02052	R_MAR02972	product	False
MAM01373	R_MAR02973	substrate	False
MAM01725	R_MAR02973	product	False
MAM01583	R_MAR02974	substrate	False
MAM00016	R_MAR02974	product	False
MAM01582	R_MAR02975	substrate	False
MAM00006	R_MAR02975	product	False
MAM03045	R_MAR02976	substrate	False
MAM03047	R_MAR02976	product	False
MAM02385	R_MAR02977	substrate	False
MAM02971	R_MAR02977	product	False
MAM02564	R_MAR02978	substrate	False
MAM00025	R_MAR02978	product	False
MAM01432	R_MAR02979	substrate	False
MAM02110	R_MAR02979	product	False
MAM03153	R_MAR02980	substrate	False
MAM02112	R_MAR02980	product	False
MAM02389	R_MAR02981	substrate	False
MAM02390	R_MAR02981	product	False
MAM02939	R_MAR02982	substrate	False
MAM00108	R_MAR02982	product	False
MAM02648	R_MAR02983	substrate	False
MAM00125	R_MAR02983	product	False
MAM01784	R_MAR02984	substrate	False
MAM00103	R_MAR02984	product	False
MAM01741	R_MAR02985	substrate	False
MAM00121	R_MAR02985	product	False
MAM00135	R_MAR02986	substrate	False
MAM00134	R_MAR02986	product	False
MAM00114	R_MAR02987	substrate	False
MAM00113	R_MAR02987	product	False
MAM01689	R_MAR02988	substrate	False
MAM00095	R_MAR02988	product	False
MAM00010	R_MAR02989	substrate	False
MAM00012	R_MAR02989	product	False
MAM00341	R_MAR02990	substrate	False
MAM00343	R_MAR02990	product	False
MAM02387	R_MAR02991	substrate	False
MAM02391	R_MAR02991	product	False
MAM01932	R_MAR02992	substrate	False
MAM01934	R_MAR02992	product	False
MAM01230	R_MAR02993	substrate	False
MAM01024	R_MAR02993	product	False
MAM01696	R_MAR02994	substrate	False
MAM01697	R_MAR02994	product	False
MAM02026	R_MAR02995	substrate	True
MAM02356	R_MAR02995	substrate	True
MAM01139	R_MAR02995	product	True
MAM01362	R_MAR02996	substrate	False
MAM01364	R_MAR02996	product	False
MAM02735	R_MAR02997	substrate	False
MAM02734	R_MAR02997	product	False
MAM01291	R_MAR02998	substrate	False
MAM00119	R_MAR02998	product	False
MAM00132	R_MAR02999	substrate	False
MAM00131	R_MAR02999	product	False
MAM00111	R_MAR03000	substrate	False
MAM00110	R_MAR03000	product	False
MAM00094	R_MAR03001	substrate	False
MAM00093	R_MAR03001	product	False
MAM00008	R_MAR03002	substrate	False
MAM00009	R_MAR03002	product	False
MAM00021	R_MAR03003	substrate	False
MAM00023	R_MAR03003	product	False
MAM02735	R_MAR03004	substrate	False
MAM02734	R_MAR03004	product	False
MAM00374	R_MAR03005	substrate	False
MAM00098	R_MAR03005	product	False
MAM00635	R_MAR03006	substrate	False
MAM00322	R_MAR03006	product	False
MAM02774	R_MAR03009	substrate	False
MAM02772	R_MAR03009	product	False
MAM00534	R_MAR03010	substrate	True
MAM00635	R_MAR03010	product	True
MAM00534	R_MAR03012	substrate	True
MAM00635	R_MAR03012	product	True
MAM01364	R_MAR03015	substrate	False
MAM01362	R_MAR03015	product	False
MAM02786	R_MAR03016	substrate	True
MAM02777	R_MAR03016	product	True
MAM02443	R_MAR03028	substrate	True
MAM02348	R_MAR03028	product	True
MAM02444	R_MAR03028	product	True
MAM02634	R_MAR03030	substrate	True
MAM01261	R_MAR03030	product	True
MAM02348	R_MAR03030	product	True
MAM03109	R_MAR03031	substrate	False
MAM03346	R_MAR03031	substrate	False
MAM02826	R_MAR03031	product	False
MAM02409	R_MAR03032	substrate	True
MAM02348	R_MAR03032	product	True
MAM02644	R_MAR03032	product	True
MAM02409	R_MAR03034	substrate	True
MAM02348	R_MAR03034	product	True
MAM02644	R_MAR03034	product	True
MAM03327	R_MAR03036	substrate	True
MAM03347	R_MAR03036	product	True
MAM02657	R_MAR03037	substrate	True
MAM02348	R_MAR03037	product	True
MAM02774	R_MAR03037	product	True
MAM01314	R_MAR03038	substrate	False
MAM00604	R_MAR03038	product	False
MAM03329	R_MAR03039	substrate	False
MAM03328	R_MAR03039	product	False
MAM03329	R_MAR03040	substrate	False
MAM03328	R_MAR03040	product	False
MAM03376	R_MAR03041	substrate	True
MAM03355	R_MAR03041	product	True
MAM02318	R_MAR03042	substrate	True
MAM02315	R_MAR03042	product	True
MAM02360	R_MAR03042	product	True
MAM02724	R_MAR03042	product	True
MAM02318	R_MAR03043	substrate	True
MAM02316	R_MAR03043	product	True
MAM02360	R_MAR03043	product	True
MAM02568	R_MAR03044	substrate	True
MAM02566	R_MAR03044	product	True
MAM02567	R_MAR03044	product	True
MAM02570	R_MAR03045	substrate	True
MAM02360	R_MAR03045	product	True
MAM02569	R_MAR03045	product	True
MAM01738	R_MAR03046	substrate	True
MAM02026	R_MAR03046	substrate	True
MAM01138	R_MAR03046	product	True
MAM01329	R_MAR03047	substrate	False
MAM01328	R_MAR03047	product	False
MAM00788	R_MAR03048	substrate	True
MAM01306	R_MAR03048	substrate	True
MAM01974	R_MAR03048	product	True
MAM03151	R_MAR03048	product	True
MAM03370	R_MAR03049	substrate	True
MAM03371	R_MAR03049	product	True
MAM03372	R_MAR03050	substrate	True
MAM03373	R_MAR03050	product	True
MAM00766	R_MAR03051	substrate	False
MAM03109	R_MAR03051	substrate	False
MAM01321	R_MAR03051	product	False
MAM01923	R_MAR03052	substrate	False
MAM03109	R_MAR03052	substrate	False
MAM01924	R_MAR03052	product	False
MAM00317	R_MAR03053	substrate	False
MAM01261	R_MAR03053	product	False
MAM00134	R_MAR03054	substrate	False
MAM01261	R_MAR03054	product	False
MAM00131	R_MAR03055	substrate	False
MAM01261	R_MAR03055	product	False
MAM03047	R_MAR03056	substrate	False
MAM01261	R_MAR03056	product	False
MAM02774	R_MAR03056	product	False
MAM02110	R_MAR03057	substrate	False
MAM00049	R_MAR03057	product	False
MAM00049	R_MAR03058	substrate	False
MAM00783	R_MAR03058	product	False
MAM00783	R_MAR03059	substrate	False
MAM00878	R_MAR03059	product	False
MAM00878	R_MAR03060	substrate	False
MAM01261	R_MAR03060	product	False
MAM02971	R_MAR03060	product	False
MAM01189	R_MAR03061	substrate	True
MAM01675	R_MAR03061	product	True
MAM02971	R_MAR03062	substrate	False
MAM00064	R_MAR03062	product	False
MAM00064	R_MAR03063	substrate	False
MAM00800	R_MAR03063	product	False
MAM00800	R_MAR03064	substrate	False
MAM00904	R_MAR03064	product	False
MAM00904	R_MAR03065	substrate	False
MAM01261	R_MAR03065	product	False
MAM01725	R_MAR03065	product	False
MAM01725	R_MAR03066	substrate	False
MAM00040	R_MAR03066	product	False
MAM00040	R_MAR03067	substrate	False
MAM00776	R_MAR03067	product	False
MAM00776	R_MAR03068	substrate	False
MAM00866	R_MAR03068	product	False
MAM00866	R_MAR03069	substrate	False
MAM01261	R_MAR03069	product	False
MAM01773	R_MAR03069	product	False
MAM01773	R_MAR03070	substrate	False
MAM00043	R_MAR03070	product	False
MAM00043	R_MAR03071	substrate	False
MAM00777	R_MAR03071	product	False
MAM00777	R_MAR03072	substrate	False
MAM00872	R_MAR03072	product	False
MAM00872	R_MAR03073	substrate	False
MAM01261	R_MAR03073	product	False
MAM02941	R_MAR03073	product	False
MAM02941	R_MAR03074	substrate	False
MAM00057	R_MAR03074	product	False
MAM00057	R_MAR03075	substrate	False
MAM00793	R_MAR03075	product	False
MAM00793	R_MAR03076	substrate	False
MAM00890	R_MAR03076	product	False
MAM00890	R_MAR03077	substrate	False
MAM01261	R_MAR03077	product	False
MAM02678	R_MAR03077	product	False
MAM02678	R_MAR03078	substrate	False
MAM00051	R_MAR03078	product	False
MAM00051	R_MAR03079	substrate	False
MAM00175	R_MAR03079	product	False
MAM00175	R_MAR03080	substrate	False
MAM00895	R_MAR03080	product	False
MAM00895	R_MAR03081	substrate	False
MAM01261	R_MAR03081	product	False
MAM02495	R_MAR03081	product	False
MAM02495	R_MAR03082	substrate	False
MAM00066	R_MAR03082	product	False
MAM00066	R_MAR03083	substrate	False
MAM00178	R_MAR03083	product	False
MAM00178	R_MAR03084	substrate	False
MAM00906	R_MAR03084	product	False
MAM00906	R_MAR03085	substrate	False
MAM01261	R_MAR03085	product	False
MAM02345	R_MAR03085	product	False
MAM02345	R_MAR03086	substrate	False
MAM00042	R_MAR03086	product	False
MAM00042	R_MAR03087	substrate	False
MAM00174	R_MAR03087	product	False
MAM00174	R_MAR03088	substrate	False
MAM00868	R_MAR03088	product	False
MAM00868	R_MAR03089	substrate	False
MAM01261	R_MAR03089	product	False
MAM01650	R_MAR03089	product	False
MAM01650	R_MAR03090	substrate	False
MAM00039	R_MAR03090	product	False
MAM00039	R_MAR03091	substrate	False
MAM00181	R_MAR03091	product	False
MAM00181	R_MAR03092	substrate	False
MAM00858	R_MAR03092	product	False
MAM00858	R_MAR03093	substrate	False
MAM01261	R_MAR03093	product	False
MAM02644	R_MAR03093	product	False
MAM02644	R_MAR03094	substrate	False
MAM00059	R_MAR03094	product	False
MAM00059	R_MAR03095	substrate	False
MAM00183	R_MAR03095	product	False
MAM00183	R_MAR03096	substrate	False
MAM00892	R_MAR03096	product	False
MAM00892	R_MAR03097	substrate	False
MAM01261	R_MAR03097	product	False
MAM02122	R_MAR03097	product	False
MAM02122	R_MAR03098	substrate	False
MAM00053	R_MAR03098	product	False
MAM00053	R_MAR03099	substrate	False
MAM00182	R_MAR03099	product	False
MAM00182	R_MAR03100	substrate	False
MAM00882	R_MAR03100	product	False
MAM00882	R_MAR03101	substrate	False
MAM01261	R_MAR03101	product	False
MAM01412	R_MAR03101	product	False
MAM00173	R_MAR03104	substrate	False
MAM01255	R_MAR03104	product	False
MAM01255	R_MAR03105	substrate	True
MAM01261	R_MAR03105	product	True
MAM01725	R_MAR03107	substrate	False
MAM00040	R_MAR03107	product	False
MAM00040	R_MAR03108	substrate	False
MAM00776	R_MAR03108	product	False
MAM00776	R_MAR03109	substrate	False
MAM00866	R_MAR03109	product	False
MAM00866	R_MAR03110	substrate	False
MAM01261	R_MAR03110	product	False
MAM01773	R_MAR03110	product	False
MAM01773	R_MAR03111	substrate	False
MAM00043	R_MAR03111	product	False
MAM00043	R_MAR03112	substrate	False
MAM00777	R_MAR03112	product	False
MAM00777	R_MAR03113	substrate	False
MAM00872	R_MAR03113	product	False
MAM00872	R_MAR03114	substrate	False
MAM01261	R_MAR03114	product	False
MAM02941	R_MAR03114	product	False
MAM02941	R_MAR03115	substrate	False
MAM00057	R_MAR03115	product	False
MAM00057	R_MAR03116	substrate	False
MAM00793	R_MAR03116	product	False
MAM00793	R_MAR03117	substrate	False
MAM00890	R_MAR03117	product	False
MAM00890	R_MAR03118	substrate	False
MAM01261	R_MAR03118	product	False
MAM02678	R_MAR03118	product	False
MAM02460	R_MAR03119	substrate	True
MAM01161	R_MAR03119	product	True
MAM02460	R_MAR03120	substrate	False
MAM02631	R_MAR03120	substrate	False
MAM01839	R_MAR03120	product	False
MAM02678	R_MAR03121	substrate	False
MAM00051	R_MAR03121	product	False
MAM00051	R_MAR03122	substrate	False
MAM00175	R_MAR03122	product	False
MAM00175	R_MAR03123	substrate	False
MAM00895	R_MAR03123	product	False
MAM00787	R_MAR03124	substrate	True
MAM02026	R_MAR03124	substrate	True
MAM01979	R_MAR03124	product	True
MAM00895	R_MAR03125	substrate	False
MAM01261	R_MAR03125	product	False
MAM02495	R_MAR03125	product	False
MAM03369	R_MAR03126	substrate	True
MAM03374	R_MAR03126	product	True
MAM03375	R_MAR03126	product	True
MAM02551	R_MAR03127	substrate	True
MAM02429	R_MAR03127	product	True
MAM02550	R_MAR03127	product	True
MAM02495	R_MAR03128	substrate	False
MAM00066	R_MAR03128	product	False
MAM00066	R_MAR03129	substrate	False
MAM00178	R_MAR03129	product	False
MAM00178	R_MAR03130	substrate	False
MAM00906	R_MAR03130	product	False
MAM03376	R_MAR03131	substrate	True
MAM03356	R_MAR03131	product	True
MAM00906	R_MAR03132	substrate	False
MAM01261	R_MAR03132	product	False
MAM02345	R_MAR03132	product	False
MAM03323	R_MAR03133	substrate	False
MAM01831	R_MAR03133	product	False
MAM03324	R_MAR03133	product	False
MAM03323	R_MAR03134	substrate	False
MAM01831	R_MAR03134	product	False
MAM03324	R_MAR03134	product	False
MAM02345	R_MAR03135	substrate	False
MAM00042	R_MAR03135	product	False
MAM00042	R_MAR03136	substrate	False
MAM00174	R_MAR03136	product	False
MAM00174	R_MAR03137	substrate	False
MAM00868	R_MAR03137	product	False
MAM01599	R_MAR03138	substrate	False
MAM03322	R_MAR03138	product	False
MAM00868	R_MAR03139	substrate	False
MAM01261	R_MAR03139	product	False
MAM01650	R_MAR03139	product	False
MAM01650	R_MAR03142	substrate	False
MAM00039	R_MAR03142	product	False
MAM00039	R_MAR03143	substrate	False
MAM00181	R_MAR03143	product	False
MAM00181	R_MAR03144	substrate	False
MAM00858	R_MAR03144	product	False
MAM00858	R_MAR03146	substrate	False
MAM01261	R_MAR03146	product	False
MAM02644	R_MAR03146	product	False
MAM02156	R_MAR03147	substrate	True
MAM02588	R_MAR03147	substrate	True
MAM02591	R_MAR03147	product	True
MAM02156	R_MAR03148	substrate	True
MAM02588	R_MAR03148	substrate	True
MAM02591	R_MAR03148	product	True
MAM02644	R_MAR03149	substrate	False
MAM00059	R_MAR03149	product	False
MAM00059	R_MAR03150	substrate	False
MAM00183	R_MAR03150	product	False
MAM00183	R_MAR03151	substrate	False
MAM00892	R_MAR03151	product	False
MAM02156	R_MAR03152	substrate	True
MAM02588	R_MAR03152	substrate	True
MAM02591	R_MAR03152	product	True
MAM00892	R_MAR03153	substrate	False
MAM01261	R_MAR03153	product	False
MAM02122	R_MAR03153	product	False
MAM01292	R_MAR03154	substrate	True
MAM02026	R_MAR03154	substrate	True
MAM01135	R_MAR03154	product	True
MAM02026	R_MAR03155	substrate	True
MAM02618	R_MAR03155	substrate	True
MAM01140	R_MAR03155	product	True
MAM02122	R_MAR03156	substrate	False
MAM00053	R_MAR03156	product	False
MAM00053	R_MAR03157	substrate	False
MAM00182	R_MAR03157	product	False
MAM00182	R_MAR03158	substrate	False
MAM00882	R_MAR03158	product	False
MAM02026	R_MAR03159	substrate	True
MAM02355	R_MAR03159	substrate	True
MAM01137	R_MAR03159	product	True
MAM00882	R_MAR03160	substrate	False
MAM01261	R_MAR03160	product	False
MAM01412	R_MAR03160	product	False
MAM01739	R_MAR03161	substrate	True
MAM02026	R_MAR03161	substrate	True
MAM01136	R_MAR03161	product	True
MAM01924	R_MAR03162	substrate	True
MAM01923	R_MAR03162	product	True
MAM01973	R_MAR03162	product	True
MAM01412	R_MAR03163	substrate	False
MAM01622	R_MAR03163	product	False
MAM01622	R_MAR03164	substrate	False
MAM00173	R_MAR03164	product	False
MAM01924	R_MAR03165	substrate	True
MAM01923	R_MAR03165	product	True
MAM01973	R_MAR03165	product	True
MAM00173	R_MAR03166	substrate	False
MAM01255	R_MAR03166	product	False
MAM03120	R_MAR03167	substrate	False
MAM03119	R_MAR03167	product	False
MAM02460	R_MAR03168	substrate	True
MAM02459	R_MAR03168	product	True
MAM03109	R_MAR03169	substrate	False
MAM03335	R_MAR03169	substrate	False
MAM03336	R_MAR03169	product	False
MAM02052	R_MAR03170	substrate	False
MAM00044	R_MAR03170	product	False
MAM00044	R_MAR03171	substrate	False
MAM00778	R_MAR03171	product	False
MAM00778	R_MAR03172	substrate	False
MAM00873	R_MAR03172	product	False
MAM00873	R_MAR03173	substrate	False
MAM01261	R_MAR03173	product	False
MAM02612	R_MAR03173	product	False
MAM02612	R_MAR03174	substrate	False
MAM00054	R_MAR03174	product	False
MAM00054	R_MAR03175	substrate	False
MAM00790	R_MAR03175	product	False
MAM00790	R_MAR03176	substrate	False
MAM00887	R_MAR03176	product	False
MAM00887	R_MAR03177	substrate	False
MAM01261	R_MAR03177	product	False
MAM02101	R_MAR03177	product	False
MAM02101	R_MAR03178	substrate	False
MAM00046	R_MAR03178	product	False
MAM00046	R_MAR03179	substrate	False
MAM00780	R_MAR03179	product	False
MAM00780	R_MAR03180	substrate	False
MAM00875	R_MAR03180	product	False
MAM00875	R_MAR03181	substrate	False
MAM01261	R_MAR03181	product	False
MAM02689	R_MAR03181	product	False
MAM02689	R_MAR03182	substrate	False
MAM00061	R_MAR03182	product	False
MAM00061	R_MAR03183	substrate	False
MAM00795	R_MAR03183	product	False
MAM00795	R_MAR03184	substrate	False
MAM00897	R_MAR03184	product	False
MAM00897	R_MAR03185	substrate	False
MAM01261	R_MAR03185	product	False
MAM03050	R_MAR03185	product	False
MAM03050	R_MAR03186	substrate	False
MAM00069	R_MAR03186	product	False
MAM00069	R_MAR03187	substrate	False
MAM00804	R_MAR03187	product	False
MAM00804	R_MAR03188	substrate	False
MAM00909	R_MAR03188	product	False
MAM00909	R_MAR03189	substrate	False
MAM01261	R_MAR03189	product	False
MAM03116	R_MAR03189	product	False
MAM03116	R_MAR03190	substrate	False
MAM00071	R_MAR03190	product	False
MAM00071	R_MAR03191	substrate	False
MAM00806	R_MAR03191	product	False
MAM00806	R_MAR03192	substrate	False
MAM00911	R_MAR03192	product	False
MAM00911	R_MAR03193	substrate	False
MAM01261	R_MAR03193	product	False
MAM02616	R_MAR03193	product	False
MAM02616	R_MAR03194	substrate	False
MAM00056	R_MAR03194	product	False
MAM00056	R_MAR03195	substrate	False
MAM00792	R_MAR03195	product	False
MAM00792	R_MAR03196	substrate	False
MAM00889	R_MAR03196	product	False
MAM00889	R_MAR03197	substrate	False
MAM01261	R_MAR03197	product	False
MAM02107	R_MAR03197	product	False
MAM02107	R_MAR03198	substrate	False
MAM00048	R_MAR03198	product	False
MAM00048	R_MAR03199	substrate	False
MAM00782	R_MAR03199	product	False
MAM00782	R_MAR03200	substrate	False
MAM00877	R_MAR03200	product	False
MAM00877	R_MAR03201	substrate	False
MAM01261	R_MAR03201	product	False
MAM02694	R_MAR03201	product	False
MAM02694	R_MAR03202	substrate	False
MAM00063	R_MAR03202	product	False
MAM00063	R_MAR03203	substrate	False
MAM00797	R_MAR03203	product	False
MAM00797	R_MAR03204	substrate	False
MAM00899	R_MAR03204	product	False
MAM00899	R_MAR03205	substrate	False
MAM01261	R_MAR03205	product	False
MAM02774	R_MAR03205	product	False
MAM00662	R_MAR03206	substrate	False
MAM01261	R_MAR03206	product	False
MAM02774	R_MAR03206	product	False
MAM03109	R_MAR03207	substrate	False
MAM03335	R_MAR03207	substrate	False
MAM03336	R_MAR03207	product	False
MAM02774	R_MAR03208	substrate	False
MAM02480	R_MAR03208	product	False
MAM01090	R_MAR03209	substrate	True
MAM00751	R_MAR03209	product	True
MAM00751	R_MAR03210	substrate	True
MAM00752	R_MAR03210	product	True
MAM02774	R_MAR03212	substrate	False
MAM01265	R_MAR03212	product	False
MAM02480	R_MAR03213	substrate	False
MAM00166	R_MAR03213	product	False
MAM00751	R_MAR03214	substrate	True
MAM00752	R_MAR03214	product	True
MAM00166	R_MAR03215	substrate	False
MAM02944	R_MAR03215	product	False
MAM01448	R_MAR03216	substrate	False
MAM00761	R_MAR03216	product	False
MAM01087	R_MAR03217	substrate	True
MAM00747	R_MAR03217	product	True
MAM00016	R_MAR03218	substrate	False
MAM03013	R_MAR03218	product	False
MAM03013	R_MAR03219	substrate	False
MAM00701	R_MAR03219	product	False
MAM00701	R_MAR03220	substrate	False
MAM00842	R_MAR03220	product	False
MAM00842	R_MAR03221	substrate	False
MAM00007	R_MAR03221	product	False
MAM01261	R_MAR03221	product	False
MAM00007	R_MAR03222	substrate	False
MAM03012	R_MAR03222	product	False
MAM03012	R_MAR03223	substrate	False
MAM00700	R_MAR03223	product	False
MAM00700	R_MAR03224	substrate	False
MAM00840	R_MAR03224	product	False
MAM00840	R_MAR03225	substrate	False
MAM01261	R_MAR03225	product	False
MAM02647	R_MAR03225	product	False
MAM02647	R_MAR03226	substrate	False
MAM03025	R_MAR03226	product	False
MAM03025	R_MAR03227	substrate	False
MAM00176	R_MAR03227	product	False
MAM00176	R_MAR03228	substrate	False
MAM00893	R_MAR03228	product	False
MAM00893	R_MAR03229	substrate	False
MAM01191	R_MAR03229	product	False
MAM01261	R_MAR03229	product	False
MAM01191	R_MAR03230	substrate	False
MAM03019	R_MAR03230	product	False
MAM03019	R_MAR03231	substrate	False
MAM00172	R_MAR03231	product	False
MAM00172	R_MAR03232	substrate	False
MAM00849	R_MAR03232	product	False
MAM00849	R_MAR03233	substrate	False
MAM01141	R_MAR03233	product	False
MAM01261	R_MAR03233	product	False
MAM01141	R_MAR03234	substrate	False
MAM03022	R_MAR03234	product	False
MAM03022	R_MAR03235	substrate	False
MAM01573	R_MAR03235	product	False
MAM01573	R_MAR03236	substrate	False
MAM00885	R_MAR03236	product	False
MAM00885	R_MAR03237	substrate	False
MAM00088	R_MAR03237	product	False
MAM01261	R_MAR03237	product	False
MAM01699	R_MAR03238	substrate	False
MAM01430	R_MAR03238	product	False
MAM00042	R_MAR03239	substrate	True
MAM00088	R_MAR03239	product	True
MAM00018	R_MAR03240	substrate	False
MAM03014	R_MAR03240	product	False
MAM03014	R_MAR03241	substrate	False
MAM00702	R_MAR03241	product	False
MAM00702	R_MAR03242	substrate	False
MAM00843	R_MAR03242	product	False
MAM00843	R_MAR03243	substrate	False
MAM01261	R_MAR03243	product	False
MAM01586	R_MAR03243	product	False
MAM01586	R_MAR03244	substrate	False
MAM03024	R_MAR03244	product	False
MAM03024	R_MAR03245	substrate	False
MAM00170	R_MAR03245	product	False
MAM00170	R_MAR03246	substrate	False
MAM00841	R_MAR03246	product	False
MAM00841	R_MAR03247	substrate	False
MAM01261	R_MAR03247	product	False
MAM02677	R_MAR03247	product	False
MAM01430	R_MAR03248	substrate	False
MAM03107	R_MAR03248	substrate	False
MAM01679	R_MAR03248	product	False
MAM01430	R_MAR03249	substrate	False
MAM03107	R_MAR03249	substrate	False
MAM01679	R_MAR03249	product	False
MAM02677	R_MAR03250	substrate	False
MAM03020	R_MAR03250	product	False
MAM02810	R_MAR03251	substrate	False
MAM02809	R_MAR03251	product	False
MAM03020	R_MAR03252	substrate	False
MAM00177	R_MAR03252	product	False
MAM03586	R_MAR03253	substrate	False
MAM02334	R_MAR03253	product	False
MAM00177	R_MAR03254	substrate	False
MAM00894	R_MAR03254	product	False
MAM02459	R_MAR03255	substrate	False
MAM01625	R_MAR03255	product	False
MAM00894	R_MAR03256	substrate	False
MAM00118	R_MAR03256	product	False
MAM01261	R_MAR03256	product	False
MAM01615	R_MAR03257	substrate	False
MAM00284	R_MAR03257	product	False
MAM01249	R_MAR03257	product	False
MAM00118	R_MAR03258	substrate	False
MAM03023	R_MAR03258	product	False
MAM00623	R_MAR03259	substrate	True
MAM01182	R_MAR03259	product	True
MAM03023	R_MAR03260	substrate	False
MAM01574	R_MAR03260	product	False
MAM01689	R_MAR03261	substrate	False
MAM02631	R_MAR03261	substrate	False
MAM00275	R_MAR03261	product	False
MAM01574	R_MAR03262	substrate	False
MAM00886	R_MAR03262	product	False
MAM03120	R_MAR03263	substrate	True
MAM01315	R_MAR03263	product	True
MAM03121	R_MAR03263	product	True
MAM00886	R_MAR03264	substrate	False
MAM00099	R_MAR03264	product	False
MAM01261	R_MAR03264	product	False
MAM02489	R_MAR03265	substrate	False
MAM01655	R_MAR03265	product	False
MAM00177	R_MAR03266	substrate	True
MAM00894	R_MAR03266	product	True
MAM01574	R_MAR03267	substrate	True
MAM00886	R_MAR03267	product	True
MAM03334	R_MAR03268	substrate	True
MAM03326	R_MAR03268	product	True
MAM03334	R_MAR03269	substrate	True
MAM03326	R_MAR03269	product	True
MAM03334	R_MAR03270	substrate	True
MAM03326	R_MAR03270	product	True
MAM03319	R_MAR03271	substrate	False
MAM03419	R_MAR03271	product	False
MAM00042	R_MAR03272	substrate	True
MAM00099	R_MAR03272	product	True
MAM02675	R_MAR03273	substrate	False
MAM02677	R_MAR03273	product	False
MAM02675	R_MAR03274	substrate	False
MAM02677	R_MAR03274	product	False
MAM02391	R_MAR03275	substrate	False
MAM03010	R_MAR03275	product	False
MAM02677	R_MAR03276	substrate	True
MAM03020	R_MAR03276	product	True
MAM03010	R_MAR03277	substrate	False
MAM00083	R_MAR03277	product	False
MAM00083	R_MAR03278	substrate	False
MAM00884	R_MAR03278	product	False
MAM00884	R_MAR03279	substrate	False
MAM01261	R_MAR03279	product	False
MAM01577	R_MAR03279	product	False
MAM01577	R_MAR03280	substrate	False
MAM03009	R_MAR03280	product	False
MAM03009	R_MAR03281	substrate	False
MAM00081	R_MAR03281	product	False
MAM00081	R_MAR03282	substrate	False
MAM00855	R_MAR03282	product	False
MAM00855	R_MAR03283	substrate	False
MAM01261	R_MAR03283	product	False
MAM01576	R_MAR03283	product	False
MAM01576	R_MAR03284	substrate	False
MAM03030	R_MAR03284	product	False
MAM03030	R_MAR03285	substrate	False
MAM00696	R_MAR03285	product	False
MAM00696	R_MAR03286	substrate	False
MAM00854	R_MAR03286	product	False
MAM00854	R_MAR03287	substrate	False
MAM01261	R_MAR03287	product	False
MAM01575	R_MAR03287	product	False
MAM01575	R_MAR03288	substrate	False
MAM03021	R_MAR03288	product	False
MAM00118	R_MAR03289	substrate	True
MAM03023	R_MAR03289	product	True
MAM03021	R_MAR03290	substrate	False
MAM00082	R_MAR03290	product	False
MAM03333	R_MAR03291	substrate	True
MAM00099	R_MAR03291	product	True
MAM00082	R_MAR03292	substrate	False
MAM00883	R_MAR03292	product	False
MAM00883	R_MAR03293	substrate	False
MAM00980	R_MAR03293	product	False
MAM01261	R_MAR03293	product	False
MAM00980	R_MAR03294	substrate	False
MAM00678	R_MAR03294	product	False
MAM03333	R_MAR03295	substrate	True
MAM00099	R_MAR03295	product	True
MAM03333	R_MAR03297	substrate	True
MAM03334	R_MAR03297	product	True
MAM00039	R_MAR03298	substrate	True
MAM03035	R_MAR03298	product	True
MAM03333	R_MAR03299	substrate	True
MAM03334	R_MAR03299	product	True
MAM00554	R_MAR03300	substrate	False
MAM02736	R_MAR03300	product	False
MAM03010	R_MAR03302	substrate	False
MAM00083	R_MAR03302	product	False
MAM00554	R_MAR03303	substrate	False
MAM02736	R_MAR03303	product	False
MAM00083	R_MAR03304	substrate	False
MAM00884	R_MAR03304	product	False
MAM00884	R_MAR03305	substrate	False
MAM01261	R_MAR03305	product	False
MAM01577	R_MAR03305	product	False
MAM03009	R_MAR03307	substrate	False
MAM00081	R_MAR03307	product	False
MAM00554	R_MAR03308	substrate	False
MAM02736	R_MAR03308	product	False
MAM00081	R_MAR03309	substrate	False
MAM00855	R_MAR03309	product	False
MAM00855	R_MAR03310	substrate	False
MAM01261	R_MAR03310	product	False
MAM01576	R_MAR03310	product	False
MAM03030	R_MAR03312	substrate	False
MAM00696	R_MAR03312	product	False
MAM00554	R_MAR03313	substrate	False
MAM02735	R_MAR03313	product	False
MAM00696	R_MAR03314	substrate	False
MAM00854	R_MAR03314	product	False
MAM00854	R_MAR03315	substrate	False
MAM01261	R_MAR03315	product	False
MAM01575	R_MAR03315	product	False
MAM01575	R_MAR03316	substrate	False
MAM03021	R_MAR03316	product	False
MAM03021	R_MAR03317	substrate	False
MAM00082	R_MAR03317	product	False
MAM00552	R_MAR03318	substrate	False
MAM02735	R_MAR03318	product	False
MAM00082	R_MAR03319	substrate	False
MAM00883	R_MAR03319	product	False
MAM00883	R_MAR03320	substrate	False
MAM00980	R_MAR03320	product	False
MAM01261	R_MAR03320	product	False
MAM00980	R_MAR03321	substrate	False
MAM00678	R_MAR03321	product	False
MAM00039	R_MAR03323	substrate	True
MAM03035	R_MAR03323	product	True
MAM00552	R_MAR03324	substrate	False
MAM02735	R_MAR03324	product	False
MAM00552	R_MAR03325	substrate	False
MAM02735	R_MAR03325	product	False
MAM02112	R_MAR03326	substrate	False
MAM03016	R_MAR03326	product	False
MAM03016	R_MAR03327	substrate	False
MAM00715	R_MAR03327	product	False
MAM00715	R_MAR03328	substrate	False
MAM00879	R_MAR03328	product	False
MAM00879	R_MAR03329	substrate	False
MAM00025	R_MAR03329	product	False
MAM01261	R_MAR03329	product	False
MAM00025	R_MAR03330	substrate	False
MAM03015	R_MAR03330	product	False
MAM03015	R_MAR03331	substrate	False
MAM00709	R_MAR03331	product	False
MAM00709	R_MAR03332	substrate	False
MAM00856	R_MAR03332	product	False
MAM00856	R_MAR03333	substrate	False
MAM00016	R_MAR03333	product	False
MAM01261	R_MAR03333	product	False
MAM00016	R_MAR03334	substrate	False
MAM03013	R_MAR03334	product	False
MAM03013	R_MAR03335	substrate	False
MAM00701	R_MAR03335	product	False
MAM00701	R_MAR03336	substrate	False
MAM00842	R_MAR03336	product	False
MAM00842	R_MAR03337	substrate	False
MAM00007	R_MAR03337	product	False
MAM01261	R_MAR03337	product	False
MAM00007	R_MAR03338	substrate	False
MAM03012	R_MAR03338	product	False
MAM03012	R_MAR03339	substrate	False
MAM00700	R_MAR03339	product	False
MAM00700	R_MAR03340	substrate	False
MAM00840	R_MAR03340	product	False
MAM00840	R_MAR03341	substrate	False
MAM01261	R_MAR03341	product	False
MAM02647	R_MAR03341	product	False
MAM02647	R_MAR03342	substrate	False
MAM03025	R_MAR03342	product	False
MAM03025	R_MAR03343	substrate	False
MAM00176	R_MAR03343	product	False
MAM00176	R_MAR03344	substrate	False
MAM00893	R_MAR03344	product	False
MAM00893	R_MAR03345	substrate	False
MAM01191	R_MAR03345	product	False
MAM01261	R_MAR03345	product	False
MAM01191	R_MAR03346	substrate	False
MAM03019	R_MAR03346	product	False
MAM03019	R_MAR03347	substrate	False
MAM00172	R_MAR03347	product	False
MAM00172	R_MAR03348	substrate	False
MAM00849	R_MAR03348	product	False
MAM00849	R_MAR03349	substrate	False
MAM01141	R_MAR03349	product	False
MAM01261	R_MAR03349	product	False
MAM01141	R_MAR03350	substrate	False
MAM03022	R_MAR03350	product	False
MAM03022	R_MAR03351	substrate	False
MAM01573	R_MAR03351	product	False
MAM01573	R_MAR03352	substrate	False
MAM00885	R_MAR03352	product	False
MAM00885	R_MAR03353	substrate	False
MAM00088	R_MAR03353	product	False
MAM01261	R_MAR03353	product	False
MAM01311	R_MAR03354	substrate	False
MAM03320	R_MAR03354	product	False
MAM00042	R_MAR03355	substrate	True
MAM00088	R_MAR03355	product	True
MAM00018	R_MAR03356	substrate	False
MAM03014	R_MAR03356	product	False
MAM03014	R_MAR03357	substrate	False
MAM00702	R_MAR03357	product	False
MAM00702	R_MAR03358	substrate	False
MAM00843	R_MAR03358	product	False
MAM00843	R_MAR03359	substrate	False
MAM01261	R_MAR03359	product	False
MAM01586	R_MAR03359	product	False
MAM01586	R_MAR03360	substrate	False
MAM03024	R_MAR03360	product	False
MAM03024	R_MAR03361	substrate	False
MAM00170	R_MAR03361	product	False
MAM00170	R_MAR03362	substrate	False
MAM00841	R_MAR03362	product	False
MAM00841	R_MAR03363	substrate	False
MAM01261	R_MAR03363	product	False
MAM02677	R_MAR03363	product	False
MAM03020	R_MAR03365	substrate	False
MAM00177	R_MAR03365	product	False
MAM01364	R_MAR03366	substrate	False
MAM00682	R_MAR03366	product	False
MAM00177	R_MAR03367	substrate	False
MAM00894	R_MAR03367	product	False
MAM00894	R_MAR03368	substrate	False
MAM00118	R_MAR03368	product	False
MAM01261	R_MAR03368	product	False
MAM03023	R_MAR03370	substrate	False
MAM01574	R_MAR03370	product	False
MAM01576	R_MAR03371	substrate	False
MAM03030	R_MAR03371	product	False
MAM01574	R_MAR03372	substrate	False
MAM00886	R_MAR03372	product	False
MAM00886	R_MAR03373	substrate	False
MAM00099	R_MAR03373	product	False
MAM01261	R_MAR03373	product	False
MAM03030	R_MAR03374	substrate	True
MAM03358	R_MAR03374	product	True
MAM00042	R_MAR03375	substrate	True
MAM00099	R_MAR03375	product	True
MAM03358	R_MAR03376	substrate	True
MAM03359	R_MAR03376	product	True
MAM03359	R_MAR03377	substrate	True
MAM03360	R_MAR03377	product	True
MAM03361	R_MAR03378	substrate	True
MAM03360	R_MAR03378	product	True
MAM03361	R_MAR03379	substrate	True
MAM03350	R_MAR03379	product	True
MAM03350	R_MAR03380	substrate	True
MAM03351	R_MAR03380	product	True
MAM03351	R_MAR03381	substrate	True
MAM01261	R_MAR03381	product	True
MAM03352	R_MAR03381	product	True
MAM01261	R_MAR03382	substrate	True
MAM03320	R_MAR03382	substrate	True
MAM03317	R_MAR03382	product	True
MAM03317	R_MAR03383	substrate	True
MAM00513	R_MAR03383	product	True
MAM01306	R_MAR03384	substrate	False
MAM03362	R_MAR03384	substrate	False
MAM02943	R_MAR03384	product	False
MAM03363	R_MAR03384	product	False
MAM03363	R_MAR03385	substrate	True
MAM00564	R_MAR03385	product	True
MAM01836	R_MAR03385	product	True
MAM00564	R_MAR03386	substrate	True
MAM02766	R_MAR03386	product	True
MAM02766	R_MAR03387	substrate	False
MAM00078	R_MAR03387	product	False
MAM03884	R_MAR03388	substrate	False
MAM03362	R_MAR03388	product	False
MAM03884	R_MAR03389	substrate	False
MAM03362	R_MAR03389	product	False
MAM00077	R_MAR03390	substrate	False
MAM00075	R_MAR03390	product	False
MAM01736	R_MAR03391	substrate	False
MAM01738	R_MAR03391	product	False
MAM01736	R_MAR03392	substrate	False
MAM01738	R_MAR03392	product	False
MAM01934	R_MAR03393	substrate	False
MAM02444	R_MAR03393	substrate	False
MAM00859	R_MAR03393	product	False
MAM03029	R_MAR03394	substrate	True
MAM01697	R_MAR03394	product	True
MAM01769	R_MAR03395	substrate	True
MAM00125	R_MAR03395	product	True
MAM00004	R_MAR03396	substrate	False
MAM01261	R_MAR03396	product	False
MAM02774	R_MAR03396	product	False
MAM01237	R_MAR03397	substrate	False
MAM01261	R_MAR03397	product	False
MAM02774	R_MAR03397	product	False
MAM00129	R_MAR03398	substrate	False
MAM01261	R_MAR03398	product	False
MAM00108	R_MAR03399	substrate	False
MAM02444	R_MAR03399	substrate	False
MAM00811	R_MAR03399	product	False
MAM01336	R_MAR03400	substrate	True
MAM01069	R_MAR03400	product	True
MAM00811	R_MAR03401	substrate	True
MAM00708	R_MAR03401	product	True
MAM00708	R_MAR03402	substrate	True
MAM01769	R_MAR03402	product	True
MAM00679	R_MAR03403	substrate	True
MAM00121	R_MAR03403	product	True
MAM00103	R_MAR03404	substrate	False
MAM02444	R_MAR03404	substrate	False
MAM00863	R_MAR03404	product	False
MAM00863	R_MAR03405	substrate	True
MAM00713	R_MAR03405	product	True
MAM00020	R_MAR03406	substrate	False
MAM01261	R_MAR03406	product	False
MAM00127	R_MAR03407	substrate	False
MAM01261	R_MAR03407	product	False
MAM00116	R_MAR03408	substrate	False
MAM01261	R_MAR03408	product	False
MAM00106	R_MAR03409	substrate	False
MAM01261	R_MAR03409	product	False
MAM00713	R_MAR03410	substrate	True
MAM00679	R_MAR03410	product	True
MAM01236	R_MAR03411	substrate	False
MAM01261	R_MAR03411	product	False
MAM00680	R_MAR03412	substrate	True
MAM03353	R_MAR03412	product	True
MAM00123	R_MAR03413	substrate	False
MAM01261	R_MAR03413	product	False
MAM00101	R_MAR03414	substrate	False
MAM01261	R_MAR03414	product	False
MAM00121	R_MAR03415	substrate	False
MAM02444	R_MAR03415	substrate	False
MAM00853	R_MAR03415	product	False
MAM00006	R_MAR03416	substrate	False
MAM01261	R_MAR03416	product	False
MAM00853	R_MAR03417	substrate	True
MAM00718	R_MAR03417	product	True
MAM00718	R_MAR03418	substrate	True
MAM00680	R_MAR03418	product	True
MAM01675	R_MAR03419	substrate	True
MAM01450	R_MAR03419	product	True
MAM03331	R_MAR03420	substrate	True
MAM00943	R_MAR03420	product	True
MAM00119	R_MAR03421	substrate	False
MAM01261	R_MAR03421	product	False
MAM00009	R_MAR03423	substrate	False
MAM01261	R_MAR03423	product	False
MAM00023	R_MAR03424	substrate	False
MAM01261	R_MAR03424	product	False
MAM00264	R_MAR03425	substrate	False
MAM01261	R_MAR03425	product	False
MAM00125	R_MAR03427	substrate	False
MAM01261	R_MAR03427	product	False
MAM00103	R_MAR03428	substrate	False
MAM01261	R_MAR03428	product	False
MAM00121	R_MAR03429	substrate	False
MAM01261	R_MAR03429	product	False
MAM00095	R_MAR03430	substrate	False
MAM01261	R_MAR03430	product	False
MAM00012	R_MAR03431	substrate	False
MAM01261	R_MAR03431	product	False
MAM00343	R_MAR03432	substrate	False
MAM01261	R_MAR03432	product	False
MAM00262	R_MAR03433	substrate	False
MAM01261	R_MAR03433	product	False
MAM03331	R_MAR03434	substrate	True
MAM00943	R_MAR03434	product	True
MAM03377	R_MAR03435	substrate	False
MAM01418	R_MAR03435	product	False
MAM03377	R_MAR03436	substrate	False
MAM01418	R_MAR03436	product	False
MAM00095	R_MAR03437	substrate	True
MAM00119	R_MAR03437	product	True
MAM00095	R_MAR03438	substrate	True
MAM00119	R_MAR03438	product	True
MAM00119	R_MAR03439	substrate	False
MAM02444	R_MAR03439	substrate	False
MAM00853	R_MAR03439	product	False
MAM00119	R_MAR03440	substrate	False
MAM02444	R_MAR03440	substrate	False
MAM00853	R_MAR03440	product	False
MAM00681	R_MAR03442	substrate	True
MAM00131	R_MAR03442	product	True
MAM01364	R_MAR03443	substrate	False
MAM02444	R_MAR03443	substrate	False
MAM00864	R_MAR03443	product	False
MAM01364	R_MAR03444	substrate	False
MAM00682	R_MAR03444	product	False
MAM00682	R_MAR03445	substrate	False
MAM03033	R_MAR03445	product	False
MAM00682	R_MAR03446	substrate	False
MAM03034	R_MAR03446	product	False
MAM03034	R_MAR03447	substrate	False
MAM03029	R_MAR03447	product	False
MAM01697	R_MAR03448	substrate	False
MAM03029	R_MAR03448	product	False
MAM03029	R_MAR03449	substrate	False
MAM00710	R_MAR03449	product	False
MAM00710	R_MAR03450	substrate	False
MAM00859	R_MAR03450	product	False
MAM00864	R_MAR03451	substrate	True
MAM00714	R_MAR03451	product	True
MAM01934	R_MAR03452	substrate	False
MAM00073	R_MAR03452	product	False
MAM00073	R_MAR03453	substrate	False
MAM00697	R_MAR03453	product	False
MAM00697	R_MAR03454	substrate	True
MAM00834	R_MAR03454	product	True
MAM00091	R_MAR03455	substrate	True
MAM01261	R_MAR03455	substrate	True
MAM00834	R_MAR03455	product	True
MAM00091	R_MAR03456	substrate	False
MAM00072	R_MAR03456	product	False
MAM00072	R_MAR03457	substrate	True
MAM00089	R_MAR03457	product	True
MAM00089	R_MAR03458	substrate	False
MAM03009	R_MAR03458	product	False
MAM01364	R_MAR03459	substrate	False
MAM00682	R_MAR03459	product	False
MAM00682	R_MAR03460	substrate	False
MAM03033	R_MAR03460	product	False
MAM00682	R_MAR03461	substrate	False
MAM03034	R_MAR03461	product	False
MAM03034	R_MAR03462	substrate	False
MAM03029	R_MAR03462	product	False
MAM03029	R_MAR03463	substrate	False
MAM00710	R_MAR03463	product	False
MAM00710	R_MAR03464	substrate	False
MAM00859	R_MAR03464	product	False
MAM00714	R_MAR03465	substrate	True
MAM00074	R_MAR03465	product	True
MAM01934	R_MAR03466	substrate	False
MAM00073	R_MAR03466	product	False
MAM00073	R_MAR03467	substrate	False
MAM00697	R_MAR03467	product	False
MAM00697	R_MAR03468	substrate	True
MAM00834	R_MAR03468	product	True
MAM00091	R_MAR03469	substrate	True
MAM01261	R_MAR03469	substrate	True
MAM00834	R_MAR03469	product	True
MAM00091	R_MAR03470	substrate	False
MAM00072	R_MAR03470	product	False
MAM00072	R_MAR03471	substrate	True
MAM00089	R_MAR03471	product	True
MAM00089	R_MAR03472	substrate	False
MAM03009	R_MAR03472	product	False
MAM00903	R_MAR03474	substrate	True
MAM00716	R_MAR03474	product	True
MAM01261	R_MAR03475	substrate	False
MAM01252	R_MAR03475	product	False
MAM01836	R_MAR03476	substrate	False
MAM01833	R_MAR03476	product	False
MAM01836	R_MAR03477	substrate	False
MAM01833	R_MAR03477	product	False
MAM00716	R_MAR03479	substrate	True
MAM00681	R_MAR03479	product	True
MAM02746	R_MAR03480	substrate	False
MAM02747	R_MAR03480	product	False
MAM02747	R_MAR03481	substrate	True
MAM02746	R_MAR03481	product	True
MAM02746	R_MAR03482	substrate	False
MAM02747	R_MAR03482	product	False
MAM00853	R_MAR03483	substrate	True
MAM00119	R_MAR03483	product	True
MAM01261	R_MAR03483	product	True
MAM01306	R_MAR03484	substrate	False
MAM02747	R_MAR03484	substrate	False
MAM00655	R_MAR03484	product	False
MAM02943	R_MAR03484	product	False
MAM02391	R_MAR03485	substrate	False
MAM02444	R_MAR03485	substrate	False
MAM00870	R_MAR03485	product	False
MAM00655	R_MAR03486	substrate	False
MAM01836	R_MAR03486	product	False
MAM20083	R_MAR03486	product	False
MAM00870	R_MAR03487	substrate	True
MAM00087	R_MAR03487	product	True
MAM20083	R_MAR03488	substrate	False
MAM00077	R_MAR03488	product	False
MAM00087	R_MAR03490	substrate	True
MAM03007	R_MAR03490	product	True
MAM00075	R_MAR03491	substrate	True
MAM00078	R_MAR03491	product	True
MAM03007	R_MAR03492	substrate	True
MAM00009	R_MAR03492	product	True
MAM00077	R_MAR03493	substrate	False
MAM00075	R_MAR03493	product	False
MAM01697	R_MAR03494	substrate	False
MAM02444	R_MAR03494	substrate	False
MAM00865	R_MAR03494	product	False
MAM00865	R_MAR03495	substrate	True
MAM00698	R_MAR03495	product	True
MAM00698	R_MAR03496	substrate	True
MAM03004	R_MAR03496	product	True
MAM03004	R_MAR03497	substrate	True
MAM00264	R_MAR03497	product	True
MAM00078	R_MAR03498	substrate	False
MAM03027	R_MAR03498	product	False
MAM03002	R_MAR03499	substrate	True
MAM00262	R_MAR03499	product	True
MAM00125	R_MAR03500	substrate	False
MAM02444	R_MAR03500	substrate	False
MAM00861	R_MAR03500	product	False
MAM03027	R_MAR03501	substrate	False
MAM00798	R_MAR03501	product	False
MAM00861	R_MAR03502	substrate	True
MAM00711	R_MAR03502	product	True
MAM00798	R_MAR03503	substrate	False
MAM00813	R_MAR03503	product	False
MAM00711	R_MAR03504	substrate	True
MAM03002	R_MAR03504	product	True
MAM00813	R_MAR03505	substrate	False
MAM00948	R_MAR03505	product	False
MAM02774	R_MAR03505	product	False
MAM00948	R_MAR03506	substrate	False
MAM00090	R_MAR03506	product	False
MAM03003	R_MAR03507	substrate	True
MAM00317	R_MAR03507	product	True
MAM00090	R_MAR03508	substrate	False
MAM00686	R_MAR03508	product	False
MAM00686	R_MAR03509	substrate	False
MAM00833	R_MAR03509	product	False
MAM00833	R_MAR03510	substrate	False
MAM00076	R_MAR03510	product	False
MAM01261	R_MAR03510	product	False
MAM00076	R_MAR03511	substrate	False
MAM00080	R_MAR03511	product	False
MAM00080	R_MAR03512	substrate	False
MAM00079	R_MAR03512	product	False
MAM00079	R_MAR03513	substrate	False
MAM00685	R_MAR03513	product	False
MAM00685	R_MAR03514	substrate	False
MAM00832	R_MAR03514	product	False
MAM00832	R_MAR03515	substrate	False
MAM00933	R_MAR03515	product	False
MAM02774	R_MAR03515	product	False
MAM00262	R_MAR03516	substrate	False
MAM02444	R_MAR03516	substrate	False
MAM00901	R_MAR03516	product	False
MAM00901	R_MAR03518	substrate	True
MAM00716	R_MAR03518	product	True
MAM00933	R_MAR03519	substrate	True
MAM02348	R_MAR03519	substrate	True
MAM00950	R_MAR03519	product	True
MAM00933	R_MAR03521	substrate	True
MAM02348	R_MAR03521	substrate	True
MAM00950	R_MAR03521	product	True
MAM00933	R_MAR03522	substrate	False
MAM00934	R_MAR03522	product	False
MAM00934	R_MAR03523	substrate	False
MAM00705	R_MAR03523	product	False
MAM00705	R_MAR03524	substrate	False
MAM00844	R_MAR03524	product	False
MAM00844	R_MAR03525	substrate	False
MAM00562	R_MAR03525	product	False
MAM01261	R_MAR03525	product	False
MAM00562	R_MAR03526	substrate	False
MAM00563	R_MAR03526	product	False
MAM00563	R_MAR03527	substrate	False
MAM00578	R_MAR03527	product	False
MAM00578	R_MAR03528	substrate	False
MAM00703	R_MAR03528	product	False
MAM00703	R_MAR03529	substrate	False
MAM00831	R_MAR03529	product	False
MAM00831	R_MAR03530	substrate	False
MAM01015	R_MAR03530	product	False
MAM02774	R_MAR03530	product	False
MAM01015	R_MAR03531	substrate	False
MAM01017	R_MAR03531	product	False
MAM01017	R_MAR03532	substrate	False
MAM00706	R_MAR03532	product	False
MAM00706	R_MAR03533	substrate	False
MAM00845	R_MAR03533	product	False
MAM00845	R_MAR03534	substrate	False
MAM01261	R_MAR03534	product	False
MAM02180	R_MAR03534	product	False
MAM00716	R_MAR03535	substrate	True
MAM03003	R_MAR03535	product	True
MAM00609	R_MAR03536	substrate	True
MAM03331	R_MAR03536	product	True
MAM03357	R_MAR03536	product	True
MAM01498	R_MAR03538	substrate	False
MAM01450	R_MAR03538	product	False
MAM02344	R_MAR03538	product	False
MAM01510	R_MAR03539	substrate	False
MAM01450	R_MAR03539	product	False
MAM03051	R_MAR03539	product	False
MAM01501	R_MAR03540	substrate	False
MAM01450	R_MAR03540	product	False
MAM02494	R_MAR03540	product	False
MAM01487	R_MAR03541	substrate	False
MAM00128	R_MAR03541	product	False
MAM01450	R_MAR03541	product	False
MAM01479	R_MAR03542	substrate	False
MAM00117	R_MAR03542	product	False
MAM01450	R_MAR03542	product	False
MAM01470	R_MAR03543	substrate	False
MAM01450	R_MAR03543	product	False
MAM02745	R_MAR03543	product	False
MAM01506	R_MAR03544	substrate	False
MAM01450	R_MAR03544	product	False
MAM02690	R_MAR03544	product	False
MAM01504	R_MAR03545	substrate	False
MAM01450	R_MAR03545	product	False
MAM02674	R_MAR03545	product	False
MAM01477	R_MAR03546	substrate	False
MAM01197	R_MAR03546	product	False
MAM01450	R_MAR03546	product	False
MAM01505	R_MAR03547	substrate	False
MAM01450	R_MAR03547	product	False
MAM02675	R_MAR03547	product	False
MAM01495	R_MAR03548	substrate	False
MAM01450	R_MAR03548	product	False
MAM02456	R_MAR03548	product	False
MAM01454	R_MAR03549	substrate	False
MAM00003	R_MAR03549	product	False
MAM01450	R_MAR03549	product	False
MAM01485	R_MAR03550	substrate	False
MAM01238	R_MAR03550	product	False
MAM01450	R_MAR03550	product	False
MAM01507	R_MAR03551	substrate	False
MAM01450	R_MAR03551	product	False
MAM02938	R_MAR03551	product	False
MAM01503	R_MAR03552	substrate	False
MAM01450	R_MAR03552	product	False
MAM02646	R_MAR03552	product	False
MAM01464	R_MAR03553	substrate	False
MAM00019	R_MAR03553	product	False
MAM01450	R_MAR03553	product	False
MAM01489	R_MAR03554	substrate	False
MAM01450	R_MAR03554	product	False
MAM01585	R_MAR03554	product	False
MAM01486	R_MAR03555	substrate	False
MAM01450	R_MAR03555	product	False
MAM01778	R_MAR03555	product	False
MAM01478	R_MAR03556	substrate	False
MAM00115	R_MAR03556	product	False
MAM01450	R_MAR03556	product	False
MAM01474	R_MAR03557	substrate	False
MAM00104	R_MAR03557	product	False
MAM01450	R_MAR03557	product	False
MAM01502	R_MAR03558	substrate	False
MAM01450	R_MAR03558	product	False
MAM02613	R_MAR03558	product	False
MAM01492	R_MAR03559	substrate	False
MAM01450	R_MAR03559	product	False
MAM01771	R_MAR03559	product	False
MAM01463	R_MAR03560	substrate	False
MAM00017	R_MAR03560	product	False
MAM01450	R_MAR03560	product	False
MAM01458	R_MAR03561	substrate	False
MAM01450	R_MAR03561	product	False
MAM01584	R_MAR03561	product	False
MAM01484	R_MAR03562	substrate	False
MAM01235	R_MAR03562	product	False
MAM01450	R_MAR03562	product	False
MAM01481	R_MAR03563	substrate	False
MAM01207	R_MAR03563	product	False
MAM01450	R_MAR03563	product	False
MAM01469	R_MAR03564	substrate	False
MAM01450	R_MAR03564	product	False
MAM02457	R_MAR03564	product	False
MAM01494	R_MAR03565	substrate	False
MAM01450	R_MAR03565	product	False
MAM02053	R_MAR03565	product	False
MAM01491	R_MAR03566	substrate	False
MAM01373	R_MAR03566	product	False
MAM01450	R_MAR03566	product	False
MAM01462	R_MAR03567	substrate	False
MAM01450	R_MAR03567	product	False
MAM01583	R_MAR03567	product	False
MAM01457	R_MAR03568	substrate	False
MAM01450	R_MAR03568	product	False
MAM01582	R_MAR03568	product	False
MAM01509	R_MAR03569	substrate	False
MAM01450	R_MAR03569	product	False
MAM03045	R_MAR03569	product	False
MAM01508	R_MAR03570	substrate	False
MAM01450	R_MAR03570	product	False
MAM02385	R_MAR03570	product	False
MAM01465	R_MAR03571	substrate	False
MAM01450	R_MAR03571	product	False
MAM02564	R_MAR03571	product	False
MAM01496	R_MAR03572	substrate	False
MAM01432	R_MAR03572	product	False
MAM01450	R_MAR03572	product	False
MAM01497	R_MAR03573	substrate	False
MAM01450	R_MAR03573	product	False
MAM03153	R_MAR03573	product	False
MAM01500	R_MAR03574	substrate	False
MAM01450	R_MAR03574	product	False
MAM02389	R_MAR03574	product	False
MAM01473	R_MAR03575	substrate	False
MAM01450	R_MAR03575	product	False
MAM02939	R_MAR03575	product	False
MAM01480	R_MAR03576	substrate	False
MAM01450	R_MAR03576	product	False
MAM02648	R_MAR03576	product	False
MAM01468	R_MAR03577	substrate	False
MAM01450	R_MAR03577	product	False
MAM01784	R_MAR03577	product	False
MAM01475	R_MAR03578	substrate	False
MAM01450	R_MAR03578	product	False
MAM01741	R_MAR03578	product	False
MAM01482	R_MAR03579	substrate	False
MAM00135	R_MAR03579	product	False
MAM01450	R_MAR03579	product	False
MAM01471	R_MAR03580	substrate	False
MAM00114	R_MAR03580	product	False
MAM01450	R_MAR03580	product	False
MAM01466	R_MAR03581	substrate	False
MAM01450	R_MAR03581	product	False
MAM01689	R_MAR03581	product	False
MAM01455	R_MAR03582	substrate	False
MAM00010	R_MAR03582	product	False
MAM01450	R_MAR03582	product	False
MAM01460	R_MAR03583	substrate	False
MAM00341	R_MAR03583	product	False
MAM01450	R_MAR03583	product	False
MAM01452	R_MAR03584	substrate	False
MAM00260	R_MAR03584	product	False
MAM01450	R_MAR03584	product	False
MAM01459	R_MAR03585	substrate	False
MAM00315	R_MAR03585	product	False
MAM01450	R_MAR03585	product	False
MAM01499	R_MAR03586	substrate	False
MAM01450	R_MAR03586	product	False
MAM02387	R_MAR03586	product	False
MAM01493	R_MAR03587	substrate	False
MAM01450	R_MAR03587	product	False
MAM01932	R_MAR03587	product	False
MAM01490	R_MAR03588	substrate	False
MAM01450	R_MAR03588	product	False
MAM01696	R_MAR03588	product	False
MAM01488	R_MAR03589	substrate	False
MAM01362	R_MAR03589	product	False
MAM01450	R_MAR03589	product	False
MAM01476	R_MAR03590	substrate	False
MAM01291	R_MAR03590	product	False
MAM01450	R_MAR03590	product	False
MAM01483	R_MAR03591	substrate	False
MAM00132	R_MAR03591	product	False
MAM01450	R_MAR03591	product	False
MAM01472	R_MAR03592	substrate	False
MAM00111	R_MAR03592	product	False
MAM01450	R_MAR03592	product	False
MAM01467	R_MAR03593	substrate	False
MAM00094	R_MAR03593	product	False
MAM01450	R_MAR03593	product	False
MAM01456	R_MAR03594	substrate	False
MAM00008	R_MAR03594	product	False
MAM01450	R_MAR03594	product	False
MAM01461	R_MAR03595	substrate	False
MAM00021	R_MAR03595	product	False
MAM01450	R_MAR03595	product	False
MAM01453	R_MAR03596	substrate	False
MAM00265	R_MAR03596	product	False
MAM01450	R_MAR03596	product	False
MAM02336	R_MAR03598	substrate	False
MAM00941	R_MAR03598	product	False
MAM03357	R_MAR03598	product	False
MAM02355	R_MAR03599	substrate	True
MAM00638	R_MAR03599	product	True
MAM01069	R_MAR03600	substrate	True
MAM01071	R_MAR03600	product	True
MAM01069	R_MAR03601	substrate	True
MAM01071	R_MAR03601	product	True
MAM01338	R_MAR03602	substrate	True
MAM01337	R_MAR03602	product	True
MAM01338	R_MAR03603	substrate	True
MAM01337	R_MAR03603	product	True
MAM02444	R_MAR03604	substrate	False
MAM02647	R_MAR03604	substrate	False
MAM00840	R_MAR03604	product	False
MAM00007	R_MAR03605	substrate	False
MAM02444	R_MAR03605	substrate	False
MAM00842	R_MAR03605	product	False
MAM00016	R_MAR03606	substrate	False
MAM02444	R_MAR03606	substrate	False
MAM00856	R_MAR03606	product	False
MAM00840	R_MAR03607	substrate	True
MAM00700	R_MAR03607	product	True
MAM00700	R_MAR03608	substrate	True
MAM03012	R_MAR03608	product	True
MAM03012	R_MAR03609	substrate	True
MAM00007	R_MAR03609	product	True
MAM00842	R_MAR03610	substrate	True
MAM00701	R_MAR03610	product	True
MAM00701	R_MAR03611	substrate	True
MAM03013	R_MAR03611	product	True
MAM03013	R_MAR03612	substrate	True
MAM00016	R_MAR03612	product	True
MAM02138	R_MAR03613	substrate	False
MAM02499	R_MAR03613	product	False
MAM02138	R_MAR03614	substrate	False
MAM02499	R_MAR03614	product	False
MAM00856	R_MAR03615	substrate	True
MAM00709	R_MAR03615	product	True
MAM00709	R_MAR03616	substrate	True
MAM03015	R_MAR03616	product	True
MAM03015	R_MAR03617	substrate	True
MAM00025	R_MAR03617	product	True
MAM02444	R_MAR03618	substrate	False
MAM02677	R_MAR03618	substrate	False
MAM03364	R_MAR03618	product	False
MAM02444	R_MAR03619	substrate	False
MAM02677	R_MAR03619	substrate	False
MAM03364	R_MAR03619	product	False
MAM03364	R_MAR03620	substrate	True
MAM03365	R_MAR03620	product	True
MAM03364	R_MAR03621	substrate	True
MAM03365	R_MAR03621	product	True
MAM03365	R_MAR03623	substrate	True
MAM03366	R_MAR03623	product	True
MAM03365	R_MAR03624	substrate	True
MAM03366	R_MAR03624	product	True
MAM01450	R_MAR03625	substrate	False
MAM02345	R_MAR03625	substrate	False
MAM01498	R_MAR03625	product	False
MAM01450	R_MAR03626	substrate	False
MAM03050	R_MAR03626	substrate	False
MAM01510	R_MAR03626	product	False
MAM01450	R_MAR03627	substrate	False
MAM02495	R_MAR03627	substrate	False
MAM01501	R_MAR03627	product	False
MAM00129	R_MAR03628	substrate	False
MAM01450	R_MAR03628	substrate	False
MAM01487	R_MAR03628	product	False
MAM00118	R_MAR03629	substrate	False
MAM01450	R_MAR03629	substrate	False
MAM01479	R_MAR03629	product	False
MAM01141	R_MAR03630	substrate	False
MAM01450	R_MAR03630	substrate	False
MAM01470	R_MAR03630	product	False
MAM01450	R_MAR03631	substrate	False
MAM02689	R_MAR03631	substrate	False
MAM01506	R_MAR03631	product	False
MAM01450	R_MAR03632	substrate	False
MAM02678	R_MAR03632	substrate	False
MAM01504	R_MAR03632	product	False
MAM01191	R_MAR03633	substrate	False
MAM01450	R_MAR03633	substrate	False
MAM01477	R_MAR03633	product	False
MAM01450	R_MAR03634	substrate	False
MAM02677	R_MAR03634	substrate	False
MAM01505	R_MAR03634	product	False
MAM01450	R_MAR03635	substrate	False
MAM02101	R_MAR03635	substrate	False
MAM01495	R_MAR03635	product	False
MAM00004	R_MAR03636	substrate	False
MAM01450	R_MAR03636	substrate	False
MAM01454	R_MAR03636	product	False
MAM01237	R_MAR03637	substrate	False
MAM01450	R_MAR03637	substrate	False
MAM01485	R_MAR03637	product	False
MAM01450	R_MAR03638	substrate	False
MAM02941	R_MAR03638	substrate	False
MAM01507	R_MAR03638	product	False
MAM00020	R_MAR03639	substrate	False
MAM01450	R_MAR03639	substrate	False
MAM01464	R_MAR03639	product	False
MAM01450	R_MAR03640	substrate	False
MAM01586	R_MAR03640	substrate	False
MAM01489	R_MAR03640	product	False
MAM01450	R_MAR03641	substrate	False
MAM02647	R_MAR03641	substrate	False
MAM01503	R_MAR03641	product	False
MAM00127	R_MAR03642	substrate	False
MAM01450	R_MAR03642	substrate	False
MAM01486	R_MAR03642	product	False
MAM00116	R_MAR03643	substrate	False
MAM01450	R_MAR03643	substrate	False
MAM01478	R_MAR03643	product	False
MAM00106	R_MAR03644	substrate	False
MAM01450	R_MAR03644	substrate	False
MAM01474	R_MAR03644	product	False
MAM01450	R_MAR03645	substrate	False
MAM02612	R_MAR03645	substrate	False
MAM01502	R_MAR03645	product	False
MAM01450	R_MAR03646	substrate	False
MAM01773	R_MAR03646	substrate	False
MAM01492	R_MAR03646	product	False
MAM00018	R_MAR03647	substrate	False
MAM01450	R_MAR03647	substrate	False
MAM01463	R_MAR03647	product	False
MAM00007	R_MAR03648	substrate	False
MAM01450	R_MAR03648	substrate	False
MAM01458	R_MAR03648	product	False
MAM01236	R_MAR03649	substrate	False
MAM01450	R_MAR03649	substrate	False
MAM01484	R_MAR03649	product	False
MAM00123	R_MAR03650	substrate	False
MAM01450	R_MAR03650	substrate	False
MAM01481	R_MAR03650	product	False
MAM00101	R_MAR03651	substrate	False
MAM01450	R_MAR03651	substrate	False
MAM01469	R_MAR03651	product	False
MAM01450	R_MAR03652	substrate	False
MAM02052	R_MAR03652	substrate	False
MAM01494	R_MAR03652	product	False
MAM01450	R_MAR03653	substrate	False
MAM01725	R_MAR03653	substrate	False
MAM01491	R_MAR03653	product	False
MAM00016	R_MAR03654	substrate	False
MAM01450	R_MAR03654	substrate	False
MAM01462	R_MAR03654	product	False
MAM00006	R_MAR03655	substrate	False
MAM01450	R_MAR03655	substrate	False
MAM01457	R_MAR03655	product	False
MAM01450	R_MAR03656	substrate	False
MAM03047	R_MAR03656	substrate	False
MAM01509	R_MAR03656	product	False
MAM01450	R_MAR03657	substrate	False
MAM02971	R_MAR03657	substrate	False
MAM01508	R_MAR03657	product	False
MAM00025	R_MAR03658	substrate	False
MAM01450	R_MAR03658	substrate	False
MAM01465	R_MAR03658	product	False
MAM01450	R_MAR03659	substrate	False
MAM02110	R_MAR03659	substrate	False
MAM01496	R_MAR03659	product	False
MAM01450	R_MAR03660	substrate	False
MAM02112	R_MAR03660	substrate	False
MAM01497	R_MAR03660	product	False
MAM01450	R_MAR03661	substrate	False
MAM02390	R_MAR03661	substrate	False
MAM01500	R_MAR03661	product	False
MAM00108	R_MAR03662	substrate	False
MAM01450	R_MAR03662	substrate	False
MAM01473	R_MAR03662	product	False
MAM00125	R_MAR03663	substrate	False
MAM01450	R_MAR03663	substrate	False
MAM01480	R_MAR03663	product	False
MAM00103	R_MAR03664	substrate	False
MAM01450	R_MAR03664	substrate	False
MAM01468	R_MAR03664	product	False
MAM00121	R_MAR03665	substrate	False
MAM01450	R_MAR03665	substrate	False
MAM01475	R_MAR03665	product	False
MAM00134	R_MAR03666	substrate	False
MAM01450	R_MAR03666	substrate	False
MAM01482	R_MAR03666	product	False
MAM00113	R_MAR03667	substrate	False
MAM01450	R_MAR03667	substrate	False
MAM01471	R_MAR03667	product	False
MAM00095	R_MAR03668	substrate	False
MAM01450	R_MAR03668	substrate	False
MAM01466	R_MAR03668	product	False
MAM00012	R_MAR03669	substrate	False
MAM01450	R_MAR03669	substrate	False
MAM01455	R_MAR03669	product	False
MAM00343	R_MAR03670	substrate	False
MAM01450	R_MAR03670	substrate	False
MAM01460	R_MAR03670	product	False
MAM00262	R_MAR03671	substrate	False
MAM01450	R_MAR03671	substrate	False
MAM01452	R_MAR03671	product	False
MAM00317	R_MAR03672	substrate	False
MAM01450	R_MAR03672	substrate	False
MAM01459	R_MAR03672	product	False
MAM01450	R_MAR03673	substrate	False
MAM02391	R_MAR03673	substrate	False
MAM01499	R_MAR03673	product	False
MAM01450	R_MAR03674	substrate	False
MAM01934	R_MAR03674	substrate	False
MAM01493	R_MAR03674	product	False
MAM01450	R_MAR03675	substrate	False
MAM01697	R_MAR03675	substrate	False
MAM01490	R_MAR03675	product	False
MAM01364	R_MAR03676	substrate	False
MAM01450	R_MAR03676	substrate	False
MAM01488	R_MAR03676	product	False
MAM00119	R_MAR03677	substrate	False
MAM01450	R_MAR03677	substrate	False
MAM01476	R_MAR03677	product	False
MAM00131	R_MAR03678	substrate	False
MAM01450	R_MAR03678	substrate	False
MAM01483	R_MAR03678	product	False
MAM00110	R_MAR03679	substrate	False
MAM01450	R_MAR03679	substrate	False
MAM01472	R_MAR03679	product	False
MAM00093	R_MAR03680	substrate	False
MAM01450	R_MAR03680	substrate	False
MAM01467	R_MAR03680	product	False
MAM00009	R_MAR03681	substrate	False
MAM01450	R_MAR03681	substrate	False
MAM01456	R_MAR03681	product	False
MAM00023	R_MAR03682	substrate	False
MAM01450	R_MAR03682	substrate	False
MAM01461	R_MAR03682	product	False
MAM00264	R_MAR03683	substrate	False
MAM01450	R_MAR03683	substrate	False
MAM01453	R_MAR03683	product	False
MAM01498	R_MAR03684	substrate	False
MAM01450	R_MAR03684	product	False
MAM02344	R_MAR03684	product	False
MAM01510	R_MAR03685	substrate	False
MAM01450	R_MAR03685	product	False
MAM03051	R_MAR03685	product	False
MAM01501	R_MAR03686	substrate	False
MAM01450	R_MAR03686	product	False
MAM02494	R_MAR03686	product	False
MAM01487	R_MAR03687	substrate	False
MAM00128	R_MAR03687	product	False
MAM01450	R_MAR03687	product	False
MAM01479	R_MAR03688	substrate	False
MAM00117	R_MAR03688	product	False
MAM01450	R_MAR03688	product	False
MAM01470	R_MAR03689	substrate	False
MAM01450	R_MAR03689	product	False
MAM02745	R_MAR03689	product	False
MAM01506	R_MAR03690	substrate	False
MAM01450	R_MAR03690	product	False
MAM02690	R_MAR03690	product	False
MAM01504	R_MAR03691	substrate	False
MAM01450	R_MAR03691	product	False
MAM02674	R_MAR03691	product	False
MAM01477	R_MAR03692	substrate	False
MAM01197	R_MAR03692	product	False
MAM01450	R_MAR03692	product	False
MAM01505	R_MAR03693	substrate	False
MAM01450	R_MAR03693	product	False
MAM02675	R_MAR03693	product	False
MAM01495	R_MAR03694	substrate	False
MAM01450	R_MAR03694	product	False
MAM02456	R_MAR03694	product	False
MAM01454	R_MAR03695	substrate	False
MAM00003	R_MAR03695	product	False
MAM01450	R_MAR03695	product	False
MAM01485	R_MAR03696	substrate	False
MAM01238	R_MAR03696	product	False
MAM01450	R_MAR03696	product	False
MAM01507	R_MAR03697	substrate	False
MAM01450	R_MAR03697	product	False
MAM02938	R_MAR03697	product	False
MAM01464	R_MAR03698	substrate	False
MAM00019	R_MAR03698	product	False
MAM01450	R_MAR03698	product	False
MAM01489	R_MAR03699	substrate	False
MAM01450	R_MAR03699	product	False
MAM01585	R_MAR03699	product	False
MAM01503	R_MAR03700	substrate	False
MAM01450	R_MAR03700	product	False
MAM02646	R_MAR03700	product	False
MAM01486	R_MAR03701	substrate	False
MAM01450	R_MAR03701	product	False
MAM01778	R_MAR03701	product	False
MAM01478	R_MAR03702	substrate	False
MAM00115	R_MAR03702	product	False
MAM01450	R_MAR03702	product	False
MAM01474	R_MAR03703	substrate	False
MAM00104	R_MAR03703	product	False
MAM01450	R_MAR03703	product	False
MAM01502	R_MAR03704	substrate	False
MAM01450	R_MAR03704	product	False
MAM02613	R_MAR03704	product	False
MAM01492	R_MAR03705	substrate	False
MAM01450	R_MAR03705	product	False
MAM01771	R_MAR03705	product	False
MAM01463	R_MAR03706	substrate	False
MAM00017	R_MAR03706	product	False
MAM01450	R_MAR03706	product	False
MAM01458	R_MAR03707	substrate	False
MAM01450	R_MAR03707	product	False
MAM01584	R_MAR03707	product	False
MAM01484	R_MAR03708	substrate	False
MAM01235	R_MAR03708	product	False
MAM01450	R_MAR03708	product	False
MAM01481	R_MAR03709	substrate	False
MAM01207	R_MAR03709	product	False
MAM01450	R_MAR03709	product	False
MAM01469	R_MAR03710	substrate	False
MAM01450	R_MAR03710	product	False
MAM02457	R_MAR03710	product	False
MAM01494	R_MAR03711	substrate	False
MAM01450	R_MAR03711	product	False
MAM02053	R_MAR03711	product	False
MAM01491	R_MAR03712	substrate	False
MAM01373	R_MAR03712	product	False
MAM01450	R_MAR03712	product	False
MAM01462	R_MAR03713	substrate	False
MAM01450	R_MAR03713	product	False
MAM01583	R_MAR03713	product	False
MAM01457	R_MAR03714	substrate	False
MAM01450	R_MAR03714	product	False
MAM01582	R_MAR03714	product	False
MAM01509	R_MAR03715	substrate	False
MAM01450	R_MAR03715	product	False
MAM03045	R_MAR03715	product	False
MAM01508	R_MAR03716	substrate	False
MAM01450	R_MAR03716	product	False
MAM02385	R_MAR03716	product	False
MAM01465	R_MAR03717	substrate	False
MAM01450	R_MAR03717	product	False
MAM02564	R_MAR03717	product	False
MAM01496	R_MAR03718	substrate	False
MAM01432	R_MAR03718	product	False
MAM01450	R_MAR03718	product	False
MAM01497	R_MAR03719	substrate	False
MAM01450	R_MAR03719	product	False
MAM03153	R_MAR03719	product	False
MAM01500	R_MAR03720	substrate	False
MAM01450	R_MAR03720	product	False
MAM02389	R_MAR03720	product	False
MAM01473	R_MAR03721	substrate	False
MAM01450	R_MAR03721	product	False
MAM02939	R_MAR03721	product	False
MAM01480	R_MAR03722	substrate	False
MAM01450	R_MAR03722	product	False
MAM02648	R_MAR03722	product	False
MAM01468	R_MAR03723	substrate	False
MAM01450	R_MAR03723	product	False
MAM01784	R_MAR03723	product	False
MAM01475	R_MAR03724	substrate	False
MAM01450	R_MAR03724	product	False
MAM01741	R_MAR03724	product	False
MAM01482	R_MAR03725	substrate	False
MAM00135	R_MAR03725	product	False
MAM01450	R_MAR03725	product	False
MAM01471	R_MAR03726	substrate	False
MAM00114	R_MAR03726	product	False
MAM01450	R_MAR03726	product	False
MAM01466	R_MAR03727	substrate	False
MAM01450	R_MAR03727	product	False
MAM01689	R_MAR03727	product	False
MAM01455	R_MAR03728	substrate	False
MAM00010	R_MAR03728	product	False
MAM01450	R_MAR03728	product	False
MAM01460	R_MAR03729	substrate	False
MAM00341	R_MAR03729	product	False
MAM01450	R_MAR03729	product	False
MAM01452	R_MAR03730	substrate	False
MAM00260	R_MAR03730	product	False
MAM01450	R_MAR03730	product	False
MAM01459	R_MAR03731	substrate	False
MAM00315	R_MAR03731	product	False
MAM01450	R_MAR03731	product	False
MAM01499	R_MAR03732	substrate	False
MAM01450	R_MAR03732	product	False
MAM02387	R_MAR03732	product	False
MAM01493	R_MAR03733	substrate	False
MAM01450	R_MAR03733	product	False
MAM01932	R_MAR03733	product	False
MAM01490	R_MAR03734	substrate	False
MAM01450	R_MAR03734	product	False
MAM01696	R_MAR03734	product	False
MAM01488	R_MAR03735	substrate	False
MAM01362	R_MAR03735	product	False
MAM01450	R_MAR03735	product	False
MAM01476	R_MAR03736	substrate	False
MAM01291	R_MAR03736	product	False
MAM01450	R_MAR03736	product	False
MAM01483	R_MAR03737	substrate	False
MAM00132	R_MAR03737	product	False
MAM01450	R_MAR03737	product	False
MAM01472	R_MAR03738	substrate	False
MAM00111	R_MAR03738	product	False
MAM01450	R_MAR03738	product	False
MAM01467	R_MAR03739	substrate	False
MAM00094	R_MAR03739	product	False
MAM01450	R_MAR03739	product	False
MAM01456	R_MAR03740	substrate	False
MAM00008	R_MAR03740	product	False
MAM01450	R_MAR03740	product	False
MAM01461	R_MAR03741	substrate	False
MAM00021	R_MAR03741	product	False
MAM01450	R_MAR03741	product	False
MAM01453	R_MAR03742	substrate	False
MAM00265	R_MAR03742	product	False
MAM01450	R_MAR03742	product	False
MAM02558	R_MAR03743	substrate	True
MAM01364	R_MAR03743	product	True
MAM01986	R_MAR03743	product	True
MAM01306	R_MAR03744	substrate	False
MAM03135	R_MAR03744	substrate	False
MAM00824	R_MAR03744	product	False
MAM01974	R_MAR03744	product	False
MAM03366	R_MAR03745	substrate	True
MAM02647	R_MAR03745	product	True
MAM01306	R_MAR03747	substrate	False
MAM03135	R_MAR03747	substrate	False
MAM00824	R_MAR03747	product	False
MAM01974	R_MAR03747	product	False
MAM03366	R_MAR03749	substrate	True
MAM02647	R_MAR03749	product	True
MAM02181	R_MAR03750	substrate	True
MAM01986	R_MAR03750	product	True
MAM02180	R_MAR03750	product	True
MAM02468	R_MAR03752	substrate	True
MAM02180	R_MAR03752	product	True
MAM02468	R_MAR03753	substrate	False
MAM00785	R_MAR03753	product	False
MAM00785	R_MAR03755	substrate	False
MAM00784	R_MAR03755	product	False
MAM00749	R_MAR03756	substrate	True
MAM03367	R_MAR03756	product	True
MAM00784	R_MAR03757	substrate	False
MAM00661	R_MAR03757	product	False
MAM03367	R_MAR03758	substrate	True
MAM03368	R_MAR03758	product	True
MAM00661	R_MAR03759	substrate	False
MAM02479	R_MAR03759	product	False
MAM00661	R_MAR03761	substrate	False
MAM00166	R_MAR03761	product	False
MAM02479	R_MAR03763	substrate	False
MAM00166	R_MAR03763	product	False
MAM03367	R_MAR03764	substrate	True
MAM00748	R_MAR03764	product	True
MAM01306	R_MAR03765	substrate	False
MAM02360	R_MAR03765	substrate	False
MAM01013	R_MAR03765	product	False
MAM01974	R_MAR03765	product	False
MAM01090	R_MAR03766	substrate	False
MAM01091	R_MAR03766	product	False
MAM01090	R_MAR03768	substrate	False
MAM01091	R_MAR03768	product	False
MAM00826	R_MAR03770	substrate	True
MAM02189	R_MAR03770	product	True
MAM02190	R_MAR03771	substrate	True
MAM01986	R_MAR03771	product	True
MAM02189	R_MAR03771	product	True
MAM00825	R_MAR03772	substrate	True
MAM00826	R_MAR03772	product	True
MAM01986	R_MAR03772	product	True
MAM00826	R_MAR03773	substrate	False
MAM00827	R_MAR03773	product	False
MAM01091	R_MAR03774	substrate	True
MAM00751	R_MAR03774	product	True
MAM00827	R_MAR03775	substrate	True
MAM02131	R_MAR03775	product	True
MAM02734	R_MAR03776	substrate	True
MAM02735	R_MAR03776	product	True
MAM01306	R_MAR03777	substrate	False
MAM02184	R_MAR03777	substrate	False
MAM00669	R_MAR03777	product	False
MAM01974	R_MAR03777	product	False
MAM01306	R_MAR03778	substrate	False
MAM02184	R_MAR03778	substrate	False
MAM00669	R_MAR03778	product	False
MAM01974	R_MAR03778	product	False
MAM02750	R_MAR03779	substrate	False
MAM02171	R_MAR03779	product	False
MAM02730	R_MAR03779	product	False
MAM02750	R_MAR03781	substrate	False
MAM02171	R_MAR03781	product	False
MAM02730	R_MAR03781	product	False
MAM00663	R_MAR03782	substrate	True
MAM01986	R_MAR03782	substrate	True
MAM00664	R_MAR03782	product	True
MAM00663	R_MAR03784	substrate	True
MAM02999	R_MAR03784	product	True
MAM02999	R_MAR03785	substrate	False
MAM00171	R_MAR03785	product	False
MAM02750	R_MAR03786	substrate	False
MAM02171	R_MAR03786	product	False
MAM02730	R_MAR03786	product	False
MAM01253	R_MAR03787	substrate	False
MAM02944	R_MAR03787	substrate	False
MAM01255	R_MAR03787	product	False
MAM02943	R_MAR03787	product	False
MAM01362	R_MAR03788	substrate	False
MAM00279	R_MAR03788	product	False
MAM00661	R_MAR03790	substrate	False
MAM02479	R_MAR03790	product	False
MAM02808	R_MAR03791	substrate	False
MAM02731	R_MAR03791	product	False
MAM02896	R_MAR03791	product	False
MAM00661	R_MAR03792	substrate	True
MAM01974	R_MAR03792	substrate	True
MAM01306	R_MAR03792	product	True
MAM01633	R_MAR03792	product	True
MAM00661	R_MAR03793	substrate	True
MAM01307	R_MAR03793	substrate	True
MAM01633	R_MAR03793	product	True
MAM02819	R_MAR03793	product	True
MAM02530	R_MAR03794	substrate	True
MAM01261	R_MAR03794	product	True
MAM01307	R_MAR03794	product	True
MAM00661	R_MAR03795	substrate	False
MAM02774	R_MAR03795	product	False
MAM01334	R_MAR03796	substrate	True
MAM02774	R_MAR03796	substrate	True
MAM02775	R_MAR03796	product	True
MAM02772	R_MAR03797	substrate	False
MAM02774	R_MAR03797	product	False
MAM02808	R_MAR03798	substrate	False
MAM02731	R_MAR03798	product	False
MAM02896	R_MAR03798	product	False
MAM02774	R_MAR03799	substrate	False
MAM02772	R_MAR03799	product	False
MAM00671	R_MAR03800	substrate	False
MAM02984	R_MAR03800	substrate	False
MAM20081	R_MAR03800	product	False
MAM01151	R_MAR03801	substrate	False
MAM01120	R_MAR03801	product	False
MAM01306	R_MAR03802	substrate	True
MAM01974	R_MAR03802	product	True
MAM01151	R_MAR03803	substrate	False
MAM01120	R_MAR03803	product	False
MAM01306	R_MAR03804	substrate	True
MAM01974	R_MAR03804	product	True
MAM01151	R_MAR03805	substrate	False
MAM01120	R_MAR03805	product	False
MAM01974	R_MAR03806	substrate	True
MAM02374	R_MAR03806	product	True
MAM01306	R_MAR03807	substrate	True
MAM02658	R_MAR03807	substrate	True
MAM01974	R_MAR03807	product	True
MAM02374	R_MAR03807	product	True
MAM00689	R_MAR03808	substrate	True
MAM00740	R_MAR03808	product	True
MAM01588	R_MAR03809	substrate	True
MAM01420	R_MAR03809	product	True
MAM02658	R_MAR03809	product	True
MAM00836	R_MAR03810	substrate	True
MAM00835	R_MAR03810	product	True
MAM01370	R_MAR03811	substrate	False
MAM01588	R_MAR03811	substrate	False
MAM01366	R_MAR03811	product	False
MAM00690	R_MAR03812	substrate	True
MAM00741	R_MAR03812	product	True
MAM01365	R_MAR03813	substrate	True
MAM01862	R_MAR03813	substrate	True
MAM01366	R_MAR03813	product	True
MAM00838	R_MAR03814	substrate	True
MAM00837	R_MAR03814	product	True
MAM00752	R_MAR03815	substrate	True
MAM00751	R_MAR03815	product	True
MAM01365	R_MAR03816	substrate	False
MAM02658	R_MAR03816	product	False
MAM03121	R_MAR03816	product	False
MAM00752	R_MAR03817	substrate	False
MAM00751	R_MAR03817	product	False
MAM00559	R_MAR03819	substrate	True
MAM02374	R_MAR03819	product	True
MAM00559	R_MAR03820	substrate	True
MAM02374	R_MAR03820	product	True
MAM00752	R_MAR03821	substrate	True
MAM00751	R_MAR03821	product	True
MAM00559	R_MAR03822	substrate	False
MAM01974	R_MAR03822	product	False
MAM00171	R_MAR03823	substrate	True
MAM00662	R_MAR03823	product	True
MAM00516	R_MAR03824	substrate	False
MAM01513	R_MAR03824	product	False
MAM03320	R_MAR03824	product	False
MAM01321	R_MAR03826	substrate	True
MAM00766	R_MAR03826	product	True
MAM01973	R_MAR03826	product	True
MAM01306	R_MAR03827	substrate	True
MAM01370	R_MAR03827	substrate	True
MAM01974	R_MAR03827	product	True
MAM02633	R_MAR03827	product	True
MAM01321	R_MAR03828	substrate	True
MAM00766	R_MAR03828	product	True
MAM01973	R_MAR03828	product	True
MAM01306	R_MAR03829	substrate	True
MAM01370	R_MAR03829	substrate	True
MAM01974	R_MAR03829	product	True
MAM02633	R_MAR03829	product	True
MAM01218	R_MAR03830	substrate	False
MAM00311	R_MAR03830	product	False
MAM01365	R_MAR03832	substrate	False
MAM01588	R_MAR03832	product	False
MAM00559	R_MAR03833	substrate	False
MAM02770	R_MAR03833	product	False
MAM02796	R_MAR03834	substrate	True
MAM01662	R_MAR03834	product	True
MAM00559	R_MAR03835	substrate	False
MAM02770	R_MAR03835	product	False
MAM02796	R_MAR03836	substrate	True
MAM01662	R_MAR03836	product	True
MAM00559	R_MAR03837	substrate	False
MAM02770	R_MAR03837	product	False
MAM00913	R_MAR03839	substrate	True
MAM00914	R_MAR03839	product	True
MAM00252	R_MAR03840	substrate	False
MAM00597	R_MAR03840	product	False
MAM00914	R_MAR03841	substrate	True
MAM01974	R_MAR03841	substrate	True
MAM00916	R_MAR03841	product	True
MAM01306	R_MAR03841	product	True
MAM00252	R_MAR03842	substrate	False
MAM00597	R_MAR03842	product	False
MAM00916	R_MAR03843	substrate	False
MAM02896	R_MAR03843	product	False
MAM00688	R_MAR03844	substrate	True
MAM00687	R_MAR03844	product	True
MAM02896	R_MAR03845	substrate	True
MAM02980	R_MAR03845	substrate	True
MAM01045	R_MAR03845	product	True
MAM01986	R_MAR03845	product	True
MAM00252	R_MAR03846	substrate	False
MAM00258	R_MAR03846	product	False
MAM02321	R_MAR03847	substrate	True
MAM01261	R_MAR03847	product	True
MAM01986	R_MAR03847	product	True
MAM02880	R_MAR03849	substrate	False
MAM01831	R_MAR03849	product	False
MAM01986	R_MAR03849	product	False
MAM00919	R_MAR03851	substrate	False
MAM02819	R_MAR03851	product	False
MAM02949	R_MAR03851	product	False
MAM01332	R_MAR03852	substrate	False
MAM02475	R_MAR03852	product	False
MAM02026	R_MAR03853	substrate	False
MAM02475	R_MAR03853	substrate	False
MAM00168	R_MAR03853	product	False
MAM02475	R_MAR03854	substrate	False
MAM02329	R_MAR03854	product	False
MAM02329	R_MAR03855	substrate	False
MAM02771	R_MAR03855	product	False
MAM02475	R_MAR03856	substrate	False
MAM01715	R_MAR03856	product	False
MAM00168	R_MAR03857	substrate	False
MAM01716	R_MAR03857	product	False
MAM02026	R_MAR03857	product	False
MAM01716	R_MAR03859	substrate	False
MAM01824	R_MAR03859	substrate	False
MAM01826	R_MAR03859	product	False
MAM02819	R_MAR03859	product	False
MAM02321	R_MAR03860	substrate	False
MAM01332	R_MAR03860	product	False
MAM00918	R_MAR03861	substrate	False
MAM01306	R_MAR03861	substrate	False
MAM00919	R_MAR03861	product	False
MAM01974	R_MAR03861	product	False
MAM01369	R_MAR03862	substrate	False
MAM01370	R_MAR03862	product	False
MAM00918	R_MAR03865	substrate	False
MAM01306	R_MAR03865	substrate	False
MAM00919	R_MAR03865	product	False
MAM01974	R_MAR03865	product	False
MAM00919	R_MAR03866	substrate	False
MAM02819	R_MAR03866	product	False
MAM02949	R_MAR03866	product	False
MAM02027	R_MAR03868	substrate	False
MAM02026	R_MAR03868	product	False
MAM02027	R_MAR03869	substrate	False
MAM02026	R_MAR03869	product	False
MAM02027	R_MAR03870	substrate	False
MAM02026	R_MAR03870	product	False
MAM01674	R_MAR03871	substrate	False
MAM01597	R_MAR03871	product	False
MAM00252	R_MAR03872	substrate	False
MAM00258	R_MAR03872	product	False
MAM00252	R_MAR03874	substrate	False
MAM00258	R_MAR03874	product	False
MAM01371	R_MAR03875	substrate	False
MAM02471	R_MAR03875	substrate	False
MAM02877	R_MAR03875	product	False
MAM00691	R_MAR03876	substrate	True
MAM00846	R_MAR03876	product	True
MAM02871	R_MAR03877	substrate	False
MAM01280	R_MAR03877	product	False
MAM02133	R_MAR03877	product	False
MAM01362	R_MAR03878	substrate	False
MAM02631	R_MAR03878	substrate	False
MAM01246	R_MAR03878	product	False
MAM02133	R_MAR03879	substrate	False
MAM02896	R_MAR03879	substrate	False
MAM02349	R_MAR03879	product	False
MAM01362	R_MAR03880	substrate	False
MAM02631	R_MAR03880	substrate	False
MAM00335	R_MAR03880	product	False
MAM02349	R_MAR03881	substrate	False
MAM00671	R_MAR03881	product	False
MAM01628	R_MAR03881	product	False
MAM01362	R_MAR03882	substrate	False
MAM01214	R_MAR03882	product	False
MAM02896	R_MAR03883	substrate	False
MAM02819	R_MAR03883	product	False
MAM01362	R_MAR03884	substrate	False
MAM02631	R_MAR03884	substrate	False
MAM00302	R_MAR03884	product	False
MAM01255	R_MAR03885	substrate	True
MAM01261	R_MAR03885	product	True
MAM02364	R_MAR03886	substrate	True
MAM01123	R_MAR03886	product	True
MAM02364	R_MAR03887	substrate	True
MAM01123	R_MAR03887	product	True
MAM02364	R_MAR03888	substrate	True
MAM01123	R_MAR03888	product	True
MAM01127	R_MAR03889	substrate	False
MAM01974	R_MAR03889	product	False
MAM01974	R_MAR03890	substrate	False
MAM01975	R_MAR03890	product	False
MAM01040	R_MAR03891	substrate	False
MAM00590	R_MAR03891	product	False
MAM01975	R_MAR03892	substrate	False
MAM01974	R_MAR03892	product	False
MAM01040	R_MAR03893	substrate	False
MAM01050	R_MAR03893	product	False
MAM01040	R_MAR03894	substrate	True
MAM01126	R_MAR03894	product	True
MAM01974	R_MAR03895	substrate	False
MAM01976	R_MAR03895	product	False
MAM01040	R_MAR03896	substrate	True
MAM01126	R_MAR03896	product	True
MAM01976	R_MAR03897	substrate	False
MAM02374	R_MAR03897	product	False
MAM00380	R_MAR03898	substrate	True
MAM00376	R_MAR03898	product	True
MAM01306	R_MAR03899	substrate	True
MAM01307	R_MAR03899	substrate	True
MAM01974	R_MAR03899	product	True
MAM02819	R_MAR03899	product	True
MAM00028	R_MAR03900	substrate	False
MAM01056	R_MAR03900	product	False
MAM01986	R_MAR03901	substrate	False
MAM02880	R_MAR03901	product	False
MAM03321	R_MAR03902	substrate	False
MAM02684	R_MAR03902	product	False
MAM01370	R_MAR03903	substrate	False
MAM01975	R_MAR03903	substrate	False
MAM01369	R_MAR03903	product	False
MAM01974	R_MAR03903	product	False
MAM03321	R_MAR03904	substrate	False
MAM02684	R_MAR03904	product	False
MAM01796	R_MAR03905	substrate	False
MAM01249	R_MAR03905	product	False
MAM00307	R_MAR03906	substrate	False
MAM02364	R_MAR03906	product	False
MAM01796	R_MAR03907	substrate	False
MAM01249	R_MAR03907	product	False
MAM01628	R_MAR03908	substrate	False
MAM00918	R_MAR03908	product	False
MAM02364	R_MAR03909	substrate	False
MAM01047	R_MAR03909	product	False
MAM00918	R_MAR03910	substrate	False
MAM02157	R_MAR03910	product	False
MAM01306	R_MAR03912	substrate	True
MAM01628	R_MAR03912	substrate	True
MAM01974	R_MAR03912	product	True
MAM02464	R_MAR03912	product	True
MAM02364	R_MAR03913	substrate	False
MAM01047	R_MAR03913	product	False
MAM00684	R_MAR03914	substrate	True
MAM03405	R_MAR03914	product	True
MAM03510	R_MAR03914	product	True
MAM02980	R_MAR03915	substrate	False
MAM01115	R_MAR03915	product	False
MAM01115	R_MAR03917	substrate	False
MAM02133	R_MAR03917	substrate	False
MAM02471	R_MAR03917	product	False
MAM02980	R_MAR03917	product	False
MAM00309	R_MAR03918	substrate	True
MAM02096	R_MAR03918	product	True
MAM02540	R_MAR03919	substrate	True
MAM01252	R_MAR03919	product	True
MAM02471	R_MAR03919	product	True
MAM02134	R_MAR03920	substrate	True
MAM02133	R_MAR03920	product	True
MAM02533	R_MAR03922	substrate	True
MAM01261	R_MAR03922	product	True
MAM02349	R_MAR03922	product	True
MAM00309	R_MAR03924	substrate	True
MAM02096	R_MAR03924	product	True
MAM01698	R_MAR03925	substrate	True
MAM02978	R_MAR03925	product	True
MAM02026	R_MAR03926	substrate	True
MAM02096	R_MAR03926	substrate	True
MAM02097	R_MAR03926	product	True
MAM01040	R_MAR03927	substrate	False
MAM02364	R_MAR03927	product	False
MAM02464	R_MAR03928	substrate	False
MAM02949	R_MAR03928	substrate	False
MAM02043	R_MAR03928	product	False
MAM02819	R_MAR03928	product	False
MAM01044	R_MAR03929	substrate	True
MAM01099	R_MAR03929	product	True
MAM01040	R_MAR03930	substrate	False
MAM02364	R_MAR03930	product	False
MAM01126	R_MAR03932	substrate	False
MAM01123	R_MAR03932	product	False
MAM01837	R_MAR03933	substrate	True
MAM02152	R_MAR03933	product	True
MAM01126	R_MAR03934	substrate	False
MAM01123	R_MAR03934	product	False
MAM01831	R_MAR03935	substrate	True
MAM02026	R_MAR03935	substrate	True
MAM02152	R_MAR03935	product	True
MAM01126	R_MAR03936	substrate	False
MAM01123	R_MAR03936	product	False
MAM01837	R_MAR03937	substrate	False
MAM01833	R_MAR03937	product	False
MAM02026	R_MAR03937	product	False
MAM01234	R_MAR03938	substrate	True
MAM02026	R_MAR03938	substrate	True
MAM02859	R_MAR03938	product	True
MAM00630	R_MAR03939	substrate	True
MAM01986	R_MAR03939	product	True
MAM02944	R_MAR03939	product	True
MAM01234	R_MAR03941	substrate	True
MAM02026	R_MAR03941	substrate	True
MAM02859	R_MAR03941	product	True
MAM02026	R_MAR03942	substrate	True
MAM02796	R_MAR03942	substrate	True
MAM02864	R_MAR03942	product	True
MAM02026	R_MAR03943	substrate	True
MAM02796	R_MAR03943	substrate	True
MAM02864	R_MAR03943	product	True
MAM01967	R_MAR03944	substrate	False
MAM03108	R_MAR03944	product	False
MAM01662	R_MAR03945	substrate	True
MAM02026	R_MAR03945	substrate	True
MAM02860	R_MAR03945	product	True
MAM02183	R_MAR03957	substrate	False
MAM01306	R_MAR03957	product	False
MAM02183	R_MAR03958	substrate	True
MAM01306	R_MAR03958	product	True
MAM01662	R_MAR03961	substrate	True
MAM02026	R_MAR03961	substrate	True
MAM02860	R_MAR03961	product	True
MAM02783	R_MAR03962	substrate	True
MAM01234	R_MAR03962	product	True
MAM02026	R_MAR03963	substrate	True
MAM02777	R_MAR03963	substrate	True
MAM02863	R_MAR03963	product	True
MAM01754	R_MAR03965	substrate	False
MAM01755	R_MAR03965	product	False
MAM01754	R_MAR03968	substrate	True
MAM01755	R_MAR03968	product	True
MAM02193	R_MAR03969	substrate	False
MAM03123	R_MAR03969	substrate	False
MAM02161	R_MAR03969	product	False
MAM03114	R_MAR03969	product	False
MAM03114	R_MAR03970	substrate	False
MAM03123	R_MAR03970	product	False
MAM01831	R_MAR03972	substrate	False
MAM02980	R_MAR03972	substrate	False
MAM01045	R_MAR03972	product	False
MAM02026	R_MAR03973	substrate	True
MAM02777	R_MAR03973	substrate	True
MAM02863	R_MAR03973	product	True
MAM01654	R_MAR03974	substrate	False
MAM02819	R_MAR03974	product	False
MAM02026	R_MAR03976	substrate	True
MAM02776	R_MAR03976	substrate	True
MAM02862	R_MAR03976	product	True
MAM02026	R_MAR03978	substrate	True
MAM02776	R_MAR03978	substrate	True
MAM02862	R_MAR03978	product	True
MAM00421	R_MAR03981	substrate	True
MAM02649	R_MAR03981	product	True
MAM00581	R_MAR03983	substrate	True
MAM00420	R_MAR03983	product	True
MAM02793	R_MAR03985	substrate	True
MAM02785	R_MAR03985	product	True
MAM01438	R_MAR03986	substrate	False
MAM01439	R_MAR03986	product	False
MAM01439	R_MAR03988	substrate	False
MAM02527	R_MAR03988	product	False
MAM02450	R_MAR03989	substrate	False
MAM01965	R_MAR03989	product	False
MAM00329	R_MAR03990	substrate	True
MAM00328	R_MAR03990	product	True
MAM02497	R_MAR03993	substrate	False
MAM01588	R_MAR03993	product	False
MAM02609	R_MAR03993	product	False
MAM00329	R_MAR03994	substrate	True
MAM00328	R_MAR03994	product	True
MAM01629	R_MAR03995	substrate	True
MAM01628	R_MAR03995	product	True
MAM01629	R_MAR03996	substrate	True
MAM01628	R_MAR03996	product	True
MAM03352	R_MAR03997	substrate	False
MAM03021	R_MAR03997	product	False
MAM01371	R_MAR04000	substrate	False
MAM01419	R_MAR04000	product	False
MAM03352	R_MAR04001	substrate	False
MAM03021	R_MAR04001	product	False
MAM00980	R_MAR04003	substrate	False
MAM00678	R_MAR04003	product	False
MAM01936	R_MAR04007	substrate	True
MAM01211	R_MAR04007	product	True
MAM02891	R_MAR04009	substrate	False
MAM02892	R_MAR04009	product	False
MAM01334	R_MAR04010	substrate	False
MAM01280	R_MAR04010	product	False
MAM01115	R_MAR04011	substrate	False
MAM02890	R_MAR04011	substrate	False
MAM02891	R_MAR04011	product	False
MAM02980	R_MAR04011	product	False
MAM01280	R_MAR04012	substrate	False
MAM01334	R_MAR04012	product	False
MAM01115	R_MAR04013	substrate	False
MAM02890	R_MAR04013	substrate	False
MAM02891	R_MAR04013	product	False
MAM02980	R_MAR04013	product	False
MAM01419	R_MAR04014	substrate	False
MAM01334	R_MAR04014	product	False
MAM02617	R_MAR04015	substrate	False
MAM02618	R_MAR04015	product	False
MAM01374	R_MAR04017	substrate	False
MAM03381	R_MAR04017	product	False
MAM01374	R_MAR04019	substrate	False
MAM03381	R_MAR04019	product	False
MAM03381	R_MAR04021	substrate	False
MAM03378	R_MAR04021	product	False
MAM02034	R_MAR04022	substrate	False
MAM01433	R_MAR04022	product	False
MAM03381	R_MAR04023	substrate	False
MAM03378	R_MAR04023	product	False
MAM03381	R_MAR04025	substrate	False
MAM03378	R_MAR04025	product	False
MAM01375	R_MAR04027	substrate	False
MAM03379	R_MAR04027	product	False
MAM01375	R_MAR04029	substrate	False
MAM03379	R_MAR04029	product	False
MAM01375	R_MAR04031	substrate	False
MAM03379	R_MAR04031	product	False
MAM03130	R_MAR04032	substrate	False
MAM01623	R_MAR04032	product	False
MAM01379	R_MAR04033	substrate	False
MAM03380	R_MAR04033	product	False
MAM01975	R_MAR04034	substrate	False
MAM01420	R_MAR04034	product	False
MAM01974	R_MAR04034	product	False
MAM01379	R_MAR04035	substrate	False
MAM03380	R_MAR04035	product	False
MAM02660	R_MAR04036	substrate	False
MAM03114	R_MAR04036	product	False
MAM01379	R_MAR04037	substrate	False
MAM03380	R_MAR04037	product	False
MAM01804	R_MAR04038	substrate	True
MAM02167	R_MAR04038	product	True
MAM01174	R_MAR04039	substrate	False
MAM03386	R_MAR04039	product	False
MAM02167	R_MAR04040	substrate	False
MAM03150	R_MAR04040	product	False
MAM01174	R_MAR04041	substrate	False
MAM03386	R_MAR04041	product	False
MAM01370	R_MAR04042	substrate	False
MAM02167	R_MAR04042	substrate	False
MAM01282	R_MAR04042	product	False
MAM03386	R_MAR04043	substrate	False
MAM03387	R_MAR04043	product	False
MAM01642	R_MAR04044	substrate	True
MAM01637	R_MAR04044	product	True
MAM03386	R_MAR04045	substrate	False
MAM03387	R_MAR04045	product	False
MAM01975	R_MAR04046	substrate	False
MAM03150	R_MAR04046	substrate	False
MAM01974	R_MAR04046	product	False
MAM02016	R_MAR04046	product	False
MAM03386	R_MAR04047	substrate	False
MAM03387	R_MAR04047	product	False
MAM01433	R_MAR04048	substrate	False
MAM02016	R_MAR04048	product	False
MAM03387	R_MAR04049	substrate	False
MAM03388	R_MAR04049	product	False
MAM02559	R_MAR04050	substrate	True
MAM01370	R_MAR04050	product	True
MAM01420	R_MAR04050	product	True
MAM03387	R_MAR04051	substrate	False
MAM03388	R_MAR04051	product	False
MAM02845	R_MAR04052	substrate	False
MAM02806	R_MAR04052	product	False
MAM03382	R_MAR04053	substrate	False
MAM03383	R_MAR04053	product	False
MAM02996	R_MAR04054	substrate	False
MAM01752	R_MAR04054	product	False
MAM03382	R_MAR04055	substrate	False
MAM03383	R_MAR04055	product	False
MAM01752	R_MAR04056	substrate	False
MAM02996	R_MAR04056	product	False
MAM03383	R_MAR04057	substrate	False
MAM03384	R_MAR04057	product	False
MAM01674	R_MAR04058	substrate	False
MAM01597	R_MAR04058	product	False
MAM02814	R_MAR04064	substrate	False
MAM02813	R_MAR04064	product	False
MAM02813	R_MAR04065	substrate	False
MAM02814	R_MAR04065	product	False
MAM02817	R_MAR04066	substrate	False
MAM02818	R_MAR04066	product	False
MAM02818	R_MAR04067	substrate	False
MAM02814	R_MAR04067	product	False
MAM02815	R_MAR04068	substrate	False
MAM02816	R_MAR04068	product	False
MAM02815	R_MAR04070	substrate	False
MAM02813	R_MAR04070	product	False
MAM02813	R_MAR04071	substrate	True
MAM02817	R_MAR04071	product	True
MAM01721	R_MAR04072	substrate	False
MAM01722	R_MAR04072	product	False
MAM02877	R_MAR04073	substrate	False
MAM02870	R_MAR04073	product	False
MAM03383	R_MAR04074	substrate	False
MAM03384	R_MAR04074	product	False
MAM02812	R_MAR04075	substrate	False
MAM02870	R_MAR04075	substrate	False
MAM01116	R_MAR04075	product	False
MAM02923	R_MAR04075	product	False
MAM03383	R_MAR04076	substrate	False
MAM03384	R_MAR04076	product	False
MAM02870	R_MAR04077	substrate	False
MAM02923	R_MAR04077	substrate	False
MAM01116	R_MAR04077	product	False
MAM02926	R_MAR04077	product	False
MAM02926	R_MAR04078	substrate	False
MAM00760	R_MAR04078	product	False
MAM02923	R_MAR04078	product	False
MAM00760	R_MAR04079	substrate	False
MAM01383	R_MAR04079	product	False
MAM01334	R_MAR04080	substrate	False
MAM02167	R_MAR04080	product	False
MAM01334	R_MAR04081	substrate	False
MAM01280	R_MAR04081	product	False
MAM01334	R_MAR04082	substrate	False
MAM01280	R_MAR04082	product	False
MAM01280	R_MAR04083	substrate	False
MAM01334	R_MAR04083	product	False
MAM02681	R_MAR04084	substrate	False
MAM01334	R_MAR04084	product	False
MAM01279	R_MAR04085	substrate	False
MAM02806	R_MAR04085	substrate	False
MAM01334	R_MAR04085	product	False
MAM01279	R_MAR04086	substrate	False
MAM02806	R_MAR04086	substrate	False
MAM01334	R_MAR04086	product	False
MAM02439	R_MAR04087	substrate	False
MAM02819	R_MAR04087	product	False
MAM03384	R_MAR04088	substrate	False
MAM03385	R_MAR04088	product	False
MAM02439	R_MAR04089	substrate	False
MAM02819	R_MAR04089	product	False
MAM03384	R_MAR04090	substrate	False
MAM03385	R_MAR04090	product	False
MAM02439	R_MAR04091	substrate	False
MAM02819	R_MAR04091	product	False
MAM01261	R_MAR04093	substrate	False
MAM01252	R_MAR04093	product	False
MAM01261	R_MAR04095	substrate	False
MAM01252	R_MAR04095	product	False
MAM01252	R_MAR04097	substrate	False
MAM01261	R_MAR04097	product	False
MAM01252	R_MAR04099	substrate	False
MAM01261	R_MAR04099	product	False
MAM02633	R_MAR04101	substrate	False
MAM02696	R_MAR04101	product	False
MAM02633	R_MAR04103	substrate	False
MAM02696	R_MAR04103	product	False
MAM02444	R_MAR04105	substrate	False
MAM01261	R_MAR04105	product	False
MAM02444	R_MAR04106	substrate	False
MAM01261	R_MAR04106	product	False
MAM02444	R_MAR04107	substrate	False
MAM01261	R_MAR04107	product	False
MAM01257	R_MAR04108	substrate	False
MAM01261	R_MAR04108	product	False
MAM01334	R_MAR04108	product	False
MAM01306	R_MAR04109	substrate	True
MAM01307	R_MAR04109	substrate	True
MAM01974	R_MAR04109	product	True
MAM02819	R_MAR04109	product	True
MAM00672	R_MAR04114	substrate	False
MAM01306	R_MAR04114	product	False
MAM00672	R_MAR04115	substrate	False
MAM01306	R_MAR04115	product	False
MAM02026	R_MAR04116	substrate	False
MAM02027	R_MAR04116	product	False
MAM02027	R_MAR04118	substrate	False
MAM02026	R_MAR04118	product	False
MAM02026	R_MAR04120	substrate	False
MAM02027	R_MAR04120	product	False
MAM02026	R_MAR04121	substrate	False
MAM02027	R_MAR04121	product	False
MAM03108	R_MAR04122	substrate	False
MAM03109	R_MAR04122	product	False
MAM03109	R_MAR04124	substrate	False
MAM03112	R_MAR04124	product	False
MAM03108	R_MAR04127	substrate	False
MAM01967	R_MAR04127	product	False
MAM03107	R_MAR04128	substrate	True
MAM03108	R_MAR04128	product	True
MAM01910	R_MAR04130	substrate	False
MAM01322	R_MAR04130	product	False
MAM01967	R_MAR04131	substrate	True
MAM03107	R_MAR04131	substrate	True
MAM01322	R_MAR04131	product	True
MAM03108	R_MAR04131	product	True
MAM01911	R_MAR04132	substrate	False
MAM03108	R_MAR04132	substrate	False
MAM01967	R_MAR04132	product	False
MAM03107	R_MAR04132	product	False
MAM01252	R_MAR04133	substrate	False
MAM01371	R_MAR04133	substrate	False
MAM01257	R_MAR04133	product	False
MAM02633	R_MAR04139	substrate	True
MAM02439	R_MAR04139	product	True
MAM02633	R_MAR04141	substrate	True
MAM02439	R_MAR04141	product	True
MAM02819	R_MAR04143	substrate	False
MAM02633	R_MAR04143	product	False
MAM01261	R_MAR04145	substrate	False
MAM02633	R_MAR04145	substrate	False
MAM01587	R_MAR04145	product	False
MAM02943	R_MAR04147	substrate	True
MAM02944	R_MAR04147	product	True
MAM01587	R_MAR04149	substrate	False
MAM01261	R_MAR04149	product	False
MAM02633	R_MAR04149	product	False
MAM02944	R_MAR04152	substrate	True
MAM02943	R_MAR04152	product	True
MAM02528	R_MAR04158	substrate	False
MAM03111	R_MAR04158	product	False
MAM03110	R_MAR04159	substrate	True
MAM03111	R_MAR04159	product	True
MAM02034	R_MAR04160	substrate	False
MAM01155	R_MAR04160	product	False
MAM01833	R_MAR04160	product	False
MAM02034	R_MAR04162	substrate	False
MAM01155	R_MAR04162	product	False
MAM01833	R_MAR04162	product	False
MAM01155	R_MAR04163	substrate	False
MAM01170	R_MAR04163	product	False
MAM03057	R_MAR04163	product	False
MAM01170	R_MAR04165	substrate	True
MAM02978	R_MAR04165	product	True
MAM01170	R_MAR04166	substrate	False
MAM01164	R_MAR04166	product	False
MAM01164	R_MAR04167	substrate	False
MAM02978	R_MAR04167	product	False
MAM02034	R_MAR04169	substrate	False
MAM01832	R_MAR04169	product	False
MAM02034	R_MAR04170	substrate	False
MAM01832	R_MAR04170	product	False
MAM02696	R_MAR04171	substrate	False
MAM02819	R_MAR04171	product	False
MAM01369	R_MAR04172	substrate	False
MAM01370	R_MAR04172	product	False
MAM01370	R_MAR04174	substrate	False
MAM01383	R_MAR04174	product	False
MAM02026	R_MAR04175	substrate	False
MAM01626	R_MAR04175	product	False
MAM01974	R_MAR04175	product	False
MAM02026	R_MAR04176	substrate	False
MAM01626	R_MAR04176	product	False
MAM01974	R_MAR04176	product	False
MAM01590	R_MAR04177	substrate	False
MAM01630	R_MAR04177	product	False
MAM01590	R_MAR04179	substrate	False
MAM01630	R_MAR04179	product	False
MAM01630	R_MAR04180	substrate	False
MAM01590	R_MAR04180	product	False
MAM01630	R_MAR04182	substrate	False
MAM01590	R_MAR04182	product	False
MAM01824	R_MAR04184	substrate	False
MAM02949	R_MAR04184	substrate	False
MAM01826	R_MAR04184	product	False
MAM01371	R_MAR04185	substrate	False
MAM01283	R_MAR04185	product	False
MAM01283	R_MAR04186	substrate	False
MAM02682	R_MAR04186	product	False
MAM02682	R_MAR04187	substrate	False
MAM01283	R_MAR04187	product	False
MAM01365	R_MAR04190	substrate	True
MAM02497	R_MAR04190	product	True
MAM01365	R_MAR04191	substrate	False
MAM01303	R_MAR04191	product	False
MAM02696	R_MAR04193	substrate	False
MAM02819	R_MAR04193	product	False
MAM01975	R_MAR04194	substrate	False
MAM03130	R_MAR04194	substrate	False
MAM01623	R_MAR04194	product	False
MAM01974	R_MAR04194	product	False
MAM01975	R_MAR04196	substrate	False
MAM02819	R_MAR04196	substrate	False
MAM00672	R_MAR04196	product	False
MAM01307	R_MAR04196	product	False
MAM01975	R_MAR04197	substrate	False
MAM02819	R_MAR04197	substrate	False
MAM00672	R_MAR04197	product	False
MAM01307	R_MAR04197	product	False
MAM02819	R_MAR04198	substrate	False
MAM02896	R_MAR04198	substrate	False
MAM01307	R_MAR04198	product	False
MAM02154	R_MAR04198	product	False
MAM02530	R_MAR04199	substrate	True
MAM01252	R_MAR04199	product	True
MAM01307	R_MAR04199	product	True
MAM02896	R_MAR04200	substrate	False
MAM01654	R_MAR04200	product	False
MAM02470	R_MAR04201	substrate	False
MAM01831	R_MAR04201	product	False
MAM02470	R_MAR04202	substrate	False
MAM01831	R_MAR04202	product	False
MAM02982	R_MAR04204	substrate	False
MAM02984	R_MAR04204	product	False
MAM02984	R_MAR04206	substrate	False
MAM02985	R_MAR04206	product	False
MAM02985	R_MAR04207	substrate	False
MAM02984	R_MAR04207	product	False
MAM02984	R_MAR04208	substrate	False
MAM02983	R_MAR04208	product	False
MAM01306	R_MAR04209	substrate	False
MAM02984	R_MAR04209	substrate	False
MAM00765	R_MAR04209	product	False
MAM02696	R_MAR04210	substrate	False
MAM02819	R_MAR04210	product	False
MAM02658	R_MAR04212	substrate	False
MAM02812	R_MAR04212	product	False
MAM03089	R_MAR04214	substrate	False
MAM02371	R_MAR04214	product	False
MAM02371	R_MAR04216	substrate	False
MAM01833	R_MAR04216	product	False
MAM02319	R_MAR04216	product	False
MAM02371	R_MAR04218	substrate	False
MAM01307	R_MAR04218	product	False
MAM01835	R_MAR04218	product	False
MAM01835	R_MAR04219	substrate	False
MAM01342	R_MAR04219	product	False
MAM01833	R_MAR04219	product	False
MAM00788	R_MAR04220	substrate	True
MAM02319	R_MAR04220	product	True
MAM01306	R_MAR04222	substrate	False
MAM02319	R_MAR04222	substrate	False
MAM00990	R_MAR04222	product	False
MAM01974	R_MAR04222	product	False
MAM02319	R_MAR04224	substrate	False
MAM01307	R_MAR04224	product	False
MAM01342	R_MAR04224	product	False
MAM00788	R_MAR04225	substrate	False
MAM00775	R_MAR04225	product	False
MAM01307	R_MAR04225	product	False
MAM00775	R_MAR04227	substrate	False
MAM01572	R_MAR04227	product	False
MAM02631	R_MAR04227	product	False
MAM00775	R_MAR04228	substrate	False
MAM00629	R_MAR04228	product	False
MAM00629	R_MAR04231	substrate	False
MAM00633	R_MAR04231	product	False
MAM00633	R_MAR04232	substrate	True
MAM02752	R_MAR04232	product	True
MAM00633	R_MAR04233	substrate	False
MAM00634	R_MAR04233	product	False
MAM00634	R_MAR04235	substrate	False
MAM00670	R_MAR04235	product	False
MAM02129	R_MAR04241	substrate	True
MAM02127	R_MAR04241	product	True
MAM01977	R_MAR04243	substrate	False
MAM01622	R_MAR04243	product	False
MAM00788	R_MAR04244	substrate	False
MAM01306	R_MAR04244	substrate	False
MAM00924	R_MAR04244	product	False
MAM01974	R_MAR04244	product	False
MAM00924	R_MAR04245	substrate	False
MAM03151	R_MAR04245	product	False
MAM00788	R_MAR04246	substrate	True
MAM01306	R_MAR04246	substrate	True
MAM01974	R_MAR04246	product	True
MAM03151	R_MAR04246	product	True
MAM02667	R_MAR04248	substrate	True
MAM03151	R_MAR04248	product	True
MAM00629	R_MAR04250	substrate	False
MAM02822	R_MAR04250	product	False
MAM02806	R_MAR04251	substrate	False
MAM02822	R_MAR04251	substrate	False
MAM02585	R_MAR04251	product	False
MAM02585	R_MAR04252	substrate	False
MAM02584	R_MAR04252	product	False
MAM02584	R_MAR04253	substrate	False
MAM02585	R_MAR04253	product	False
MAM02586	R_MAR04254	substrate	False
MAM02806	R_MAR04254	substrate	False
MAM02585	R_MAR04254	product	False
MAM01646	R_MAR04255	substrate	False
MAM01334	R_MAR04255	product	False
MAM02585	R_MAR04255	product	False
MAM01371	R_MAR04257	substrate	False
MAM02585	R_MAR04257	substrate	False
MAM01646	R_MAR04257	product	False
MAM02581	R_MAR04259	substrate	False
MAM02585	R_MAR04259	product	False
MAM01646	R_MAR04260	substrate	False
MAM01975	R_MAR04260	substrate	False
MAM01974	R_MAR04260	product	False
MAM02552	R_MAR04260	product	False
MAM01646	R_MAR04261	substrate	False
MAM02552	R_MAR04261	product	False
MAM02583	R_MAR04262	substrate	False
MAM02806	R_MAR04262	substrate	False
MAM02581	R_MAR04262	product	False
MAM02552	R_MAR04263	substrate	False
MAM01334	R_MAR04263	product	False
MAM02581	R_MAR04263	product	False
MAM02581	R_MAR04264	substrate	False
MAM02582	R_MAR04264	product	False
MAM02582	R_MAR04265	substrate	False
MAM02581	R_MAR04265	product	False
MAM01371	R_MAR04267	substrate	False
MAM02581	R_MAR04267	substrate	False
MAM02552	R_MAR04267	product	False
MAM02552	R_MAR04268	substrate	False
MAM02554	R_MAR04268	product	False
MAM02552	R_MAR04269	substrate	False
MAM02554	R_MAR04269	product	False
MAM02554	R_MAR04270	substrate	False
MAM02552	R_MAR04270	product	False
MAM01371	R_MAR04276	substrate	False
MAM02585	R_MAR04276	substrate	False
MAM01646	R_MAR04276	product	False
MAM01646	R_MAR04278	substrate	False
MAM02552	R_MAR04278	product	False
MAM02819	R_MAR04280	substrate	True
MAM02403	R_MAR04280	product	True
MAM02819	R_MAR04281	substrate	True
MAM02403	R_MAR04281	product	True
MAM00900	R_MAR04282	substrate	False
MAM01261	R_MAR04282	product	False
MAM01249	R_MAR04283	substrate	False
MAM01252	R_MAR04283	product	False
MAM02993	R_MAR04284	substrate	False
MAM01249	R_MAR04284	product	False
MAM01986	R_MAR04284	product	False
MAM02942	R_MAR04285	substrate	False
MAM02943	R_MAR04285	product	False
MAM02942	R_MAR04287	substrate	False
MAM02943	R_MAR04287	product	False
MAM01306	R_MAR04288	substrate	False
MAM02426	R_MAR04288	substrate	False
MAM02868	R_MAR04288	product	False
MAM02193	R_MAR04290	substrate	False
MAM02161	R_MAR04290	product	False
MAM02193	R_MAR04291	substrate	True
MAM02161	R_MAR04291	product	True
MAM01261	R_MAR04295	substrate	False
MAM01422	R_MAR04295	substrate	False
MAM01357	R_MAR04295	product	False
MAM02444	R_MAR04295	product	False
MAM01798	R_MAR04296	substrate	False
MAM01249	R_MAR04296	product	False
MAM01845	R_MAR04297	substrate	False
MAM01843	R_MAR04297	product	False
MAM01963	R_MAR04299	substrate	False
MAM01845	R_MAR04299	product	False
MAM01845	R_MAR04300	substrate	False
MAM01975	R_MAR04300	substrate	False
MAM01963	R_MAR04300	product	False
MAM01974	R_MAR04300	product	False
MAM01845	R_MAR04301	substrate	False
MAM01841	R_MAR04301	product	False
MAM01628	R_MAR04302	substrate	False
MAM02042	R_MAR04302	product	False
MAM02819	R_MAR04302	product	False
MAM02945	R_MAR04303	substrate	False
MAM01840	R_MAR04303	product	False
MAM01965	R_MAR04303	product	False
MAM01968	R_MAR04304	substrate	False
MAM01961	R_MAR04304	product	False
MAM02173	R_MAR04308	substrate	False
MAM01968	R_MAR04308	product	False
MAM01840	R_MAR04310	substrate	False
MAM01842	R_MAR04310	product	False
MAM01682	R_MAR04315	substrate	True
MAM01840	R_MAR04315	product	True
MAM01682	R_MAR04316	substrate	True
MAM01965	R_MAR04316	product	True
MAM01682	R_MAR04317	substrate	False
MAM02917	R_MAR04317	product	False
MAM01840	R_MAR04318	substrate	False
MAM01844	R_MAR04318	product	False
MAM01840	R_MAR04319	substrate	False
MAM01845	R_MAR04319	product	False
MAM02454	R_MAR04320	substrate	False
MAM01717	R_MAR04320	product	False
MAM02042	R_MAR04323	substrate	False
MAM02896	R_MAR04323	substrate	False
MAM01628	R_MAR04323	product	False
MAM01628	R_MAR04324	substrate	False
MAM01974	R_MAR04324	substrate	False
MAM01927	R_MAR04324	product	False
MAM01927	R_MAR04326	substrate	False
MAM01986	R_MAR04326	substrate	False
MAM02026	R_MAR04326	product	False
MAM01626	R_MAR04328	substrate	False
MAM01628	R_MAR04328	product	False
MAM01986	R_MAR04328	product	False
MAM01626	R_MAR04329	substrate	False
MAM01628	R_MAR04329	product	False
MAM01986	R_MAR04329	product	False
MAM00900	R_MAR04330	substrate	True
MAM01974	R_MAR04330	substrate	True
MAM01306	R_MAR04330	product	True
MAM01383	R_MAR04330	product	True
MAM01334	R_MAR04331	substrate	True
MAM02774	R_MAR04331	substrate	True
MAM02775	R_MAR04331	product	True
MAM01700	R_MAR04332	substrate	True
MAM02980	R_MAR04332	product	True
MAM01700	R_MAR04333	substrate	True
MAM02980	R_MAR04333	product	True
MAM01700	R_MAR04335	substrate	True
MAM02980	R_MAR04335	product	True
MAM00266	R_MAR04336	substrate	False
MAM02980	R_MAR04336	product	False
MAM01833	R_MAR04338	substrate	False
MAM02980	R_MAR04338	substrate	False
MAM00266	R_MAR04338	product	False
MAM01833	R_MAR04340	substrate	False
MAM02980	R_MAR04340	substrate	False
MAM00266	R_MAR04340	product	False
MAM02161	R_MAR04342	substrate	False
MAM02167	R_MAR04342	product	False
MAM02806	R_MAR04343	substrate	False
MAM03118	R_MAR04343	substrate	False
MAM03114	R_MAR04343	product	False
MAM01052	R_MAR04344	substrate	True
MAM03118	R_MAR04344	product	True
MAM01052	R_MAR04345	substrate	True
MAM03118	R_MAR04345	product	True
MAM01052	R_MAR04346	substrate	False
MAM00923	R_MAR04346	product	False
MAM00923	R_MAR04347	substrate	False
MAM01383	R_MAR04347	product	False
MAM02993	R_MAR04348	substrate	False
MAM00671	R_MAR04348	product	False
MAM02845	R_MAR04350	substrate	True
MAM02843	R_MAR04350	product	True
MAM02845	R_MAR04351	substrate	True
MAM02846	R_MAR04351	product	True
MAM02845	R_MAR04352	substrate	True
MAM02846	R_MAR04352	product	True
MAM02844	R_MAR04354	substrate	True
MAM02845	R_MAR04354	product	True
MAM01690	R_MAR04355	substrate	False
MAM01785	R_MAR04355	substrate	False
MAM02883	R_MAR04355	product	False
MAM01690	R_MAR04356	substrate	True
MAM01981	R_MAR04356	substrate	True
MAM01842	R_MAR04356	product	True
MAM02696	R_MAR04358	substrate	False
MAM02819	R_MAR04358	product	False
MAM02475	R_MAR04360	substrate	False
MAM02819	R_MAR04360	product	False
MAM00674	R_MAR04363	substrate	True
MAM02696	R_MAR04363	product	True
MAM00674	R_MAR04365	substrate	True
MAM00913	R_MAR04365	product	True
MAM00247	R_MAR04368	substrate	True
MAM00913	R_MAR04368	product	True
MAM00247	R_MAR04370	substrate	False
MAM00913	R_MAR04370	product	False
MAM00247	R_MAR04371	substrate	False
MAM00569	R_MAR04371	product	False
MAM00569	R_MAR04372	substrate	False
MAM00913	R_MAR04372	product	False
MAM00247	R_MAR04373	substrate	True
MAM01939	R_MAR04373	product	True
MAM01690	R_MAR04375	substrate	True
MAM01939	R_MAR04375	substrate	True
MAM01841	R_MAR04375	product	True
MAM01841	R_MAR04377	substrate	False
MAM01845	R_MAR04377	product	False
MAM01845	R_MAR04379	substrate	False
MAM01841	R_MAR04379	product	False
MAM01845	R_MAR04381	substrate	True
MAM01968	R_MAR04381	product	True
MAM01845	R_MAR04383	substrate	True
MAM02455	R_MAR04383	product	True
MAM02455	R_MAR04385	substrate	False
MAM02454	R_MAR04385	product	False
MAM02454	R_MAR04386	substrate	False
MAM01951	R_MAR04386	product	False
MAM02454	R_MAR04387	substrate	False
MAM01951	R_MAR04387	product	False
MAM02819	R_MAR04388	substrate	True
MAM02403	R_MAR04388	product	True
MAM01690	R_MAR04390	substrate	True
MAM01984	R_MAR04390	product	True
MAM01690	R_MAR04391	substrate	True
MAM01939	R_MAR04391	product	True
MAM01965	R_MAR04394	substrate	False
MAM01968	R_MAR04394	product	False
MAM01967	R_MAR04396	substrate	True
MAM01968	R_MAR04396	product	True
MAM00640	R_MAR04398	substrate	True
MAM01249	R_MAR04398	product	True
MAM01939	R_MAR04398	product	True
MAM01951	R_MAR04399	substrate	False
MAM01949	R_MAR04399	product	False
MAM01949	R_MAR04400	substrate	False
MAM01950	R_MAR04400	product	False
MAM02372	R_MAR04401	substrate	False
MAM01950	R_MAR04401	product	False
MAM01159	R_MAR04402	substrate	True
MAM02372	R_MAR04402	product	True
MAM01159	R_MAR04403	substrate	False
MAM02373	R_MAR04403	product	False
MAM01761	R_MAR04404	substrate	True
MAM01785	R_MAR04404	substrate	True
MAM01845	R_MAR04404	product	True
MAM01939	R_MAR04404	product	True
MAM01975	R_MAR04406	substrate	False
MAM02806	R_MAR04406	substrate	False
MAM01131	R_MAR04406	product	False
MAM01974	R_MAR04406	product	False
MAM01862	R_MAR04408	substrate	True
MAM02439	R_MAR04408	product	True
MAM01862	R_MAR04410	substrate	True
MAM02439	R_MAR04410	product	True
MAM01334	R_MAR04412	substrate	True
MAM01862	R_MAR04412	substrate	True
MAM01282	R_MAR04412	product	True
MAM01910	R_MAR04414	substrate	False
MAM01911	R_MAR04414	product	False
MAM02332	R_MAR04415	substrate	False
MAM01910	R_MAR04415	product	False
MAM01965	R_MAR04415	product	False
MAM01913	R_MAR04416	substrate	False
MAM01910	R_MAR04416	product	False
MAM01983	R_MAR04416	product	False
MAM02167	R_MAR04417	substrate	False
MAM02170	R_MAR04417	product	False
MAM02159	R_MAR04418	substrate	False
MAM02806	R_MAR04418	substrate	False
MAM02167	R_MAR04418	product	False
MAM02016	R_MAR04419	substrate	False
MAM02167	R_MAR04419	product	False
MAM01642	R_MAR04420	substrate	False
MAM01637	R_MAR04420	product	False
MAM01637	R_MAR04421	substrate	False
MAM02696	R_MAR04421	substrate	False
MAM01642	R_MAR04421	product	False
MAM02819	R_MAR04421	product	False
MAM02658	R_MAR04422	substrate	False
MAM02812	R_MAR04422	product	False
MAM02812	R_MAR04423	substrate	False
MAM00969	R_MAR04423	product	False
MAM01303	R_MAR04424	substrate	False
MAM02812	R_MAR04424	product	False
MAM03121	R_MAR04424	product	False
MAM01383	R_MAR04425	substrate	False
MAM02125	R_MAR04425	substrate	False
MAM01423	R_MAR04425	product	False
MAM01259	R_MAR04426	substrate	True
MAM01261	R_MAR04426	product	True
MAM01423	R_MAR04426	product	True
MAM01423	R_MAR04427	substrate	False
MAM01383	R_MAR04427	product	False
MAM02125	R_MAR04427	product	False
MAM02125	R_MAR04428	substrate	False
MAM02124	R_MAR04428	product	False
MAM02124	R_MAR04429	substrate	False
MAM02601	R_MAR04429	product	False
MAM02601	R_MAR04430	substrate	False
MAM02476	R_MAR04430	product	False
MAM02476	R_MAR04431	substrate	False
MAM02477	R_MAR04431	product	False
MAM02125	R_MAR04437	substrate	False
MAM03124	R_MAR04437	product	False
MAM01044	R_MAR04440	substrate	True
MAM01045	R_MAR04440	product	True
MAM03408	R_MAR04441	substrate	False
MAM03409	R_MAR04441	product	False
MAM01044	R_MAR04442	substrate	True
MAM01045	R_MAR04442	product	True
MAM01044	R_MAR04444	substrate	True
MAM01045	R_MAR04444	product	True
MAM02348	R_MAR04445	substrate	True
MAM03409	R_MAR04445	substrate	True
MAM03499	R_MAR04445	product	True
MAM01045	R_MAR04446	substrate	False
MAM01115	R_MAR04446	product	False
MAM03409	R_MAR04447	substrate	False
MAM03408	R_MAR04447	product	False
MAM01045	R_MAR04448	substrate	False
MAM01115	R_MAR04448	product	False
MAM02016	R_MAR04449	substrate	False
MAM02038	R_MAR04449	product	False
MAM02016	R_MAR04450	substrate	False
MAM02038	R_MAR04450	product	False
MAM02016	R_MAR04451	substrate	False
MAM02038	R_MAR04451	product	False
MAM02037	R_MAR04452	substrate	False
MAM02806	R_MAR04452	substrate	False
MAM02016	R_MAR04452	product	False
MAM03150	R_MAR04453	substrate	False
MAM02016	R_MAR04453	product	False
MAM01587	R_MAR04454	substrate	True
MAM02183	R_MAR04454	product	True
MAM01650	R_MAR04457	substrate	True
MAM02348	R_MAR04457	substrate	True
MAM03488	R_MAR04457	product	True
MAM01580	R_MAR04458	substrate	True
MAM01587	R_MAR04458	product	True
MAM01371	R_MAR04459	substrate	False
MAM02772	R_MAR04459	substrate	False
MAM02775	R_MAR04459	product	False
MAM01371	R_MAR04460	substrate	False
MAM02772	R_MAR04460	substrate	False
MAM02775	R_MAR04460	product	False
MAM00157	R_MAR04461	substrate	True
MAM01253	R_MAR04461	product	True
MAM02348	R_MAR04462	substrate	True
MAM03486	R_MAR04462	substrate	True
MAM03487	R_MAR04462	product	True
MAM01253	R_MAR04464	substrate	False
MAM01256	R_MAR04464	product	False
MAM02154	R_MAR04465	substrate	False
MAM01982	R_MAR04465	product	False
MAM02154	R_MAR04466	substrate	False
MAM00646	R_MAR04466	product	False
MAM02819	R_MAR04467	substrate	False
MAM02896	R_MAR04467	substrate	False
MAM01307	R_MAR04467	product	False
MAM02154	R_MAR04467	product	False
MAM02997	R_MAR04470	substrate	False
MAM01705	R_MAR04470	product	False
MAM02997	R_MAR04471	substrate	False
MAM01705	R_MAR04471	product	False
MAM02997	R_MAR04472	substrate	False
MAM01705	R_MAR04472	product	False
MAM01169	R_MAR04473	substrate	False
MAM02846	R_MAR04473	product	False
MAM01169	R_MAR04474	substrate	False
MAM02846	R_MAR04474	product	False
MAM02348	R_MAR04475	substrate	True
MAM03543	R_MAR04475	substrate	True
MAM03544	R_MAR04475	product	True
MAM01169	R_MAR04476	substrate	True
MAM01683	R_MAR04476	product	True
MAM01761	R_MAR04477	substrate	True
MAM02846	R_MAR04477	product	True
MAM01637	R_MAR04480	substrate	True
MAM01639	R_MAR04480	product	True
MAM01280	R_MAR04481	substrate	False
MAM02170	R_MAR04481	product	False
MAM01280	R_MAR04482	substrate	False
MAM02170	R_MAR04482	product	False
MAM02996	R_MAR04483	substrate	False
MAM01752	R_MAR04483	product	False
MAM01752	R_MAR04484	substrate	False
MAM02996	R_MAR04484	product	False
MAM00639	R_MAR04485	substrate	True
MAM02997	R_MAR04485	substrate	True
MAM02996	R_MAR04485	product	True
MAM01965	R_MAR04486	substrate	False
MAM02193	R_MAR04486	substrate	False
MAM01968	R_MAR04486	product	False
MAM02161	R_MAR04486	product	False
MAM01642	R_MAR04487	substrate	False
MAM01965	R_MAR04487	substrate	False
MAM01637	R_MAR04487	product	False
MAM01968	R_MAR04487	product	False
MAM01840	R_MAR04488	substrate	False
MAM02193	R_MAR04488	substrate	False
MAM01845	R_MAR04488	product	False
MAM02161	R_MAR04488	product	False
MAM01642	R_MAR04489	substrate	False
MAM01840	R_MAR04489	substrate	False
MAM01637	R_MAR04489	product	False
MAM01845	R_MAR04489	product	False
MAM02453	R_MAR04490	substrate	False
MAM02455	R_MAR04490	product	False
MAM02348	R_MAR04491	substrate	True
MAM03924	R_MAR04491	substrate	True
MAM03489	R_MAR04491	product	True
MAM02193	R_MAR04492	substrate	False
MAM02453	R_MAR04492	substrate	False
MAM02161	R_MAR04492	product	False
MAM02455	R_MAR04492	product	False
MAM01642	R_MAR04493	substrate	False
MAM02453	R_MAR04493	substrate	False
MAM01637	R_MAR04493	product	False
MAM02455	R_MAR04493	product	False
MAM01962	R_MAR04494	substrate	False
MAM01963	R_MAR04494	product	False
MAM01962	R_MAR04495	substrate	False
MAM02193	R_MAR04495	substrate	False
MAM01963	R_MAR04495	product	False
MAM02161	R_MAR04495	product	False
MAM01642	R_MAR04496	substrate	False
MAM01962	R_MAR04496	substrate	False
MAM01637	R_MAR04496	product	False
MAM01963	R_MAR04496	product	False
MAM02142	R_MAR04497	substrate	False
MAM00900	R_MAR04497	product	False
MAM00184	R_MAR04498	substrate	False
MAM01349	R_MAR04498	product	False
MAM02741	R_MAR04498	product	False
MAM02485	R_MAR04499	substrate	False
MAM02741	R_MAR04499	substrate	False
MAM02484	R_MAR04499	product	False
MAM01349	R_MAR04500	substrate	False
MAM01597	R_MAR04500	substrate	False
MAM00184	R_MAR04500	product	False
MAM02681	R_MAR04500	product	False
MAM01761	R_MAR04501	substrate	True
MAM02845	R_MAR04501	substrate	True
MAM01939	R_MAR04501	product	True
MAM02884	R_MAR04501	product	True
MAM00266	R_MAR04503	substrate	True
MAM01044	R_MAR04503	product	True
MAM00181	R_MAR04504	substrate	True
MAM02348	R_MAR04504	substrate	True
MAM03204	R_MAR04504	product	True
MAM00266	R_MAR04505	substrate	True
MAM01044	R_MAR04505	product	True
MAM01644	R_MAR04507	substrate	False
MAM01755	R_MAR04507	product	False
MAM00042	R_MAR04508	substrate	True
MAM02348	R_MAR04508	substrate	True
MAM03541	R_MAR04508	product	True
MAM03491	R_MAR04509	substrate	False
MAM03562	R_MAR04509	product	False
MAM01644	R_MAR04510	substrate	False
MAM01668	R_MAR04510	product	False
MAM03562	R_MAR04511	substrate	False
MAM03491	R_MAR04511	product	False
MAM01643	R_MAR04512	substrate	True
MAM01644	R_MAR04512	product	True
MAM01668	R_MAR04513	substrate	False
MAM01644	R_MAR04513	product	False
MAM01668	R_MAR04514	substrate	False
MAM01673	R_MAR04514	product	False
MAM01643	R_MAR04516	substrate	False
MAM01644	R_MAR04516	product	False
MAM02037	R_MAR04518	substrate	False
MAM03148	R_MAR04518	product	False
MAM02159	R_MAR04519	substrate	False
MAM03148	R_MAR04519	product	False
MAM02159	R_MAR04520	substrate	False
MAM03148	R_MAR04520	product	False
MAM01968	R_MAR04521	substrate	False
MAM01965	R_MAR04521	product	False
MAM00174	R_MAR04522	substrate	True
MAM02348	R_MAR04522	substrate	True
MAM03202	R_MAR04522	product	True
MAM01698	R_MAR04523	substrate	True
MAM02978	R_MAR04523	product	True
MAM02527	R_MAR04524	substrate	False
MAM02529	R_MAR04524	product	False
MAM03111	R_MAR04525	substrate	False
MAM02524	R_MAR04525	product	False
MAM03111	R_MAR04526	substrate	False
MAM02524	R_MAR04526	product	False
MAM02524	R_MAR04527	substrate	True
MAM02527	R_MAR04527	product	True
MAM02524	R_MAR04528	substrate	False
MAM02539	R_MAR04528	product	False
MAM02539	R_MAR04529	substrate	False
MAM02696	R_MAR04529	substrate	False
MAM02544	R_MAR04529	product	False
MAM02544	R_MAR04530	substrate	False
MAM02543	R_MAR04530	product	False
MAM02543	R_MAR04531	substrate	False
MAM02565	R_MAR04531	product	False
MAM02565	R_MAR04532	substrate	False
MAM01593	R_MAR04532	product	False
MAM01593	R_MAR04533	substrate	False
MAM01592	R_MAR04533	product	False
MAM01593	R_MAR04534	substrate	False
MAM01592	R_MAR04534	product	False
MAM02543	R_MAR04536	substrate	False
MAM01592	R_MAR04536	product	False
MAM02978	R_MAR04537	substrate	False
MAM03089	R_MAR04537	substrate	False
MAM00965	R_MAR04537	product	False
MAM01107	R_MAR04537	product	False
MAM00965	R_MAR04539	substrate	True
MAM02632	R_MAR04539	product	True
MAM00965	R_MAR04540	substrate	True
MAM02632	R_MAR04540	product	True
MAM02632	R_MAR04541	substrate	True
MAM02823	R_MAR04541	product	True
MAM02632	R_MAR04542	substrate	True
MAM02823	R_MAR04542	product	True
MAM00965	R_MAR04543	substrate	True
MAM02823	R_MAR04543	product	True
MAM00965	R_MAR04544	substrate	True
MAM02823	R_MAR04544	product	True
MAM01107	R_MAR04545	substrate	False
MAM02897	R_MAR04545	product	False
MAM01261	R_MAR04546	substrate	False
MAM02897	R_MAR04546	substrate	False
MAM02549	R_MAR04546	product	False
MAM02549	R_MAR04547	substrate	False
MAM02460	R_MAR04547	product	False
MAM01161	R_MAR04548	substrate	True
MAM02147	R_MAR04548	product	True
MAM02460	R_MAR04548	product	True
MAM01162	R_MAR04549	substrate	True
MAM01161	R_MAR04549	product	True
MAM02949	R_MAR04549	product	True
MAM02460	R_MAR04550	substrate	False
MAM01839	R_MAR04550	product	False
MAM01839	R_MAR04551	substrate	False
MAM01833	R_MAR04551	product	False
MAM02520	R_MAR04551	product	False
MAM02147	R_MAR04552	substrate	True
MAM02460	R_MAR04552	substrate	True
MAM02459	R_MAR04552	product	True
MAM01625	R_MAR04553	substrate	True
MAM02147	R_MAR04553	product	True
MAM02459	R_MAR04553	product	True
MAM01160	R_MAR04554	substrate	True
MAM01831	R_MAR04554	product	True
MAM02897	R_MAR04554	product	True
MAM02897	R_MAR04555	substrate	False
MAM02604	R_MAR04555	product	False
MAM02604	R_MAR04556	substrate	True
MAM01408	R_MAR04556	product	True
MAM02897	R_MAR04557	substrate	False
MAM01834	R_MAR04557	product	False
MAM02897	R_MAR04558	substrate	False
MAM01102	R_MAR04558	product	False
MAM01102	R_MAR04559	substrate	False
MAM01103	R_MAR04559	product	False
MAM01102	R_MAR04560	substrate	False
MAM01103	R_MAR04560	product	False
MAM01102	R_MAR04561	substrate	True
MAM01110	R_MAR04561	product	True
MAM01110	R_MAR04563	substrate	False
MAM01113	R_MAR04563	product	False
MAM01103	R_MAR04564	substrate	False
MAM01112	R_MAR04564	product	False
MAM01939	R_MAR04565	substrate	True
MAM02884	R_MAR04565	substrate	True
MAM01785	R_MAR04565	product	True
MAM01845	R_MAR04565	product	True
MAM02884	R_MAR04567	substrate	False
MAM02883	R_MAR04567	product	False
MAM02348	R_MAR04569	substrate	True
MAM03979	R_MAR04569	substrate	True
MAM03980	R_MAR04569	product	True
MAM01688	R_MAR04570	substrate	True
MAM01680	R_MAR04570	product	True
MAM02348	R_MAR04571	substrate	True
MAM03263	R_MAR04571	substrate	True
MAM03264	R_MAR04571	product	True
MAM01688	R_MAR04572	substrate	False
MAM01680	R_MAR04572	product	False
MAM01680	R_MAR04573	substrate	False
MAM02696	R_MAR04573	substrate	False
MAM01688	R_MAR04573	product	False
MAM02819	R_MAR04573	product	False
MAM02170	R_MAR04574	substrate	True
MAM02159	R_MAR04574	product	True
MAM02844	R_MAR04574	product	True
MAM00180	R_MAR04575	substrate	True
MAM01828	R_MAR04575	substrate	True
MAM02659	R_MAR04575	product	True
MAM20019	R_MAR04575	product	True
MAM02659	R_MAR04577	substrate	False
MAM02806	R_MAR04577	substrate	False
MAM02660	R_MAR04577	product	False
MAM03123	R_MAR04579	substrate	True
MAM02844	R_MAR04579	product	True
MAM03118	R_MAR04579	product	True
MAM01630	R_MAR04580	substrate	False
MAM03123	R_MAR04580	product	False
MAM02348	R_MAR04581	substrate	True
MAM03974	R_MAR04581	substrate	True
MAM03975	R_MAR04581	product	True
MAM01365	R_MAR04582	substrate	True
MAM01986	R_MAR04582	substrate	True
MAM02036	R_MAR04582	product	True
MAM02658	R_MAR04582	product	True
MAM01619	R_MAR04583	substrate	True
MAM02036	R_MAR04583	product	True
MAM01619	R_MAR04584	substrate	True
MAM01620	R_MAR04584	product	True
MAM01580	R_MAR04589	substrate	True
MAM02183	R_MAR04589	product	True
MAM02425	R_MAR04590	substrate	False
MAM03155	R_MAR04590	product	False
MAM03155	R_MAR04591	substrate	False
MAM02425	R_MAR04591	product	False
MAM01758	R_MAR04592	substrate	True
MAM03155	R_MAR04592	product	True
MAM03155	R_MAR04593	substrate	False
MAM01759	R_MAR04593	product	False
MAM01758	R_MAR04594	substrate	False
MAM01757	R_MAR04594	product	False
MAM01761	R_MAR04595	substrate	True
MAM01759	R_MAR04595	product	True
MAM00670	R_MAR04596	substrate	True
MAM01974	R_MAR04596	substrate	True
MAM01306	R_MAR04596	product	True
MAM02322	R_MAR04596	product	True
MAM00670	R_MAR04597	substrate	True
MAM01974	R_MAR04597	substrate	True
MAM01306	R_MAR04597	product	True
MAM02322	R_MAR04597	product	True
MAM02348	R_MAR04598	substrate	True
MAM03267	R_MAR04598	substrate	True
MAM03268	R_MAR04598	product	True
MAM02393	R_MAR04599	substrate	False
MAM20077	R_MAR04599	substrate	False
MAM02899	R_MAR04599	product	False
MAM02984	R_MAR04599	product	False
MAM01669	R_MAR04600	substrate	False
MAM01686	R_MAR04600	product	False
MAM01669	R_MAR04601	substrate	False
MAM01686	R_MAR04601	product	False
MAM01686	R_MAR04602	substrate	False
MAM01669	R_MAR04602	product	False
MAM00639	R_MAR04603	substrate	True
MAM02037	R_MAR04603	substrate	True
MAM01669	R_MAR04603	product	True
MAM01255	R_MAR04604	substrate	False
MAM01261	R_MAR04604	substrate	False
MAM02131	R_MAR04604	product	False
MAM00969	R_MAR04605	substrate	False
MAM00970	R_MAR04605	product	False
MAM00970	R_MAR04606	substrate	False
MAM02125	R_MAR04606	substrate	False
MAM02132	R_MAR04606	product	False
MAM02132	R_MAR04607	substrate	False
MAM00970	R_MAR04607	product	False
MAM02125	R_MAR04607	product	False
MAM00180	R_MAR04608	substrate	True
MAM02559	R_MAR04608	product	True
MAM00178	R_MAR04610	substrate	True
MAM02348	R_MAR04610	substrate	True
MAM03262	R_MAR04610	product	True
MAM01371	R_MAR04611	substrate	False
MAM01642	R_MAR04611	product	False
MAM01285	R_MAR04612	substrate	False
MAM01637	R_MAR04612	product	False
MAM02348	R_MAR04613	substrate	True
MAM03216	R_MAR04613	substrate	True
MAM03217	R_MAR04613	product	True
MAM02034	R_MAR04614	substrate	False
MAM01688	R_MAR04614	product	False
MAM01948	R_MAR04615	substrate	False
MAM01680	R_MAR04615	product	False
MAM01623	R_MAR04617	substrate	False
MAM01645	R_MAR04617	product	False
MAM03130	R_MAR04618	substrate	False
MAM01756	R_MAR04618	product	False
MAM01424	R_MAR04619	substrate	False
MAM01643	R_MAR04619	product	False
MAM02348	R_MAR04620	substrate	True
MAM03265	R_MAR04620	substrate	True
MAM03266	R_MAR04620	product	True
MAM03106	R_MAR04621	substrate	False
MAM01754	R_MAR04621	product	False
MAM01961	R_MAR04623	substrate	False
MAM01169	R_MAR04623	product	False
MAM02348	R_MAR04624	substrate	True
MAM03655	R_MAR04624	substrate	True
MAM03493	R_MAR04624	product	True
MAM01961	R_MAR04625	substrate	False
MAM01169	R_MAR04625	product	False
MAM01798	R_MAR04627	substrate	False
MAM02600	R_MAR04627	product	False
MAM01261	R_MAR04628	substrate	False
MAM01963	R_MAR04628	substrate	False
MAM02529	R_MAR04628	product	False
MAM02529	R_MAR04629	substrate	False
MAM01252	R_MAR04629	product	False
MAM01963	R_MAR04629	product	False
MAM02131	R_MAR04630	substrate	False
MAM00167	R_MAR04630	product	False
MAM02529	R_MAR04631	substrate	False
MAM02528	R_MAR04631	product	False
MAM01639	R_MAR04632	substrate	False
MAM01666	R_MAR04632	product	False
MAM01666	R_MAR04633	substrate	False
MAM01639	R_MAR04633	product	False
MAM02348	R_MAR04634	substrate	True
MAM03218	R_MAR04634	substrate	True
MAM03219	R_MAR04634	product	True
MAM01753	R_MAR04635	substrate	True
MAM01747	R_MAR04635	product	True
MAM02348	R_MAR04636	substrate	True
MAM03252	R_MAR04636	substrate	True
MAM03253	R_MAR04636	product	True
MAM01747	R_MAR04637	substrate	True
MAM01752	R_MAR04637	product	True
MAM02348	R_MAR04638	substrate	True
MAM03249	R_MAR04638	substrate	True
MAM03250	R_MAR04638	product	True
MAM02348	R_MAR04639	substrate	True
MAM03230	R_MAR04639	substrate	True
MAM03251	R_MAR04639	product	True
MAM01755	R_MAR04640	substrate	False
MAM01754	R_MAR04640	product	False
MAM01673	R_MAR04641	substrate	False
MAM01755	R_MAR04641	product	False
MAM01755	R_MAR04642	substrate	False
MAM01673	R_MAR04642	product	False
MAM01756	R_MAR04643	substrate	False
MAM01755	R_MAR04643	product	False
MAM01045	R_MAR04644	substrate	False
MAM01755	R_MAR04644	substrate	False
MAM01700	R_MAR04644	product	False
MAM01752	R_MAR04644	product	False
MAM03148	R_MAR04646	substrate	False
MAM03120	R_MAR04646	product	False
MAM03148	R_MAR04648	substrate	False
MAM03120	R_MAR04648	product	False
MAM03148	R_MAR04649	substrate	False
MAM03120	R_MAR04649	product	False
MAM03148	R_MAR04650	substrate	False
MAM03120	R_MAR04650	product	False
MAM02038	R_MAR04651	substrate	True
MAM02037	R_MAR04651	product	True
MAM02844	R_MAR04651	product	True
MAM01862	R_MAR04652	substrate	True
MAM02943	R_MAR04652	product	True
MAM01830	R_MAR04654	substrate	True
MAM01700	R_MAR04654	product	True
MAM01830	R_MAR04655	substrate	True
MAM01700	R_MAR04655	product	True
MAM01830	R_MAR04656	substrate	False
MAM01700	R_MAR04656	product	False
MAM00630	R_MAR04657	substrate	False
MAM01074	R_MAR04657	product	False
MAM01099	R_MAR04658	substrate	True
MAM01974	R_MAR04658	substrate	True
MAM02574	R_MAR04658	product	True
MAM02980	R_MAR04658	product	True
MAM01009	R_MAR04660	substrate	False
MAM02574	R_MAR04660	product	False
MAM02584	R_MAR04662	substrate	False
MAM02586	R_MAR04662	product	False
MAM02844	R_MAR04662	product	False
MAM03149	R_MAR04663	substrate	True
MAM02844	R_MAR04663	product	True
MAM03148	R_MAR04663	product	True
MAM02806	R_MAR04664	substrate	False
MAM03148	R_MAR04664	substrate	False
MAM03150	R_MAR04664	product	False
MAM01044	R_MAR04665	substrate	False
MAM01100	R_MAR04665	product	False
MAM01100	R_MAR04666	substrate	False
MAM01044	R_MAR04666	product	False
MAM02868	R_MAR04667	substrate	False
MAM00631	R_MAR04667	product	False
MAM01974	R_MAR04667	product	False
MAM02868	R_MAR04668	substrate	False
MAM00631	R_MAR04668	product	False
MAM01974	R_MAR04668	product	False
MAM01645	R_MAR04670	substrate	True
MAM01643	R_MAR04670	product	True
MAM00159	R_MAR04671	substrate	True
MAM02348	R_MAR04671	substrate	True
MAM03201	R_MAR04671	product	True
MAM01645	R_MAR04672	substrate	False
MAM01756	R_MAR04672	product	False
MAM01756	R_MAR04673	substrate	True
MAM01754	R_MAR04673	product	True
MAM01754	R_MAR04675	substrate	False
MAM01756	R_MAR04675	product	False
MAM01630	R_MAR04676	substrate	False
MAM01756	R_MAR04676	substrate	False
MAM01590	R_MAR04676	product	False
MAM01754	R_MAR04676	product	False
MAM01412	R_MAR04678	substrate	True
MAM02348	R_MAR04678	substrate	True
MAM02635	R_MAR04678	product	True
MAM01627	R_MAR04679	substrate	False
MAM02157	R_MAR04679	product	False
MAM00639	R_MAR04680	substrate	True
MAM03118	R_MAR04680	substrate	True
MAM01673	R_MAR04680	product	True
MAM02724	R_MAR04681	substrate	False
MAM02718	R_MAR04681	product	False
MAM02718	R_MAR04682	substrate	False
MAM02719	R_MAR04682	product	False
MAM02719	R_MAR04683	substrate	False
MAM02720	R_MAR04683	product	False
MAM02719	R_MAR04685	substrate	False
MAM02720	R_MAR04685	product	False
MAM02720	R_MAR04686	substrate	True
MAM02719	R_MAR04686	product	True
MAM02720	R_MAR04687	substrate	True
MAM02719	R_MAR04687	product	True
MAM00969	R_MAR04688	substrate	False
MAM00970	R_MAR04688	product	False
MAM00969	R_MAR04689	substrate	False
MAM00970	R_MAR04689	product	False
MAM01974	R_MAR04690	substrate	False
MAM00970	R_MAR04690	product	False
MAM00970	R_MAR04693	substrate	True
MAM01306	R_MAR04693	substrate	True
MAM01974	R_MAR04693	product	True
MAM02942	R_MAR04693	product	True
MAM01666	R_MAR04694	substrate	False
MAM01671	R_MAR04694	product	False
MAM00639	R_MAR04695	substrate	True
MAM01279	R_MAR04695	substrate	True
MAM01666	R_MAR04695	product	True
MAM01513	R_MAR04696	substrate	False
MAM01394	R_MAR04696	product	False
MAM01394	R_MAR04697	substrate	False
MAM01393	R_MAR04697	product	False
MAM01394	R_MAR04698	substrate	False
MAM01393	R_MAR04698	product	False
MAM01393	R_MAR04699	substrate	False
MAM02133	R_MAR04699	substrate	False
MAM01708	R_MAR04699	product	False
MAM02471	R_MAR04699	product	False
MAM01831	R_MAR04700	substrate	True
MAM02880	R_MAR04700	substrate	True
MAM01708	R_MAR04700	product	True
MAM01708	R_MAR04701	substrate	False
MAM02880	R_MAR04701	product	False
MAM02135	R_MAR04702	substrate	False
MAM01952	R_MAR04702	product	False
MAM01952	R_MAR04703	substrate	False
MAM00576	R_MAR04703	product	False
MAM01952	R_MAR04704	substrate	False
MAM00576	R_MAR04704	product	False
MAM03150	R_MAR04705	substrate	False
MAM03149	R_MAR04705	product	False
MAM01843	R_MAR04706	substrate	False
MAM01845	R_MAR04706	product	False
MAM02189	R_MAR04707	substrate	True
MAM02348	R_MAR04707	substrate	True
MAM03706	R_MAR04707	product	True
MAM01927	R_MAR04708	substrate	False
MAM01127	R_MAR04708	product	False
MAM01628	R_MAR04708	product	False
MAM00639	R_MAR04709	substrate	True
MAM02159	R_MAR04709	substrate	True
MAM01671	R_MAR04709	product	True
MAM00639	R_MAR04710	substrate	True
MAM00640	R_MAR04710	product	True
MAM02348	R_MAR04711	substrate	True
MAM02999	R_MAR04711	substrate	True
MAM03496	R_MAR04711	product	True
MAM03124	R_MAR04712	substrate	False
MAM01009	R_MAR04712	product	False
MAM02679	R_MAR04714	substrate	False
MAM02741	R_MAR04714	product	False
MAM02679	R_MAR04715	substrate	False
MAM02741	R_MAR04715	product	False
MAM02623	R_MAR04716	substrate	False
MAM02679	R_MAR04716	product	False
MAM02679	R_MAR04717	substrate	True
MAM01627	R_MAR04717	product	True
MAM02680	R_MAR04717	product	True
MAM02680	R_MAR04718	substrate	False
MAM01636	R_MAR04718	product	False
MAM02122	R_MAR04719	substrate	True
MAM02348	R_MAR04719	substrate	True
MAM03498	R_MAR04719	product	True
MAM02122	R_MAR04722	substrate	True
MAM02348	R_MAR04722	substrate	True
MAM03498	R_MAR04722	product	True
MAM01628	R_MAR04723	substrate	False
MAM01636	R_MAR04723	substrate	False
MAM00163	R_MAR04723	product	False
MAM00163	R_MAR04725	substrate	True
MAM02741	R_MAR04725	product	True
MAM01371	R_MAR04727	substrate	False
MAM02741	R_MAR04727	substrate	False
MAM01674	R_MAR04727	product	False
MAM00163	R_MAR04730	substrate	True
MAM02623	R_MAR04730	product	True
MAM00163	R_MAR04731	substrate	True
MAM02623	R_MAR04731	product	True
MAM01674	R_MAR04732	substrate	False
MAM01334	R_MAR04732	product	False
MAM02741	R_MAR04732	product	False
MAM00163	R_MAR04733	substrate	False
MAM02741	R_MAR04733	product	False
MAM01371	R_MAR04734	substrate	False
MAM02741	R_MAR04734	substrate	False
MAM01674	R_MAR04734	product	False
MAM01265	R_MAR04735	substrate	True
MAM00799	R_MAR04735	product	True
MAM01705	R_MAR04736	substrate	False
MAM00922	R_MAR04736	product	False
MAM00631	R_MAR04737	substrate	False
MAM02322	R_MAR04737	product	False
MAM00631	R_MAR04739	substrate	False
MAM02322	R_MAR04739	product	False
MAM00556	R_MAR04740	substrate	True
MAM00631	R_MAR04740	product	True
MAM00799	R_MAR04741	substrate	False
MAM02142	R_MAR04741	product	False
MAM01986	R_MAR04742	substrate	False
MAM02944	R_MAR04742	substrate	False
MAM01074	R_MAR04742	product	False
MAM01074	R_MAR04744	substrate	False
MAM02756	R_MAR04744	product	False
MAM02348	R_MAR04745	substrate	True
MAM03409	R_MAR04745	substrate	True
MAM03499	R_MAR04745	product	True
MAM02756	R_MAR04746	substrate	False
MAM02151	R_MAR04746	product	False
MAM02151	R_MAR04748	substrate	False
MAM03128	R_MAR04748	product	False
MAM02348	R_MAR04749	substrate	True
MAM03500	R_MAR04749	substrate	True
MAM03501	R_MAR04749	product	True
MAM03128	R_MAR04750	substrate	False
MAM01606	R_MAR04750	product	False
MAM01606	R_MAR04752	substrate	False
MAM02804	R_MAR04752	product	False
MAM02804	R_MAR04755	substrate	False
MAM02803	R_MAR04755	product	False
MAM02804	R_MAR04757	substrate	False
MAM02803	R_MAR04757	product	False
MAM02348	R_MAR04759	substrate	True
MAM03922	R_MAR04759	substrate	True
MAM03502	R_MAR04759	product	True
MAM01358	R_MAR04762	substrate	False
MAM02049	R_MAR04762	substrate	False
MAM01631	R_MAR04762	product	False
MAM02050	R_MAR04763	substrate	False
MAM01399	R_MAR04763	product	False
MAM01595	R_MAR04763	product	False
MAM01957	R_MAR04763	product	False
MAM01399	R_MAR04764	substrate	False
MAM01396	R_MAR04764	product	False
MAM01396	R_MAR04766	substrate	False
MAM03109	R_MAR04766	substrate	False
MAM01397	R_MAR04766	product	False
MAM01396	R_MAR04767	substrate	False
MAM01397	R_MAR04767	substrate	False
MAM01398	R_MAR04767	product	False
MAM03126	R_MAR04768	substrate	True
MAM03128	R_MAR04768	product	True
MAM03125	R_MAR04769	substrate	True
MAM03128	R_MAR04769	product	True
MAM01604	R_MAR04770	substrate	True
MAM01606	R_MAR04770	product	True
MAM03127	R_MAR04771	substrate	True
MAM02151	R_MAR04771	product	True
MAM03127	R_MAR04772	substrate	False
MAM01605	R_MAR04772	product	False
MAM01603	R_MAR04773	substrate	True
MAM01605	R_MAR04773	product	True
MAM01306	R_MAR04776	substrate	False
MAM02770	R_MAR04776	substrate	False
MAM02943	R_MAR04776	product	False
MAM03037	R_MAR04776	product	False
MAM01306	R_MAR04777	substrate	False
MAM02770	R_MAR04777	substrate	False
MAM02943	R_MAR04777	product	False
MAM03037	R_MAR04777	product	False
MAM03037	R_MAR04778	substrate	False
MAM02320	R_MAR04778	product	False
MAM03037	R_MAR04779	substrate	False
MAM02320	R_MAR04779	product	False
MAM03037	R_MAR04780	substrate	False
MAM02320	R_MAR04780	product	False
MAM03037	R_MAR04781	substrate	False
MAM02320	R_MAR04781	product	False
MAM02320	R_MAR04784	substrate	False
MAM02358	R_MAR04784	product	False
MAM02320	R_MAR04785	substrate	False
MAM02358	R_MAR04785	product	False
MAM01306	R_MAR04786	substrate	False
MAM02358	R_MAR04786	substrate	False
MAM00989	R_MAR04786	product	False
MAM01974	R_MAR04786	product	False
MAM00989	R_MAR04787	substrate	False
MAM02007	R_MAR04787	product	False
MAM02819	R_MAR04787	product	False
MAM01307	R_MAR04788	substrate	False
MAM02007	R_MAR04788	substrate	False
MAM01986	R_MAR04788	product	False
MAM02819	R_MAR04788	product	False
MAM01986	R_MAR04789	substrate	False
MAM02007	R_MAR04789	product	False
MAM01307	R_MAR04791	substrate	False
MAM02007	R_MAR04791	substrate	False
MAM01986	R_MAR04791	product	False
MAM02819	R_MAR04791	product	False
MAM01045	R_MAR04792	substrate	True
MAM01986	R_MAR04792	substrate	True
MAM02896	R_MAR04792	product	True
MAM02980	R_MAR04792	product	True
MAM02366	R_MAR04796	substrate	False
MAM01974	R_MAR04796	product	False
MAM02418	R_MAR04796	product	False
MAM00661	R_MAR04797	substrate	False
MAM02479	R_MAR04797	product	False
MAM01131	R_MAR04799	substrate	False
MAM01986	R_MAR04799	substrate	False
MAM01940	R_MAR04799	product	False
MAM01132	R_MAR04802	substrate	False
MAM01305	R_MAR04802	product	False
MAM01130	R_MAR04804	substrate	True
MAM01305	R_MAR04804	product	True
MAM01583	R_MAR04805	substrate	False
MAM03555	R_MAR04805	product	False
MAM00266	R_MAR04806	substrate	False
MAM01940	R_MAR04806	substrate	False
MAM02575	R_MAR04806	product	False
MAM02980	R_MAR04806	product	False
MAM01975	R_MAR04808	substrate	False
MAM02575	R_MAR04808	substrate	False
MAM01132	R_MAR04808	product	False
MAM01974	R_MAR04808	product	False
MAM01130	R_MAR04810	substrate	False
MAM01370	R_MAR04810	substrate	False
MAM02872	R_MAR04810	product	False
MAM01304	R_MAR04812	substrate	True
MAM01862	R_MAR04812	substrate	True
MAM02872	R_MAR04812	product	True
MAM00266	R_MAR04814	substrate	True
MAM01304	R_MAR04814	substrate	True
MAM01804	R_MAR04814	product	True
MAM02980	R_MAR04814	product	True
MAM01155	R_MAR04816	substrate	False
MAM01704	R_MAR04816	product	False
MAM00574	R_MAR04817	substrate	True
MAM01155	R_MAR04817	product	True
MAM00574	R_MAR04818	substrate	True
MAM01155	R_MAR04818	product	True
MAM00922	R_MAR04819	substrate	False
MAM01633	R_MAR04819	product	False
MAM02332	R_MAR04831	substrate	True
MAM00812	R_MAR04831	product	True
MAM00810	R_MAR04832	substrate	True
MAM01965	R_MAR04832	substrate	True
MAM00812	R_MAR04832	product	True
MAM00575	R_MAR04833	substrate	True
MAM01833	R_MAR04833	substrate	True
MAM01832	R_MAR04833	product	True
MAM00575	R_MAR04834	substrate	True
MAM01833	R_MAR04834	substrate	True
MAM01832	R_MAR04834	product	True
MAM00574	R_MAR04835	substrate	True
MAM00575	R_MAR04835	product	True
MAM00574	R_MAR04836	substrate	True
MAM00575	R_MAR04836	product	True
MAM03039	R_MAR04837	substrate	False
MAM01965	R_MAR04837	product	False
MAM02600	R_MAR04838	substrate	False
MAM02739	R_MAR04838	product	False
MAM02739	R_MAR04839	substrate	False
MAM02738	R_MAR04839	product	False
MAM02043	R_MAR04840	substrate	False
MAM02042	R_MAR04840	product	False
MAM02843	R_MAR04841	substrate	True
MAM02841	R_MAR04841	product	True
MAM01307	R_MAR04937	substrate	True
MAM02026	R_MAR04937	substrate	True
MAM01626	R_MAR04937	product	True
MAM01930	R_MAR04937	product	True
MAM00039	R_MAR04968	substrate	False
MAM01261	R_MAR04968	product	False
MAM02644	R_MAR04968	product	False
MAM00678	R_MAR04970	substrate	False
MAM03035	R_MAR04970	product	False
MAM00678	R_MAR04974	substrate	False
MAM03035	R_MAR04974	product	False
MAM03542	R_MAR04978	substrate	False
MAM03545	R_MAR04978	product	False
MAM03542	R_MAR04981	substrate	False
MAM03545	R_MAR04981	product	False
MAM02830	R_MAR04984	substrate	False
MAM01261	R_MAR04984	product	False
MAM03794	R_MAR04984	product	False
MAM02830	R_MAR04987	substrate	False
MAM01261	R_MAR04987	product	False
MAM03794	R_MAR04987	product	False
MAM03205	R_MAR04988	substrate	False
MAM02830	R_MAR04988	product	False
MAM03205	R_MAR04991	substrate	False
MAM02830	R_MAR04991	product	False
MAM03545	R_MAR05001	substrate	False
MAM03205	R_MAR05001	product	False
MAM03545	R_MAR05017	substrate	False
MAM03205	R_MAR05017	product	False
MAM01650	R_MAR05025	substrate	False
MAM01261	R_MAR05025	product	False
MAM02644	R_MAR05025	product	False
MAM03924	R_MAR05026	substrate	False
MAM01261	R_MAR05026	product	False
MAM03922	R_MAR05026	product	False
MAM04004	R_MAR05028	substrate	False
MAM02774	R_MAR05028	product	False
MAM03554	R_MAR05028	product	False
MAM03116	R_MAR05030	substrate	False
MAM01261	R_MAR05030	product	False
MAM02616	R_MAR05030	product	False
MAM03539	R_MAR05044	substrate	False
MAM01261	R_MAR05044	product	False
MAM03035	R_MAR05044	product	False
MAM00042	R_MAR05069	substrate	False
MAM01261	R_MAR05069	product	False
MAM01650	R_MAR05069	product	False
MAM03203	R_MAR05081	substrate	False
MAM02698	R_MAR05081	product	False
MAM03172	R_MAR05083	substrate	False
MAM01261	R_MAR05083	product	False
MAM03542	R_MAR05083	product	False
MAM03172	R_MAR05086	substrate	False
MAM01261	R_MAR05086	product	False
MAM03542	R_MAR05086	product	False
MAM03211	R_MAR05090	substrate	False
MAM03172	R_MAR05090	product	False
MAM03211	R_MAR05093	substrate	False
MAM03172	R_MAR05093	product	False
MAM02345	R_MAR05095	substrate	False
MAM01261	R_MAR05095	product	False
MAM01650	R_MAR05095	product	False
MAM02345	R_MAR05097	substrate	False
MAM01261	R_MAR05097	product	False
MAM01650	R_MAR05097	product	False
MAM02345	R_MAR05098	substrate	False
MAM00174	R_MAR05098	product	False
MAM03491	R_MAR05100	substrate	False
MAM01261	R_MAR05100	product	False
MAM03924	R_MAR05100	product	False
MAM02348	R_MAR05104	substrate	True
MAM03491	R_MAR05104	substrate	True
MAM03490	R_MAR05104	product	True
MAM02348	R_MAR05106	substrate	True
MAM03491	R_MAR05106	substrate	True
MAM03490	R_MAR05106	product	True
MAM00948	R_MAR05108	substrate	False
MAM01261	R_MAR05108	product	False
MAM04004	R_MAR05108	product	False
MAM03050	R_MAR05110	substrate	False
MAM01261	R_MAR05110	product	False
MAM03116	R_MAR05110	product	False
MAM03972	R_MAR05111	substrate	False
MAM01261	R_MAR05111	product	False
MAM03539	R_MAR05111	product	False
MAM01141	R_MAR05119	substrate	False
MAM00088	R_MAR05119	product	False
MAM01261	R_MAR05119	product	False
MAM03972	R_MAR05120	substrate	False
MAM03263	R_MAR05120	product	False
MAM03081	R_MAR05130	substrate	False
MAM03101	R_MAR05130	substrate	False
MAM02421	R_MAR05130	product	False
MAM01307	R_MAR05131	substrate	False
MAM03063	R_MAR05131	substrate	False
MAM02335	R_MAR05131	product	False
MAM01365	R_MAR05132	substrate	False
MAM03064	R_MAR05132	substrate	False
MAM02340	R_MAR05132	product	False
MAM01369	R_MAR05133	substrate	False
MAM03065	R_MAR05133	substrate	False
MAM02341	R_MAR05133	product	False
MAM01370	R_MAR05134	substrate	False
MAM03066	R_MAR05134	substrate	False
MAM02342	R_MAR05134	product	False
MAM01628	R_MAR05135	substrate	False
MAM03067	R_MAR05135	substrate	False
MAM02351	R_MAR05135	product	False
MAM01975	R_MAR05136	substrate	False
MAM03068	R_MAR05136	substrate	False
MAM02376	R_MAR05136	product	False
MAM01974	R_MAR05137	substrate	False
MAM03069	R_MAR05137	substrate	False
MAM02377	R_MAR05137	product	False
MAM01986	R_MAR05138	substrate	False
MAM03070	R_MAR05138	substrate	False
MAM02006	R_MAR05138	product	False
MAM02125	R_MAR05139	substrate	False
MAM03071	R_MAR05139	substrate	False
MAM02380	R_MAR05139	product	False
MAM02184	R_MAR05140	substrate	False
MAM03072	R_MAR05140	substrate	False
MAM02401	R_MAR05140	product	False
MAM02360	R_MAR05141	substrate	False
MAM03073	R_MAR05141	substrate	False
MAM02404	R_MAR05141	product	False
MAM02426	R_MAR05142	substrate	False
MAM03074	R_MAR05142	substrate	False
MAM02405	R_MAR05142	product	False
MAM02471	R_MAR05143	substrate	False
MAM03075	R_MAR05143	substrate	False
MAM02408	R_MAR05143	product	False
MAM00266	R_MAR05144	substrate	False
MAM02408	R_MAR05144	substrate	False
MAM02576	R_MAR05144	product	False
MAM02980	R_MAR05144	product	False
MAM02724	R_MAR05145	substrate	False
MAM03076	R_MAR05145	substrate	False
MAM02412	R_MAR05145	product	False
MAM02770	R_MAR05146	substrate	False
MAM03077	R_MAR05146	substrate	False
MAM02415	R_MAR05146	product	False
MAM02896	R_MAR05147	substrate	False
MAM03078	R_MAR05147	substrate	False
MAM02416	R_MAR05147	product	False
MAM02993	R_MAR05148	substrate	False
MAM03079	R_MAR05148	substrate	False
MAM02419	R_MAR05148	product	False
MAM03080	R_MAR05149	substrate	False
MAM03089	R_MAR05149	substrate	False
MAM02420	R_MAR05149	product	False
MAM03082	R_MAR05150	substrate	False
MAM03135	R_MAR05150	substrate	False
MAM02423	R_MAR05150	product	False
MAM03978	R_MAR05175	substrate	False
MAM01261	R_MAR05175	product	False
MAM03203	R_MAR05175	product	False
MAM04041	R_MAR05176	substrate	False
MAM03267	R_MAR05176	product	False
MAM03288	R_MAR05177	substrate	False
MAM01261	R_MAR05177	product	False
MAM03211	R_MAR05177	product	False
MAM03288	R_MAR05178	substrate	False
MAM01261	R_MAR05178	product	False
MAM03211	R_MAR05178	product	False
MAM02495	R_MAR05179	substrate	False
MAM01261	R_MAR05179	product	False
MAM02345	R_MAR05179	product	False
MAM02495	R_MAR05180	substrate	False
MAM01261	R_MAR05180	product	False
MAM02345	R_MAR05180	product	False
MAM02495	R_MAR05181	substrate	False
MAM00178	R_MAR05181	product	False
MAM03492	R_MAR05182	substrate	False
MAM01261	R_MAR05182	product	False
MAM03491	R_MAR05182	product	False
MAM02766	R_MAR05183	substrate	False
MAM03887	R_MAR05183	product	False
MAM03887	R_MAR05184	substrate	False
MAM00948	R_MAR05184	product	False
MAM02774	R_MAR05184	product	False
MAM02689	R_MAR05185	substrate	False
MAM01261	R_MAR05185	product	False
MAM03050	R_MAR05185	product	False
MAM02677	R_MAR05188	substrate	False
MAM01261	R_MAR05188	product	False
MAM03972	R_MAR05188	product	False
MAM01191	R_MAR05189	substrate	False
MAM01141	R_MAR05189	product	False
MAM01261	R_MAR05189	product	False
MAM02677	R_MAR05190	substrate	False
MAM03216	R_MAR05190	product	False
MAM03982	R_MAR05192	substrate	False
MAM03265	R_MAR05192	product	False
MAM03182	R_MAR05193	substrate	False
MAM01261	R_MAR05193	product	False
MAM03978	R_MAR05193	product	False
MAM03658	R_MAR05194	substrate	False
MAM01261	R_MAR05194	product	False
MAM03288	R_MAR05194	product	False
MAM03274	R_MAR05196	substrate	False
MAM03653	R_MAR05196	product	False
MAM02047	R_MAR05233	substrate	False
MAM01350	R_MAR05233	product	False
MAM02684	R_MAR05233	product	False
MAM02685	R_MAR05233	product	False
MAM02808	R_MAR05233	product	False
MAM02908	R_MAR05233	product	False
MAM01350	R_MAR05234	substrate	False
MAM01450	R_MAR05234	substrate	False
MAM01451	R_MAR05234	substrate	False
MAM02684	R_MAR05234	substrate	False
MAM02685	R_MAR05234	substrate	False
MAM02808	R_MAR05234	substrate	False
MAM02908	R_MAR05234	substrate	False
MAM02048	R_MAR05234	product	False
MAM03221	R_MAR05235	substrate	False
MAM03182	R_MAR05235	product	False
MAM02352	R_MAR05238	substrate	False
MAM00656	R_MAR05238	product	False
MAM01351	R_MAR05238	product	False
MAM01427	R_MAR05238	product	False
MAM02684	R_MAR05238	product	False
MAM02685	R_MAR05238	product	False
MAM02908	R_MAR05238	product	False
MAM00656	R_MAR05239	substrate	False
MAM01351	R_MAR05239	substrate	False
MAM01427	R_MAR05239	substrate	False
MAM01450	R_MAR05239	substrate	False
MAM01451	R_MAR05239	substrate	False
MAM02684	R_MAR05239	substrate	False
MAM02685	R_MAR05239	substrate	False
MAM02908	R_MAR05239	substrate	False
MAM02353	R_MAR05239	product	False
MAM03181	R_MAR05242	substrate	False
MAM01261	R_MAR05242	product	False
MAM03288	R_MAR05242	product	False
MAM03146	R_MAR05243	substrate	False
MAM00656	R_MAR05243	product	False
MAM01351	R_MAR05243	product	False
MAM01359	R_MAR05243	product	False
MAM01450	R_MAR05243	product	False
MAM01451	R_MAR05243	product	False
MAM02684	R_MAR05243	product	False
MAM02685	R_MAR05243	product	False
MAM02750	R_MAR05243	product	False
MAM02908	R_MAR05243	product	False
MAM00656	R_MAR05244	substrate	False
MAM01351	R_MAR05244	substrate	False
MAM01359	R_MAR05244	substrate	False
MAM01450	R_MAR05244	substrate	False
MAM01451	R_MAR05244	substrate	False
MAM02684	R_MAR05244	substrate	False
MAM02685	R_MAR05244	substrate	False
MAM02750	R_MAR05244	substrate	False
MAM02908	R_MAR05244	substrate	False
MAM02959	R_MAR05244	substrate	False
MAM03147	R_MAR05244	product	False
MAM01569	R_MAR05247	substrate	False
MAM00656	R_MAR05247	product	False
MAM01352	R_MAR05247	product	False
MAM01359	R_MAR05247	product	False
MAM01450	R_MAR05247	product	False
MAM01451	R_MAR05247	product	False
MAM02684	R_MAR05247	product	False
MAM02685	R_MAR05247	product	False
MAM02750	R_MAR05247	product	False
MAM02808	R_MAR05247	product	False
MAM02908	R_MAR05247	product	False
MAM02956	R_MAR05247	product	False
MAM02684	R_MAR05254	substrate	False
MAM00656	R_MAR05254	product	False
MAM10005	R_MAR05254	product	False
MAM03181	R_MAR05256	substrate	False
MAM01261	R_MAR05256	product	False
MAM03288	R_MAR05256	product	False
MAM01349	R_MAR05266	substrate	False
MAM01307	R_MAR05266	product	False
MAM01365	R_MAR05266	product	False
MAM01369	R_MAR05266	product	False
MAM01370	R_MAR05266	product	False
MAM01628	R_MAR05266	product	False
MAM01974	R_MAR05266	product	False
MAM01975	R_MAR05266	product	False
MAM01986	R_MAR05266	product	False
MAM02125	R_MAR05266	product	False
MAM02184	R_MAR05266	product	False
MAM02360	R_MAR05266	product	False
MAM02426	R_MAR05266	product	False
MAM02471	R_MAR05266	product	False
MAM02724	R_MAR05266	product	False
MAM02770	R_MAR05266	product	False
MAM02896	R_MAR05266	product	False
MAM02993	R_MAR05266	product	False
MAM03101	R_MAR05266	product	False
MAM03135	R_MAR05266	product	False
MAM02485	R_MAR05267	substrate	False
MAM01307	R_MAR05267	product	False
MAM01365	R_MAR05267	product	False
MAM01369	R_MAR05267	product	False
MAM01370	R_MAR05267	product	False
MAM01628	R_MAR05267	product	False
MAM01974	R_MAR05267	product	False
MAM01975	R_MAR05267	product	False
MAM01986	R_MAR05267	product	False
MAM02125	R_MAR05267	product	False
MAM02184	R_MAR05267	product	False
MAM02360	R_MAR05267	product	False
MAM02426	R_MAR05267	product	False
MAM02471	R_MAR05267	product	False
MAM02724	R_MAR05267	product	False
MAM02770	R_MAR05267	product	False
MAM02896	R_MAR05267	product	False
MAM02993	R_MAR05267	product	False
MAM03101	R_MAR05267	product	False
MAM03135	R_MAR05267	product	False
MAM01353	R_MAR05268	substrate	False
MAM01307	R_MAR05268	product	False
MAM01365	R_MAR05268	product	False
MAM01369	R_MAR05268	product	False
MAM01370	R_MAR05268	product	False
MAM01974	R_MAR05268	product	False
MAM01975	R_MAR05268	product	False
MAM01986	R_MAR05268	product	False
MAM02184	R_MAR05268	product	False
MAM02360	R_MAR05268	product	False
MAM02426	R_MAR05268	product	False
MAM02471	R_MAR05268	product	False
MAM02724	R_MAR05268	product	False
MAM02770	R_MAR05268	product	False
MAM02896	R_MAR05268	product	False
MAM02993	R_MAR05268	product	False
MAM03089	R_MAR05268	product	False
MAM03135	R_MAR05268	product	False
MAM01354	R_MAR05269	substrate	False
MAM01307	R_MAR05269	product	False
MAM01365	R_MAR05269	product	False
MAM01369	R_MAR05269	product	False
MAM01370	R_MAR05269	product	False
MAM01974	R_MAR05269	product	False
MAM01975	R_MAR05269	product	False
MAM01986	R_MAR05269	product	False
MAM02184	R_MAR05269	product	False
MAM02360	R_MAR05269	product	False
MAM02426	R_MAR05269	product	False
MAM02471	R_MAR05269	product	False
MAM02724	R_MAR05269	product	False
MAM02770	R_MAR05269	product	False
MAM02896	R_MAR05269	product	False
MAM02993	R_MAR05269	product	False
MAM03089	R_MAR05269	product	False
MAM03101	R_MAR05269	product	False
MAM03135	R_MAR05269	product	False
MAM01355	R_MAR05270	substrate	False
MAM01307	R_MAR05270	product	False
MAM01365	R_MAR05270	product	False
MAM01370	R_MAR05270	product	False
MAM01974	R_MAR05270	product	False
MAM01975	R_MAR05270	product	False
MAM01986	R_MAR05270	product	False
MAM02125	R_MAR05270	product	False
MAM02360	R_MAR05270	product	False
MAM02426	R_MAR05270	product	False
MAM02471	R_MAR05270	product	False
MAM02724	R_MAR05270	product	False
MAM02770	R_MAR05270	product	False
MAM02896	R_MAR05270	product	False
MAM02993	R_MAR05270	product	False
MAM03089	R_MAR05270	product	False
MAM03101	R_MAR05270	product	False
MAM03135	R_MAR05270	product	False
MAM01350	R_MAR05283	substrate	False
MAM01307	R_MAR05283	product	False
MAM01365	R_MAR05283	product	False
MAM01369	R_MAR05283	product	False
MAM01370	R_MAR05283	product	False
MAM01974	R_MAR05283	product	False
MAM01975	R_MAR05283	product	False
MAM01986	R_MAR05283	product	False
MAM02125	R_MAR05283	product	False
MAM02360	R_MAR05283	product	False
MAM02426	R_MAR05283	product	False
MAM02471	R_MAR05283	product	False
MAM02724	R_MAR05283	product	False
MAM02770	R_MAR05283	product	False
MAM02896	R_MAR05283	product	False
MAM02993	R_MAR05283	product	False
MAM03089	R_MAR05283	product	False
MAM03101	R_MAR05283	product	False
MAM03135	R_MAR05283	product	False
MAM01350	R_MAR05284	substrate	False
MAM01307	R_MAR05284	product	False
MAM01365	R_MAR05284	product	False
MAM01369	R_MAR05284	product	False
MAM01370	R_MAR05284	product	False
MAM01974	R_MAR05284	product	False
MAM01975	R_MAR05284	product	False
MAM01986	R_MAR05284	product	False
MAM02125	R_MAR05284	product	False
MAM02360	R_MAR05284	product	False
MAM02426	R_MAR05284	product	False
MAM02471	R_MAR05284	product	False
MAM02724	R_MAR05284	product	False
MAM02770	R_MAR05284	product	False
MAM02896	R_MAR05284	product	False
MAM02993	R_MAR05284	product	False
MAM03089	R_MAR05284	product	False
MAM03101	R_MAR05284	product	False
MAM03135	R_MAR05284	product	False
MAM03653	R_MAR05293	substrate	False
MAM03221	R_MAR05293	product	False
MAM03273	R_MAR05298	substrate	False
MAM03656	R_MAR05298	product	False
MAM03123	R_MAR05299	substrate	False
MAM03114	R_MAR05299	product	False
MAM03273	R_MAR05300	substrate	False
MAM03656	R_MAR05300	product	False
MAM03123	R_MAR05301	substrate	False
MAM03114	R_MAR05301	product	False
MAM03220	R_MAR05306	substrate	False
MAM03181	R_MAR05306	product	False
MAM03220	R_MAR05309	substrate	False
MAM03181	R_MAR05309	product	False
MAM03656	R_MAR05312	substrate	False
MAM03220	R_MAR05312	product	False
MAM03656	R_MAR05321	substrate	False
MAM03220	R_MAR05321	product	False
MAM02678	R_MAR05325	substrate	False
MAM01261	R_MAR05325	product	False
MAM02495	R_MAR05325	product	False
MAM02678	R_MAR05327	substrate	False
MAM01261	R_MAR05327	product	False
MAM02495	R_MAR05327	product	False
MAM02678	R_MAR05329	substrate	False
MAM03218	R_MAR05329	product	False
MAM03655	R_MAR05331	substrate	False
MAM01261	R_MAR05331	product	False
MAM03492	R_MAR05331	product	False
MAM03654	R_MAR05334	substrate	False
MAM03655	R_MAR05334	product	False
MAM02866	R_MAR05336	substrate	True
MAM01974	R_MAR05336	product	True
MAM01986	R_MAR05336	product	True
MAM02867	R_MAR05336	product	True
MAM02026	R_MAR05337	substrate	True
MAM03124	R_MAR05337	substrate	True
MAM02866	R_MAR05337	product	True
MAM01261	R_MAR05338	substrate	False
MAM02867	R_MAR05338	substrate	False
MAM02548	R_MAR05338	product	False
MAM02548	R_MAR05339	substrate	True
MAM01252	R_MAR05339	product	True
MAM02867	R_MAR05339	product	True
MAM02867	R_MAR05340	substrate	False
MAM02579	R_MAR05340	product	False
MAM02865	R_MAR05340	product	False
MAM02674	R_MAR05341	substrate	False
MAM00403	R_MAR05341	product	False
MAM02101	R_MAR05343	substrate	False
MAM01261	R_MAR05343	product	False
MAM02689	R_MAR05343	product	False
MAM03791	R_MAR05345	substrate	False
MAM01261	R_MAR05345	product	False
MAM02677	R_MAR05345	product	False
MAM03789	R_MAR05350	substrate	False
MAM01191	R_MAR05350	product	False
MAM01261	R_MAR05350	product	False
MAM00648	R_MAR05351	substrate	True
MAM00671	R_MAR05351	product	True
MAM01756	R_MAR05352	substrate	False
MAM03123	R_MAR05352	substrate	False
MAM01754	R_MAR05352	product	False
MAM03114	R_MAR05352	product	False
MAM01680	R_MAR05353	substrate	True
MAM01686	R_MAR05353	product	True
MAM03792	R_MAR05355	substrate	False
MAM03252	R_MAR05355	product	False
MAM02391	R_MAR05357	substrate	False
MAM03249	R_MAR05357	product	False
MAM02390	R_MAR05359	substrate	False
MAM01261	R_MAR05359	product	False
MAM03658	R_MAR05359	product	False
MAM03194	R_MAR05360	substrate	False
MAM00091	R_MAR05360	product	False
MAM01261	R_MAR05360	product	False
MAM03194	R_MAR05364	substrate	False
MAM01261	R_MAR05364	product	False
MAM03274	R_MAR05364	product	False
MAM00108	R_MAR05365	substrate	False
MAM01261	R_MAR05365	product	False
MAM03273	R_MAR05365	product	False
MAM00108	R_MAR05366	substrate	False
MAM01261	R_MAR05366	product	False
MAM03273	R_MAR05366	product	False
MAM03254	R_MAR05367	substrate	False
MAM03194	R_MAR05367	product	False
MAM03254	R_MAR05368	substrate	False
MAM03194	R_MAR05368	product	False
MAM03195	R_MAR05369	substrate	False
MAM01261	R_MAR05369	product	False
MAM03273	R_MAR05369	product	False
MAM03255	R_MAR05370	substrate	False
MAM03195	R_MAR05370	product	False
MAM02941	R_MAR05371	substrate	False
MAM03230	R_MAR05371	product	False
MAM03567	R_MAR05372	substrate	False
MAM01261	R_MAR05372	product	False
MAM03789	R_MAR05372	product	False
MAM03571	R_MAR05373	substrate	False
MAM01261	R_MAR05373	product	False
MAM03254	R_MAR05373	product	False
MAM03571	R_MAR05374	substrate	False
MAM03570	R_MAR05374	product	False
MAM03570	R_MAR05375	substrate	False
MAM01261	R_MAR05375	product	False
MAM03254	R_MAR05375	product	False
MAM03284	R_MAR05376	substrate	False
MAM01261	R_MAR05376	product	False
MAM03255	R_MAR05376	product	False
MAM03555	R_MAR05377	substrate	False
MAM01261	R_MAR05377	product	False
MAM03567	R_MAR05377	product	False
MAM03171	R_MAR05378	substrate	False
MAM01261	R_MAR05378	product	False
MAM03571	R_MAR05378	product	False
MAM03171	R_MAR05379	substrate	False
MAM01261	R_MAR05379	product	False
MAM03571	R_MAR05379	product	False
MAM00093	R_MAR05380	substrate	False
MAM03557	R_MAR05380	product	False
MAM00093	R_MAR05382	substrate	False
MAM03557	R_MAR05382	product	False
MAM03210	R_MAR05383	substrate	False
MAM03171	R_MAR05383	product	False
MAM01116	R_MAR05384	substrate	False
MAM01279	R_MAR05384	product	False
MAM02481	R_MAR05384	product	False
MAM02481	R_MAR05385	substrate	False
MAM02910	R_MAR05385	product	False
MAM02910	R_MAR05386	substrate	False
MAM00572	R_MAR05386	product	False
MAM00572	R_MAR05387	substrate	False
MAM00245	R_MAR05387	product	False
MAM00245	R_MAR05388	substrate	False
MAM00684	R_MAR05388	product	False
MAM01595	R_MAR05388	product	False
MAM01833	R_MAR05388	product	False
MAM00245	R_MAR05389	substrate	False
MAM01016	R_MAR05389	product	False
MAM01833	R_MAR05389	product	False
MAM02471	R_MAR05390	substrate	False
MAM01016	R_MAR05390	product	False
MAM01016	R_MAR05391	substrate	False
MAM01974	R_MAR05391	substrate	False
MAM01306	R_MAR05391	product	False
MAM02471	R_MAR05391	product	False
MAM01974	R_MAR05392	substrate	False
MAM02980	R_MAR05392	substrate	False
MAM02981	R_MAR05392	product	False
MAM02981	R_MAR05393	substrate	False
MAM01974	R_MAR05393	product	False
MAM02980	R_MAR05393	product	False
MAM02038	R_MAR05394	substrate	False
MAM03149	R_MAR05394	product	False
MAM01996	R_MAR05395	substrate	False
MAM03108	R_MAR05395	substrate	False
MAM01995	R_MAR05395	product	False
MAM01995	R_MAR05396	substrate	False
MAM03108	R_MAR05396	substrate	False
MAM01990	R_MAR05396	product	False
MAM01990	R_MAR05397	substrate	False
MAM01992	R_MAR05397	product	False
MAM01992	R_MAR05398	substrate	False
MAM01967	R_MAR05398	product	False
MAM01991	R_MAR05398	product	False
MAM01991	R_MAR05399	substrate	False
MAM01994	R_MAR05399	product	False
MAM01994	R_MAR05400	substrate	False
MAM01965	R_MAR05400	product	False
MAM01993	R_MAR05400	product	False
MAM01993	R_MAR05401	substrate	False
MAM01967	R_MAR05401	product	False
MAM01996	R_MAR05401	product	False
MAM03210	R_MAR05402	substrate	False
MAM03171	R_MAR05402	product	False
MAM02831	R_MAR05403	substrate	False
MAM01261	R_MAR05403	product	False
MAM03284	R_MAR05403	product	False
MAM03557	R_MAR05404	substrate	False
MAM03210	R_MAR05404	product	False
MAM03557	R_MAR05405	substrate	False
MAM03210	R_MAR05405	product	False
MAM00095	R_MAR05408	substrate	False
MAM03556	R_MAR05408	product	False
MAM03559	R_MAR05410	substrate	False
MAM02831	R_MAR05410	product	False
MAM03556	R_MAR05412	substrate	False
MAM03559	R_MAR05412	product	False
MAM01637	R_MAR05415	substrate	False
MAM01285	R_MAR05415	product	False
MAM01680	R_MAR05416	substrate	False
MAM01948	R_MAR05416	product	False
MAM02540	R_MAR05418	substrate	True
MAM01261	R_MAR05418	product	True
MAM02471	R_MAR05418	product	True
MAM02534	R_MAR05419	substrate	True
MAM01261	R_MAR05419	product	True
MAM01628	R_MAR05419	product	True
MAM01725	R_MAR05421	substrate	False
MAM01261	R_MAR05421	product	False
MAM01773	R_MAR05421	product	False
MAM01373	R_MAR05425	substrate	False
MAM03560	R_MAR05425	product	False
MAM01373	R_MAR05427	substrate	False
MAM03798	R_MAR05427	product	False
MAM00025	R_MAR05428	substrate	False
MAM01261	R_MAR05428	product	False
MAM03555	R_MAR05428	product	False
MAM02971	R_MAR05431	substrate	False
MAM01261	R_MAR05431	product	False
MAM01725	R_MAR05431	product	False
MAM02348	R_MAR05456	substrate	True
MAM02944	R_MAR05456	substrate	True
MAM03495	R_MAR05456	product	True
MAM02694	R_MAR05988	substrate	False
MAM01261	R_MAR05988	product	False
MAM02774	R_MAR05988	product	False
MAM01977	R_MAR05991	substrate	True
MAM02348	R_MAR05991	substrate	True
MAM03497	R_MAR05991	product	True
MAM00826	R_MAR05999	substrate	False
MAM03242	R_MAR05999	product	False
MAM02348	R_MAR06278	substrate	True
MAM03242	R_MAR06278	substrate	True
MAM03243	R_MAR06278	product	True
MAM00053	R_MAR06280	substrate	False
MAM01261	R_MAR06280	product	False
MAM01412	R_MAR06280	product	False
MAM03659	R_MAR06281	substrate	False
MAM00053	R_MAR06281	product	False
MAM03659	R_MAR06282	substrate	False
MAM00053	R_MAR06282	product	False
MAM02122	R_MAR06284	substrate	False
MAM01261	R_MAR06284	product	False
MAM01412	R_MAR06284	product	False
MAM03409	R_MAR06285	substrate	False
MAM01261	R_MAR06285	product	False
MAM02944	R_MAR06285	product	False
MAM02107	R_MAR06319	substrate	False
MAM01261	R_MAR06319	product	False
MAM02694	R_MAR06319	product	False
MAM03794	R_MAR06320	substrate	False
MAM01261	R_MAR06320	product	False
MAM03659	R_MAR06320	product	False
MAM03794	R_MAR06322	substrate	False
MAM01261	R_MAR06322	product	False
MAM03659	R_MAR06322	product	False
MAM02644	R_MAR06344	substrate	False
MAM01261	R_MAR06344	product	False
MAM02122	R_MAR06344	product	False
MAM03922	R_MAR06345	substrate	False
MAM01261	R_MAR06345	product	False
MAM03409	R_MAR06345	product	False
MAM03554	R_MAR06346	substrate	False
MAM01261	R_MAR06346	product	False
MAM03552	R_MAR06346	product	False
MAM02616	R_MAR06347	substrate	False
MAM01261	R_MAR06347	product	False
MAM02107	R_MAR06347	product	False
MAM01648	R_MAR06348	substrate	False
MAM03797	R_MAR06348	product	False
MAM00403	R_MAR06349	substrate	False
MAM03654	R_MAR06349	product	False
MAM03798	R_MAR06350	substrate	False
MAM03560	R_MAR06350	product	False
MAM03797	R_MAR06376	substrate	False
MAM03923	R_MAR06376	product	False
MAM03969	R_MAR06378	substrate	False
MAM03522	R_MAR06378	product	False
MAM03522	R_MAR06390	substrate	False
MAM03035	R_MAR06390	product	False
MAM02147	R_MAR06393	substrate	False
MAM02489	R_MAR06393	substrate	False
MAM01655	R_MAR06393	product	False
MAM01368	R_MAR06394	substrate	True
MAM02394	R_MAR06394	substrate	True
MAM01655	R_MAR06394	product	True
MAM01702	R_MAR06394	product	True
MAM01368	R_MAR06395	substrate	False
MAM01655	R_MAR06395	product	False
MAM01655	R_MAR06396	substrate	False
MAM01368	R_MAR06396	product	False
MAM02394	R_MAR06397	substrate	True
MAM01702	R_MAR06397	product	True
MAM02643	R_MAR06402	substrate	False
MAM00210	R_MAR06402	product	False
MAM02484	R_MAR06402	product	False
MAM00210	R_MAR06403	substrate	False
MAM02877	R_MAR06403	substrate	False
MAM20084	R_MAR06403	substrate	False
MAM00208m	R_MAR06403	product	False
MAM01098	R_MAR06403	product	False
MAM02042	R_MAR06403	product	False
MAM02471	R_MAR06403	product	False
MAM00209	R_MAR06404	substrate	True
MAM00208m	R_MAR06404	product	True
MAM02399	R_MAR06405	substrate	True
MAM02394	R_MAR06405	product	True
MAM02426	R_MAR06405	product	True
MAM03966	R_MAR06407	substrate	False
MAM01261	R_MAR06407	product	False
MAM03969	R_MAR06407	product	False
MAM02393	R_MAR06409	substrate	True
MAM01701	R_MAR06409	product	True
MAM02869	R_MAR06412	substrate	False
MAM01261	R_MAR06412	product	False
MAM01701	R_MAR06412	product	False
MAM00765	R_MAR06413	substrate	False
MAM02393	R_MAR06413	substrate	False
MAM02934	R_MAR06413	product	False
MAM02984	R_MAR06413	product	False
MAM02934	R_MAR06414	substrate	True
MAM01701	R_MAR06414	product	True
MAM02944	R_MAR06414	product	True
MAM02899	R_MAR06415	substrate	False
MAM01701	R_MAR06415	product	False
MAM01977	R_MAR06415	product	False
MAM02393	R_MAR06416	substrate	False
MAM20078	R_MAR06416	substrate	False
MAM02857	R_MAR06416	product	False
MAM02984	R_MAR06416	product	False
MAM02857	R_MAR06417	substrate	True
MAM01701	R_MAR06417	product	True
MAM02180	R_MAR06417	product	True
MAM03967	R_MAR06418	substrate	False
MAM03966	R_MAR06418	product	False
MAM02393	R_MAR06419	substrate	False
MAM20079	R_MAR06419	substrate	False
MAM02856	R_MAR06419	product	False
MAM02984	R_MAR06419	product	False
MAM02856	R_MAR06420	substrate	False
MAM00663	R_MAR06420	product	False
MAM01701	R_MAR06420	product	False
MAM02393	R_MAR06421	substrate	False
MAM20080	R_MAR06421	substrate	False
MAM02858	R_MAR06421	product	False
MAM02984	R_MAR06421	product	False
MAM02858	R_MAR06422	substrate	False
MAM01701	R_MAR06422	product	False
MAM02189	R_MAR06422	product	False
MAM01330	R_MAR06423	substrate	True
MAM02489	R_MAR06423	substrate	True
MAM01331	R_MAR06423	product	True
MAM01368	R_MAR06423	product	True
MAM01330	R_MAR06426	substrate	False
MAM00357	R_MAR06426	product	False
MAM01330	R_MAR06427	substrate	False
MAM00357	R_MAR06427	product	False
MAM00357	R_MAR06428	substrate	False
MAM00345	R_MAR06428	product	False
MAM00357	R_MAR06429	substrate	False
MAM00345	R_MAR06429	product	False
MAM00345	R_MAR06432	substrate	False
MAM00287	R_MAR06432	product	False
MAM02774	R_MAR06432	product	False
MAM00287	R_MAR06433	substrate	False
MAM01226	R_MAR06433	product	False
MAM01261	R_MAR06433	product	False
MAM01226	R_MAR06434	substrate	False
MAM01186	R_MAR06434	product	False
MAM02774	R_MAR06434	product	False
MAM01186	R_MAR06435	substrate	False
MAM01096	R_MAR06435	product	False
MAM01261	R_MAR06435	product	False
MAM01096	R_MAR06436	substrate	False
MAM00766	R_MAR06436	product	False
MAM02774	R_MAR06436	product	False
MAM04041	R_MAR06437	substrate	False
MAM01261	R_MAR06437	product	False
MAM03967	R_MAR06437	product	False
MAM01938	R_MAR06441	substrate	False
MAM00361	R_MAR06441	product	False
MAM01938	R_MAR06442	substrate	False
MAM00361	R_MAR06442	product	False
MAM00361	R_MAR06443	substrate	False
MAM00347	R_MAR06443	product	False
MAM00361	R_MAR06444	substrate	False
MAM00347	R_MAR06444	product	False
MAM00347	R_MAR06447	substrate	False
MAM00289	R_MAR06447	product	False
MAM02774	R_MAR06447	product	False
MAM00289	R_MAR06448	substrate	False
MAM01228	R_MAR06448	product	False
MAM01261	R_MAR06448	product	False
MAM03982	R_MAR06449	substrate	False
MAM01261	R_MAR06449	product	False
MAM04041	R_MAR06449	product	False
MAM01228	R_MAR06450	substrate	False
MAM01188	R_MAR06450	product	False
MAM02774	R_MAR06450	product	False
MAM01188	R_MAR06451	substrate	False
MAM01097	R_MAR06451	product	False
MAM01261	R_MAR06451	product	False
MAM00106	R_MAR06452	substrate	False
MAM01261	R_MAR06452	product	False
MAM03982	R_MAR06452	product	False
MAM01097	R_MAR06453	substrate	False
MAM01923	R_MAR06453	product	False
MAM02774	R_MAR06453	product	False
MAM01936	R_MAR06456	substrate	True
MAM01935	R_MAR06456	product	True
MAM01211	R_MAR06457	substrate	True
MAM01936	R_MAR06457	product	True
MAM02147	R_MAR06457	product	True
MAM01211	R_MAR06458	substrate	True
MAM01937	R_MAR06458	product	True
MAM01117	R_MAR06459	substrate	True
MAM01936	R_MAR06459	product	True
MAM02588	R_MAR06459	product	True
MAM01117	R_MAR06460	substrate	True
MAM01935	R_MAR06460	product	True
MAM02714	R_MAR06460	product	True
MAM02590	R_MAR06461	substrate	False
MAM02714	R_MAR06461	product	False
MAM01935	R_MAR06464	substrate	False
MAM00360	R_MAR06464	product	False
MAM01935	R_MAR06465	substrate	False
MAM00360	R_MAR06465	product	False
MAM00360	R_MAR06466	substrate	False
MAM00346	R_MAR06466	product	False
MAM00360	R_MAR06467	substrate	False
MAM00346	R_MAR06467	product	False
MAM00346	R_MAR06470	substrate	False
MAM00288	R_MAR06470	product	False
MAM02774	R_MAR06470	product	False
MAM00288	R_MAR06471	substrate	False
MAM01227	R_MAR06471	product	False
MAM01261	R_MAR06471	product	False
MAM01227	R_MAR06472	substrate	False
MAM01187	R_MAR06472	product	False
MAM02774	R_MAR06472	product	False
MAM01187	R_MAR06473	substrate	False
MAM01097	R_MAR06473	product	False
MAM01261	R_MAR06473	product	False
MAM01327	R_MAR06476	substrate	False
MAM00356	R_MAR06476	product	False
MAM01327	R_MAR06477	substrate	False
MAM00356	R_MAR06477	product	False
MAM00356	R_MAR06478	substrate	False
MAM00344	R_MAR06478	product	False
MAM00356	R_MAR06479	substrate	False
MAM00344	R_MAR06479	product	False
MAM00344	R_MAR06482	substrate	False
MAM00286	R_MAR06482	product	False
MAM02774	R_MAR06482	product	False
MAM02698	R_MAR06483	substrate	False
MAM00980	R_MAR06483	product	False
MAM01261	R_MAR06483	product	False
MAM00286	R_MAR06484	substrate	False
MAM01225	R_MAR06484	product	False
MAM01261	R_MAR06484	product	False
MAM01225	R_MAR06486	substrate	False
MAM01185	R_MAR06486	product	False
MAM02774	R_MAR06486	product	False
MAM01185	R_MAR06488	substrate	False
MAM01096	R_MAR06488	product	False
MAM01261	R_MAR06488	product	False
MAM01923	R_MAR06490	substrate	False
MAM03109	R_MAR06490	substrate	False
MAM01924	R_MAR06490	product	False
MAM01924	R_MAR06492	substrate	True
MAM01923	R_MAR06492	product	True
MAM01973	R_MAR06492	product	True
MAM00766	R_MAR06495	substrate	False
MAM03109	R_MAR06495	substrate	False
MAM01321	R_MAR06495	product	False
MAM01321	R_MAR06496	substrate	False
MAM00766	R_MAR06496	product	False
MAM01973	R_MAR06496	product	False
MAM01329	R_MAR06500	substrate	False
MAM01328	R_MAR06500	product	False
MAM01212	R_MAR06501	substrate	True
MAM01329	R_MAR06501	product	True
MAM02842	R_MAR06506	substrate	False
MAM01828	R_MAR06506	product	False
MAM01828	R_MAR06507	substrate	False
MAM02842	R_MAR06507	product	False
MAM01371	R_MAR06508	substrate	False
MAM01828	R_MAR06508	substrate	False
MAM01802	R_MAR06508	product	False
MAM01802	R_MAR06509	substrate	False
MAM01334	R_MAR06509	product	False
MAM01828	R_MAR06509	product	False
MAM02464	R_MAR06515	substrate	False
MAM02949	R_MAR06515	substrate	False
MAM02819	R_MAR06515	product	False
MAM02991	R_MAR06515	product	False
MAM02145	R_MAR06518	substrate	False
MAM02464	R_MAR06518	substrate	False
MAM02819	R_MAR06518	product	False
MAM02986	R_MAR06518	product	False
MAM00815	R_MAR06519	substrate	True
MAM02464	R_MAR06519	product	True
MAM02145	R_MAR06520	substrate	True
MAM02991	R_MAR06520	substrate	True
MAM02949	R_MAR06520	product	True
MAM02986	R_MAR06520	product	True
MAM02986	R_MAR06523	substrate	True
MAM02158	R_MAR06523	product	True
MAM02156	R_MAR06536	substrate	True
MAM02588	R_MAR06536	substrate	True
MAM02591	R_MAR06536	product	True
MAM01973	R_MAR06537	substrate	True
MAM02378	R_MAR06537	product	True
MAM02171	R_MAR06539	substrate	False
MAM01973	R_MAR06539	product	False
MAM02173	R_MAR06540	substrate	False
MAM02171	R_MAR06540	product	False
MAM02750	R_MAR06542	substrate	False
MAM00552	R_MAR06542	product	False
MAM00552	R_MAR06543	substrate	False
MAM02750	R_MAR06543	product	False
MAM00552	R_MAR06544	substrate	False
MAM00555	R_MAR06544	product	False
MAM00555	R_MAR06545	substrate	False
MAM00552	R_MAR06545	product	False
MAM02750	R_MAR06546	substrate	False
MAM00553	R_MAR06546	product	False
MAM00553	R_MAR06547	substrate	False
MAM02750	R_MAR06547	product	False
MAM00553	R_MAR06548	substrate	False
MAM00551	R_MAR06548	product	False
MAM00551	R_MAR06549	substrate	False
MAM00552	R_MAR06549	product	False
MAM00551	R_MAR06550	substrate	False
MAM00553	R_MAR06550	product	False
MAM00553	R_MAR06551	substrate	False
MAM02736	R_MAR06551	product	False
MAM02736	R_MAR06552	substrate	False
MAM00553	R_MAR06552	product	False
MAM02736	R_MAR06553	substrate	False
MAM00554	R_MAR06553	product	False
MAM00554	R_MAR06554	substrate	False
MAM02736	R_MAR06554	product	False
MAM02736	R_MAR06555	substrate	False
MAM02734	R_MAR06555	product	False
MAM02734	R_MAR06556	substrate	False
MAM02736	R_MAR06556	product	False
MAM02734	R_MAR06557	substrate	False
MAM00551	R_MAR06557	product	False
MAM02734	R_MAR06558	substrate	False
MAM02735	R_MAR06558	product	False
MAM02736	R_MAR06559	substrate	False
MAM00237	R_MAR06559	product	False
MAM01718	R_MAR06559	product	False
MAM01718	R_MAR06560	substrate	False
MAM00526	R_MAR06560	product	False
MAM00526	R_MAR06561	substrate	False
MAM00530	R_MAR06561	product	False
MAM00530	R_MAR06562	substrate	False
MAM02171	R_MAR06562	product	False
MAM01718	R_MAR06563	substrate	False
MAM00522	R_MAR06563	product	False
MAM00522	R_MAR06564	substrate	False
MAM01718	R_MAR06564	product	False
MAM00522	R_MAR06565	substrate	False
MAM00524	R_MAR06565	product	False
MAM00524	R_MAR06566	substrate	False
MAM00522	R_MAR06566	product	False
MAM00524	R_MAR06567	substrate	False
MAM00523	R_MAR06567	product	False
MAM00523	R_MAR06568	substrate	False
MAM00521	R_MAR06568	product	False
MAM00524	R_MAR06569	substrate	False
MAM00528	R_MAR06569	product	False
MAM00528	R_MAR06570	substrate	False
MAM00529	R_MAR06570	product	False
MAM00529	R_MAR06571	substrate	False
MAM02171	R_MAR06571	product	False
MAM01968	R_MAR06572	substrate	False
MAM00529	R_MAR06572	product	False
MAM01718	R_MAR06573	substrate	False
MAM00525	R_MAR06573	product	False
MAM00525	R_MAR06574	substrate	False
MAM00521	R_MAR06574	product	False
MAM00521	R_MAR06575	substrate	True
MAM00527	R_MAR06575	product	True
MAM00521	R_MAR06576	substrate	False
MAM02492	R_MAR06576	product	False
MAM02750	R_MAR06579	substrate	False
MAM00554	R_MAR06579	product	False
MAM02750	R_MAR06580	substrate	False
MAM00554	R_MAR06580	product	False
MAM02750	R_MAR06581	substrate	False
MAM00554	R_MAR06581	product	False
MAM00554	R_MAR06583	substrate	False
MAM02750	R_MAR06583	product	False
MAM00554	R_MAR06584	substrate	False
MAM02750	R_MAR06584	product	False
MAM00554	R_MAR06585	substrate	False
MAM02750	R_MAR06585	product	False
MAM00554	R_MAR06587	substrate	False
MAM00555	R_MAR06587	product	False
MAM00554	R_MAR06588	substrate	False
MAM00555	R_MAR06588	product	False
MAM00554	R_MAR06589	substrate	False
MAM00555	R_MAR06589	product	False
MAM02735	R_MAR06591	substrate	False
MAM00554	R_MAR06591	product	False
MAM00551	R_MAR06592	substrate	False
MAM02734	R_MAR06592	product	False
MAM02735	R_MAR06595	substrate	False
MAM02734	R_MAR06595	product	False
MAM02348	R_MAR06598	substrate	True
MAM03791	R_MAR06598	substrate	True
MAM03790	R_MAR06598	product	True
MAM03790	R_MAR06600	substrate	True
MAM02348	R_MAR06600	product	True
MAM03791	R_MAR06600	product	True
MAM01312	R_MAR06601	substrate	False
MAM03121	R_MAR06601	product	False
MAM03122	R_MAR06601	product	False
MAM03120	R_MAR06602	substrate	True
MAM01315	R_MAR06602	product	True
MAM03121	R_MAR06602	product	True
MAM03120	R_MAR06603	substrate	True
MAM01315	R_MAR06603	product	True
MAM03121	R_MAR06603	product	True
MAM01585	R_MAR06604	substrate	False
MAM03791	R_MAR06604	product	False
MAM03119	R_MAR06605	substrate	True
MAM02147	R_MAR06605	product	True
MAM03120	R_MAR06605	product	True
MAM01368	R_MAR06606	substrate	True
MAM03119	R_MAR06606	substrate	True
MAM02489	R_MAR06606	product	True
MAM03120	R_MAR06606	product	True
MAM03119	R_MAR06607	substrate	True
MAM02149	R_MAR06607	product	True
MAM03120	R_MAR06607	product	True
MAM02147	R_MAR06608	substrate	True
MAM02149	R_MAR06608	product	True
MAM01313	R_MAR06609	substrate	True
MAM01312	R_MAR06609	product	True
MAM01104	R_MAR06610	substrate	False
MAM01313	R_MAR06610	product	False
MAM03120	R_MAR06611	substrate	True
MAM01104	R_MAR06611	product	True
MAM01637	R_MAR06612	substrate	True
MAM01747	R_MAR06612	substrate	True
MAM01642	R_MAR06612	product	True
MAM01752	R_MAR06612	product	True
MAM01637	R_MAR06613	substrate	True
MAM01747	R_MAR06613	substrate	True
MAM01642	R_MAR06613	product	True
MAM01752	R_MAR06613	product	True
MAM01637	R_MAR06614	substrate	True
MAM01753	R_MAR06614	substrate	True
MAM01642	R_MAR06614	product	True
MAM01747	R_MAR06614	product	True
MAM01637	R_MAR06615	substrate	True
MAM01753	R_MAR06615	substrate	True
MAM01642	R_MAR06615	product	True
MAM01747	R_MAR06615	product	True
MAM01637	R_MAR06616	substrate	True
MAM01753	R_MAR06616	substrate	True
MAM01642	R_MAR06616	product	True
MAM01747	R_MAR06616	product	True
MAM01756	R_MAR06621	substrate	True
MAM03130	R_MAR06621	product	True
MAM03130	R_MAR06622	substrate	False
MAM01756	R_MAR06622	product	False
MAM01673	R_MAR06623	substrate	False
MAM01688	R_MAR06623	substrate	False
MAM01680	R_MAR06623	product	False
MAM01755	R_MAR06623	product	False
MAM01673	R_MAR06624	substrate	False
MAM01688	R_MAR06624	substrate	False
MAM01680	R_MAR06624	product	False
MAM01755	R_MAR06624	product	False
MAM01673	R_MAR06625	substrate	False
MAM01755	R_MAR06625	product	False
MAM01755	R_MAR06626	substrate	False
MAM01673	R_MAR06626	product	False
MAM01747	R_MAR06627	substrate	True
MAM02696	R_MAR06627	substrate	True
MAM01753	R_MAR06627	product	True
MAM02819	R_MAR06627	product	True
MAM02834	R_MAR06630	substrate	False
MAM02832	R_MAR06630	product	False
MAM02834	R_MAR06631	substrate	False
MAM02832	R_MAR06631	product	False
MAM02834	R_MAR06632	substrate	False
MAM02832	R_MAR06632	product	False
MAM02834	R_MAR06633	substrate	False
MAM02832	R_MAR06633	product	False
MAM02834	R_MAR06634	substrate	False
MAM01032	R_MAR06634	product	False
MAM02684	R_MAR06635	substrate	False
MAM02834	R_MAR06635	substrate	False
MAM00535	R_MAR06635	product	False
MAM02838	R_MAR06635	product	False
MAM02838	R_MAR06636	substrate	False
MAM02834	R_MAR06636	product	False
MAM10005	R_MAR06636	product	False
MAM02838	R_MAR06637	substrate	False
MAM00291	R_MAR06637	product	False
MAM10005	R_MAR06637	product	False
MAM00290	R_MAR06638	substrate	True
MAM00291	R_MAR06638	product	True
MAM00291	R_MAR06639	substrate	False
MAM02684	R_MAR06639	substrate	False
MAM00535	R_MAR06639	product	False
MAM02838	R_MAR06639	product	False
MAM02834	R_MAR06640	substrate	False
MAM01340	R_MAR06640	product	False
MAM02834	R_MAR06641	substrate	False
MAM01008	R_MAR06641	product	False
MAM02834	R_MAR06642	substrate	False
MAM01008	R_MAR06642	product	False
MAM02834	R_MAR06643	substrate	False
MAM01232	R_MAR06643	product	False
MAM01230	R_MAR06644	substrate	True
MAM01232	R_MAR06644	product	True
MAM02834	R_MAR06645	substrate	False
MAM00351	R_MAR06645	product	False
MAM02832	R_MAR06646	substrate	False
MAM02833	R_MAR06646	product	False
MAM02832	R_MAR06647	substrate	False
MAM02833	R_MAR06647	product	False
MAM02832	R_MAR06648	substrate	False
MAM01024	R_MAR06648	product	False
MAM02832	R_MAR06649	substrate	False
MAM01024	R_MAR06649	product	False
MAM02832	R_MAR06650	substrate	False
MAM01230	R_MAR06650	product	False
MAM02832	R_MAR06651	substrate	False
MAM00290	R_MAR06651	product	False
MAM01230	R_MAR06652	substrate	True
MAM01231	R_MAR06652	product	True
MAM01230	R_MAR06653	substrate	False
MAM01023	R_MAR06653	product	False
MAM01230	R_MAR06654	substrate	False
MAM01023	R_MAR06654	product	False
MAM01023	R_MAR06655	substrate	False
MAM01028	R_MAR06655	product	False
MAM01023	R_MAR06656	substrate	False
MAM01028	R_MAR06656	product	False
MAM02833	R_MAR06657	substrate	False
MAM00427	R_MAR06657	product	False
MAM02833	R_MAR06658	substrate	False
MAM00427	R_MAR06658	product	False
MAM01231	R_MAR06659	substrate	True
MAM02833	R_MAR06659	product	True
MAM01231	R_MAR06660	substrate	True
MAM02833	R_MAR06660	product	True
MAM00350	R_MAR06661	substrate	True
MAM02833	R_MAR06661	product	True
MAM00350	R_MAR06662	substrate	True
MAM02833	R_MAR06662	product	True
MAM01224	R_MAR06663	substrate	True
MAM01231	R_MAR06663	product	True
MAM01231	R_MAR06664	substrate	False
MAM01029	R_MAR06664	product	False
MAM01231	R_MAR06665	substrate	False
MAM01029	R_MAR06665	product	False
MAM01231	R_MAR06666	substrate	False
MAM03109	R_MAR06666	substrate	False
MAM01233	R_MAR06666	product	False
MAM01231	R_MAR06667	substrate	False
MAM03109	R_MAR06667	substrate	False
MAM01233	R_MAR06667	product	False
MAM01029	R_MAR06668	substrate	True
MAM03109	R_MAR06668	substrate	True
MAM01030	R_MAR06668	product	True
MAM01029	R_MAR06669	substrate	False
MAM03109	R_MAR06669	substrate	False
MAM01030	R_MAR06669	product	False
MAM01029	R_MAR06670	substrate	True
MAM01229	R_MAR06670	product	True
MAM00291	R_MAR06671	substrate	True
MAM02678	R_MAR06671	substrate	True
MAM00292	R_MAR06671	product	True
MAM00349	R_MAR06672	substrate	True
MAM02832	R_MAR06672	product	True
MAM00349	R_MAR06673	substrate	True
MAM02832	R_MAR06673	product	True
MAM00349	R_MAR06674	substrate	True
MAM02833	R_MAR06674	product	True
MAM00349	R_MAR06675	substrate	True
MAM00350	R_MAR06675	product	True
MAM00349	R_MAR06676	substrate	True
MAM00350	R_MAR06676	product	True
MAM00349	R_MAR06677	substrate	False
MAM01022	R_MAR06677	product	False
MAM00349	R_MAR06678	substrate	False
MAM01022	R_MAR06678	product	False
MAM00350	R_MAR06679	substrate	False
MAM03109	R_MAR06679	substrate	False
MAM00353	R_MAR06679	product	False
MAM00350	R_MAR06680	substrate	False
MAM03109	R_MAR06680	substrate	False
MAM00352	R_MAR06680	product	False
MAM00350	R_MAR06681	substrate	False
MAM01026	R_MAR06681	product	False
MAM00350	R_MAR06682	substrate	False
MAM01026	R_MAR06682	product	False
MAM00350	R_MAR06683	substrate	False
MAM01057	R_MAR06683	product	False
MAM00350	R_MAR06684	substrate	False
MAM01057	R_MAR06684	product	False
MAM01057	R_MAR06685	substrate	False
MAM03109	R_MAR06685	substrate	False
MAM02826	R_MAR06685	product	False
MAM01057	R_MAR06686	substrate	False
MAM03109	R_MAR06686	substrate	False
MAM02826	R_MAR06686	product	False
MAM00350	R_MAR06687	substrate	False
MAM01060	R_MAR06687	product	False
MAM01346	R_MAR06690	substrate	True
MAM02685	R_MAR06690	product	True
MAM02832	R_MAR06690	product	True
MAM01248	R_MAR06691	substrate	True
MAM01346	R_MAR06691	product	True
MAM02832	R_MAR06691	product	True
MAM01248	R_MAR06692	substrate	True
MAM01247	R_MAR06692	product	True
MAM01247	R_MAR06693	substrate	True
MAM02624	R_MAR06693	product	True
MAM02729	R_MAR06693	product	True
MAM02624	R_MAR06694	substrate	True
MAM02177	R_MAR06694	product	True
MAM02624	R_MAR06695	substrate	True
MAM02176	R_MAR06695	product	True
MAM02348	R_MAR06696	substrate	True
MAM03792	R_MAR06696	substrate	True
MAM03793	R_MAR06696	product	True
MAM02624	R_MAR06697	substrate	True
MAM02179	R_MAR06697	product	True
MAM03793	R_MAR06698	substrate	True
MAM02348	R_MAR06698	product	True
MAM03792	R_MAR06698	product	True
MAM02624	R_MAR06699	substrate	True
MAM02178	R_MAR06699	product	True
MAM02833	R_MAR06700	substrate	False
MAM00993	R_MAR06700	product	False
MAM02833	R_MAR06701	substrate	False
MAM00993	R_MAR06701	product	False
MAM00993	R_MAR06702	substrate	False
MAM01031	R_MAR06702	product	False
MAM00993	R_MAR06703	substrate	False
MAM01031	R_MAR06703	product	False
MAM00993	R_MAR06704	substrate	False
MAM03109	R_MAR06704	substrate	False
MAM02824	R_MAR06704	product	False
MAM00993	R_MAR06705	substrate	False
MAM03109	R_MAR06705	substrate	False
MAM02824	R_MAR06705	product	False
MAM03089	R_MAR06707	substrate	False
MAM03088	R_MAR06707	product	False
MAM00221	R_MAR06708	substrate	True
MAM02453	R_MAR06708	product	True
MAM03089	R_MAR06708	product	True
MAM01384	R_MAR06709	substrate	True
MAM03089	R_MAR06709	product	True
MAM03088	R_MAR06711	substrate	False
MAM02605	R_MAR06711	product	False
MAM00230	R_MAR06712	substrate	True
MAM01831	R_MAR06712	product	True
MAM03088	R_MAR06712	product	True
MAM03088	R_MAR06713	substrate	False
MAM02168	R_MAR06713	product	False
MAM02168	R_MAR06714	substrate	False
MAM02169	R_MAR06714	product	False
MAM02169	R_MAR06715	substrate	False
MAM02478	R_MAR06715	product	False
MAM01107	R_MAR06716	substrate	False
MAM01108	R_MAR06716	product	False
MAM01108	R_MAR06717	substrate	False
MAM01106	R_MAR06717	product	False
MAM01833	R_MAR06717	product	False
MAM01106	R_MAR06718	substrate	False
MAM01105	R_MAR06718	product	False
MAM01105	R_MAR06719	substrate	False
MAM00947	R_MAR06719	product	False
MAM02319	R_MAR06720	substrate	False
MAM03109	R_MAR06720	substrate	False
MAM00787	R_MAR06720	product	False
MAM00787	R_MAR06721	substrate	False
MAM00925	R_MAR06721	product	False
MAM00787	R_MAR06722	substrate	True
MAM01306	R_MAR06722	substrate	True
MAM01974	R_MAR06722	product	True
MAM03152	R_MAR06722	product	True
MAM00787	R_MAR06723	substrate	True
MAM02026	R_MAR06723	substrate	True
MAM01979	R_MAR06723	product	True
MAM01306	R_MAR06725	substrate	True
MAM02724	R_MAR06725	substrate	True
MAM01974	R_MAR06725	product	True
MAM02725	R_MAR06725	product	True
MAM02725	R_MAR06726	substrate	False
MAM00654	R_MAR06726	product	False
MAM02725	R_MAR06727	substrate	False
MAM00647	R_MAR06727	product	False
MAM02978	R_MAR06728	substrate	False
MAM03101	R_MAR06728	substrate	False
MAM01698	R_MAR06728	product	False
MAM02354	R_MAR06728	product	False
MAM03101	R_MAR06729	substrate	False
MAM02354	R_MAR06729	product	False
MAM02354	R_MAR06730	substrate	False
MAM00830	R_MAR06730	product	False
MAM02354	R_MAR06731	substrate	False
MAM01736	R_MAR06731	product	False
MAM02875	R_MAR06734	substrate	True
MAM01249	R_MAR06734	product	True
MAM01736	R_MAR06734	product	True
MAM02875	R_MAR06735	substrate	False
MAM02873	R_MAR06735	product	False
MAM02875	R_MAR06736	substrate	False
MAM02603	R_MAR06736	product	False
MAM02876	R_MAR06738	substrate	True
MAM01736	R_MAR06738	product	True
MAM02819	R_MAR06738	product	True
MAM02876	R_MAR06739	substrate	False
MAM02874	R_MAR06739	product	False
MAM02876	R_MAR06740	substrate	False
MAM00231	R_MAR06740	product	False
MAM01368	R_MAR06741	substrate	False
MAM01736	R_MAR06741	substrate	False
MAM01655	R_MAR06741	product	False
MAM02617	R_MAR06741	product	False
MAM00945	R_MAR06742	substrate	True
MAM01831	R_MAR06742	product	True
MAM02617	R_MAR06742	product	True
MAM02617	R_MAR06743	substrate	False
MAM01290	R_MAR06743	product	False
MAM02599	R_MAR06744	substrate	True
MAM01290	R_MAR06744	product	True
MAM01831	R_MAR06744	product	True
MAM01290	R_MAR06745	substrate	False
MAM00726	R_MAR06745	product	False
MAM02473	R_MAR06745	product	False
MAM01290	R_MAR06746	substrate	False
MAM02407	R_MAR06746	product	False
MAM02407	R_MAR06747	substrate	False
MAM00820	R_MAR06747	product	False
MAM02473	R_MAR06747	product	False
MAM00820	R_MAR06748	substrate	False
MAM03136	R_MAR06748	product	False
MAM00820	R_MAR06749	substrate	False
MAM03136	R_MAR06749	product	False
MAM02617	R_MAR06750	substrate	False
MAM02622	R_MAR06750	product	False
MAM02622	R_MAR06751	substrate	False
MAM00820	R_MAR06751	product	False
MAM02617	R_MAR06752	substrate	False
MAM00726	R_MAR06752	product	False
MAM00726	R_MAR06753	substrate	False
MAM00727	R_MAR06753	product	False
MAM00726	R_MAR06754	substrate	False
MAM00727	R_MAR06754	product	False
MAM00727	R_MAR06755	substrate	True
MAM03136	R_MAR06755	product	True
MAM00726	R_MAR06756	substrate	True
MAM00730	R_MAR06756	product	True
MAM00730	R_MAR06757	substrate	False
MAM00819	R_MAR06757	product	False
MAM01736	R_MAR06758	substrate	False
MAM00728	R_MAR06758	product	False
MAM00728	R_MAR06759	substrate	True
MAM01736	R_MAR06759	substrate	True
MAM02621	R_MAR06759	product	True
MAM00728	R_MAR06760	substrate	False
MAM00729	R_MAR06760	product	False
MAM00728	R_MAR06761	substrate	False
MAM00729	R_MAR06761	product	False
MAM00729	R_MAR06762	substrate	False
MAM02137	R_MAR06762	product	False
MAM01736	R_MAR06763	substrate	False
MAM00821	R_MAR06763	product	False
MAM00821	R_MAR06764	substrate	False
MAM00818	R_MAR06764	product	False
MAM00821	R_MAR06765	substrate	True
MAM01249	R_MAR06765	substrate	True
MAM02603	R_MAR06765	product	True
MAM00818	R_MAR06766	substrate	False
MAM02137	R_MAR06766	product	False
MAM00818	R_MAR06767	substrate	False
MAM02137	R_MAR06767	product	False
MAM01306	R_MAR06768	substrate	False
MAM03101	R_MAR06768	substrate	False
MAM01005	R_MAR06768	product	False
MAM01974	R_MAR06768	product	False
MAM03101	R_MAR06770	substrate	False
MAM01005	R_MAR06770	product	False
MAM01005	R_MAR06771	substrate	False
MAM00643	R_MAR06771	product	False
MAM01005	R_MAR06772	substrate	False
MAM02135	R_MAR06772	product	False
MAM02135	R_MAR06774	substrate	False
MAM01010	R_MAR06774	product	False
MAM01010	R_MAR06776	substrate	False
MAM01863	R_MAR06776	product	False
MAM03922	R_MAR06777	substrate	False
MAM03954	R_MAR06777	product	False
MAM01863	R_MAR06778	substrate	False
MAM01253	R_MAR06778	product	False
MAM01862	R_MAR06778	product	False
MAM03362	R_MAR06779	substrate	False
MAM03384	R_MAR06779	product	False
MAM01306	R_MAR06780	substrate	False
MAM03101	R_MAR06780	substrate	False
MAM01005	R_MAR06780	product	False
MAM01974	R_MAR06780	product	False
MAM01005	R_MAR06782	substrate	False
MAM01004	R_MAR06782	product	False
MAM01004	R_MAR06783	substrate	False
MAM00981	R_MAR06783	product	False
MAM00981	R_MAR06784	substrate	False
MAM00982	R_MAR06784	product	False
MAM00982	R_MAR06785	substrate	False
MAM00996	R_MAR06785	product	False
MAM01261	R_MAR06785	product	False
MAM00996	R_MAR06786	substrate	False
MAM00995	R_MAR06786	product	False
MAM03101	R_MAR06787	substrate	False
MAM03099	R_MAR06787	product	False
MAM03099	R_MAR06788	substrate	False
MAM02606	R_MAR06788	product	False
MAM03099	R_MAR06789	substrate	False
MAM01002	R_MAR06789	product	False
MAM01002	R_MAR06790	substrate	False
MAM01003	R_MAR06790	product	False
MAM01002	R_MAR06791	substrate	False
MAM01003	R_MAR06791	product	False
MAM00991	R_MAR06792	substrate	True
MAM01003	R_MAR06792	product	True
MAM02588	R_MAR06792	product	True
MAM02175	R_MAR06793	substrate	False
MAM03101	R_MAR06793	substrate	False
MAM00807	R_MAR06793	product	False
MAM02146	R_MAR06793	product	False
MAM00807	R_MAR06794	substrate	False
MAM02175	R_MAR06794	substrate	False
MAM00739	R_MAR06794	product	False
MAM02146	R_MAR06794	product	False
MAM00739	R_MAR06795	substrate	False
MAM01654	R_MAR06795	product	False
MAM02998	R_MAR06795	product	False
MAM00739	R_MAR06796	substrate	False
MAM00807	R_MAR06796	substrate	False
MAM01654	R_MAR06796	product	False
MAM03052	R_MAR06796	product	False
MAM00733	R_MAR06798	substrate	True
MAM03052	R_MAR06798	product	True
MAM03109	R_MAR06798	product	True
MAM03052	R_MAR06799	substrate	False
MAM03109	R_MAR06799	substrate	False
MAM00733	R_MAR06799	product	False
MAM00732	R_MAR06800	substrate	True
MAM02998	R_MAR06800	product	True
MAM03109	R_MAR06800	product	True
MAM02998	R_MAR06801	substrate	False
MAM03109	R_MAR06801	substrate	False
MAM00732	R_MAR06801	product	False
MAM02606	R_MAR06802	substrate	False
MAM02138	R_MAR06802	product	False
MAM02138	R_MAR06803	substrate	False
MAM02499	R_MAR06803	product	False
MAM03923	R_MAR06804	substrate	False
MAM03924	R_MAR06804	product	False
MAM02500	R_MAR06806	substrate	True
MAM02499	R_MAR06806	product	True
MAM01154	R_MAR06807	substrate	True
MAM01736	R_MAR06807	product	True
MAM01831	R_MAR06807	product	True
MAM01736	R_MAR06808	substrate	False
MAM01738	R_MAR06808	product	False
MAM02348	R_MAR06809	substrate	True
MAM03924	R_MAR06809	substrate	True
MAM03489	R_MAR06809	product	True
MAM03924	R_MAR06810	substrate	False
MAM03923	R_MAR06810	product	False
MAM01138	R_MAR06811	substrate	True
MAM01738	R_MAR06811	product	True
MAM02026	R_MAR06811	product	True
MAM01738	R_MAR06813	substrate	False
MAM01739	R_MAR06813	product	False
MAM01333	R_MAR06814	substrate	True
MAM01739	R_MAR06814	product	True
MAM01136	R_MAR06815	substrate	True
MAM01739	R_MAR06815	product	True
MAM02026	R_MAR06815	product	True
MAM01739	R_MAR06817	substrate	True
MAM02361	R_MAR06817	product	True
MAM01290	R_MAR06818	substrate	False
MAM01292	R_MAR06818	product	False
MAM01293	R_MAR06819	substrate	True
MAM01292	R_MAR06819	product	True
MAM01135	R_MAR06820	substrate	True
MAM01292	R_MAR06820	product	True
MAM02026	R_MAR06820	product	True
MAM02617	R_MAR06822	substrate	False
MAM02618	R_MAR06822	product	False
MAM02619	R_MAR06823	substrate	True
MAM02618	R_MAR06823	product	True
MAM01140	R_MAR06824	substrate	True
MAM02026	R_MAR06824	product	True
MAM02618	R_MAR06824	product	True
MAM00720	R_MAR06826	substrate	True
MAM02174	R_MAR06826	substrate	True
MAM03052	R_MAR06826	product	True
MAM00720	R_MAR06827	substrate	True
MAM02174	R_MAR06827	substrate	True
MAM03052	R_MAR06827	product	True
MAM00720	R_MAR06828	substrate	False
MAM03109	R_MAR06828	substrate	False
MAM00722	R_MAR06828	product	False
MAM00720	R_MAR06829	substrate	False
MAM00721	R_MAR06829	product	False
MAM00720	R_MAR06830	substrate	False
MAM03109	R_MAR06830	substrate	False
MAM00722	R_MAR06830	product	False
MAM00721	R_MAR06831	substrate	False
MAM00720	R_MAR06831	product	False
MAM02348	R_MAR06832	substrate	True
MAM03922	R_MAR06832	substrate	True
MAM03502	R_MAR06832	product	True
MAM03954	R_MAR06833	substrate	False
MAM03922	R_MAR06833	product	False
MAM00720	R_MAR06834	substrate	True
MAM02174	R_MAR06834	substrate	True
MAM02839	R_MAR06834	product	True
MAM00720	R_MAR06835	substrate	True
MAM02174	R_MAR06835	substrate	True
MAM02839	R_MAR06835	product	True
MAM00719	R_MAR06836	substrate	True
MAM02839	R_MAR06836	product	True
MAM03109	R_MAR06836	product	True
MAM02839	R_MAR06837	substrate	False
MAM03109	R_MAR06837	substrate	False
MAM00719	R_MAR06837	product	False
MAM02839	R_MAR06838	substrate	False
MAM00734	R_MAR06838	product	False
MAM00734	R_MAR06839	substrate	False
MAM02839	R_MAR06839	product	False
MAM00736	R_MAR06840	substrate	True
MAM02174	R_MAR06840	substrate	True
MAM03052	R_MAR06840	product	True
MAM00736	R_MAR06841	substrate	True
MAM02174	R_MAR06841	substrate	True
MAM03052	R_MAR06841	product	True
MAM00738	R_MAR06842	substrate	True
MAM00736	R_MAR06842	product	True
MAM03109	R_MAR06842	product	True
MAM00736	R_MAR06843	substrate	False
MAM03109	R_MAR06843	substrate	False
MAM00738	R_MAR06843	product	False
MAM00736	R_MAR06844	substrate	False
MAM00737	R_MAR06844	product	False
MAM00737	R_MAR06845	substrate	False
MAM00736	R_MAR06845	product	False
MAM02943	R_MAR06846	substrate	False
MAM02944	R_MAR06846	product	False
MAM02348	R_MAR06847	substrate	True
MAM02944	R_MAR06847	substrate	True
MAM03495	R_MAR06847	product	True
MAM00736	R_MAR06848	substrate	True
MAM00828	R_MAR06848	product	True
MAM02174	R_MAR06848	product	True
MAM00736	R_MAR06849	substrate	True
MAM00828	R_MAR06849	product	True
MAM02174	R_MAR06849	product	True
MAM00828	R_MAR06850	substrate	False
MAM00829	R_MAR06850	product	False
MAM00829	R_MAR06851	substrate	False
MAM00828	R_MAR06851	product	False
MAM02944	R_MAR06852	substrate	False
MAM02943	R_MAR06852	product	False
MAM02174	R_MAR06854	substrate	True
MAM03052	R_MAR06854	substrate	True
MAM02998	R_MAR06854	product	True
MAM02174	R_MAR06855	substrate	True
MAM03052	R_MAR06855	substrate	True
MAM02998	R_MAR06855	product	True
MAM03164	R_MAR06861	substrate	False
MAM01307	R_MAR06861	product	False
MAM01988	R_MAR06867	substrate	False
MAM03483	R_MAR06867	substrate	False
MAM03595	R_MAR06867	product	False
MAM02963	R_MAR06868	substrate	False
MAM03483	R_MAR06868	substrate	False
MAM03604	R_MAR06868	product	False
MAM02964	R_MAR06869	substrate	False
MAM03483	R_MAR06869	substrate	False
MAM03605	R_MAR06869	product	False
MAM03101	R_MAR06874	substrate	False
MAM02356	R_MAR06874	product	False
MAM00638	R_MAR06875	substrate	True
MAM02356	R_MAR06875	product	True
MAM00638	R_MAR06876	substrate	True
MAM02356	R_MAR06876	substrate	True
MAM02354	R_MAR06876	product	True
MAM02355	R_MAR06876	product	True
MAM01134	R_MAR06877	substrate	True
MAM01628	R_MAR06877	product	True
MAM02356	R_MAR06877	product	True
MAM01043	R_MAR06878	substrate	True
MAM02354	R_MAR06878	substrate	True
MAM01134	R_MAR06878	product	True
MAM02356	R_MAR06878	product	True
MAM00249	R_MAR06879	substrate	True
MAM01043	R_MAR06879	product	True
MAM00249	R_MAR06880	substrate	True
MAM01134	R_MAR06880	substrate	True
MAM00723	R_MAR06880	product	True
MAM01043	R_MAR06880	product	True
MAM00723	R_MAR06881	substrate	False
MAM01381	R_MAR06881	product	False
MAM00735	R_MAR06882	substrate	True
MAM01381	R_MAR06882	product	True
MAM01139	R_MAR06883	substrate	True
MAM02026	R_MAR06883	product	True
MAM02356	R_MAR06883	product	True
MAM02355	R_MAR06885	substrate	True
MAM01735	R_MAR06885	product	True
MAM01137	R_MAR06886	substrate	True
MAM02026	R_MAR06886	product	True
MAM02355	R_MAR06886	product	True
MAM02355	R_MAR06888	substrate	False
MAM01053	R_MAR06888	product	False
MAM01053	R_MAR06889	substrate	False
MAM01059	R_MAR06889	product	False
MAM03621	R_MAR06898	substrate	False
MAM01986	R_MAR06898	product	False
MAM01806	R_MAR06901	substrate	False
MAM02187	R_MAR06901	substrate	False
MAM01316	R_MAR06901	product	False
MAM00995	R_MAR06903	substrate	False
MAM01316	R_MAR06903	substrate	False
MAM00767	R_MAR06903	product	False
MAM00767	R_MAR06904	substrate	False
MAM00725	R_MAR06904	product	False
MAM00725	R_MAR06905	substrate	False
MAM00817	R_MAR06905	product	False
MAM00817	R_MAR06906	substrate	False
MAM00657	R_MAR06906	product	False
MAM00657	R_MAR06907	substrate	False
MAM00658	R_MAR06907	product	False
MAM00658	R_MAR06908	substrate	False
MAM01165	R_MAR06908	product	False
MAM01165	R_MAR06909	substrate	False
MAM00770	R_MAR06909	product	False
MAM00770	R_MAR06910	substrate	False
MAM03102	R_MAR06910	product	False
MAM01826	R_MAR06914	substrate	False
MAM01824	R_MAR06914	product	False
MAM03631	R_MAR06915	substrate	False
MAM01986	R_MAR06915	product	False
MAM02880	R_MAR06915	product	False
MAM01824	R_MAR06918	substrate	False
MAM01826	R_MAR06918	product	False
MAM00745	R_MAR06919	substrate	False
MAM03638	R_MAR06919	substrate	False
MAM03639	R_MAR06919	product	False
MAM01988	R_MAR06920	substrate	False
MAM03638	R_MAR06920	substrate	False
MAM03640	R_MAR06920	product	False
MAM02963	R_MAR06922	substrate	False
MAM03638	R_MAR06922	substrate	False
MAM03641	R_MAR06922	product	False
MAM01306	R_MAR06923	substrate	False
MAM02360	R_MAR06923	substrate	False
MAM01013	R_MAR06923	product	False
MAM01974	R_MAR06923	product	False
MAM01013	R_MAR06924	substrate	False
MAM01392	R_MAR06924	product	False
MAM01013	R_MAR06925	substrate	True
MAM01325	R_MAR06925	product	True
MAM00667	R_MAR06926	substrate	True
MAM02999	R_MAR06926	product	True
MAM00666	R_MAR06927	substrate	True
MAM00667	R_MAR06927	product	True
MAM02504	R_MAR06929	substrate	True
MAM01261	R_MAR06929	product	True
MAM02926	R_MAR06929	product	True
MAM02504	R_MAR06930	substrate	True
MAM01261	R_MAR06930	product	True
MAM02926	R_MAR06930	product	True
MAM02926	R_MAR06931	substrate	False
MAM02925	R_MAR06931	product	False
MAM02926	R_MAR06932	substrate	False
MAM02925	R_MAR06932	product	False
MAM02926	R_MAR06933	substrate	False
MAM02925	R_MAR06933	product	False
MAM02925	R_MAR06934	substrate	False
MAM02924	R_MAR06934	product	False
MAM02925	R_MAR06935	substrate	False
MAM02924	R_MAR06935	product	False
MAM02925	R_MAR06936	substrate	False
MAM02924	R_MAR06936	product	False
MAM02503	R_MAR06938	substrate	True
MAM01261	R_MAR06938	product	True
MAM02923	R_MAR06938	product	True
MAM02503	R_MAR06939	substrate	True
MAM01261	R_MAR06939	product	True
MAM02923	R_MAR06939	product	True
MAM02518	R_MAR06940	substrate	True
MAM01261	R_MAR06940	product	True
MAM02923	R_MAR06940	product	True
MAM02923	R_MAR06941	substrate	False
MAM02921	R_MAR06941	product	False
MAM02923	R_MAR06942	substrate	False
MAM02921	R_MAR06942	product	False
MAM02923	R_MAR06943	substrate	False
MAM02921	R_MAR06943	product	False
MAM02923	R_MAR06944	substrate	False
MAM02922	R_MAR06944	product	False
MAM02923	R_MAR06945	substrate	False
MAM02922	R_MAR06945	product	False
MAM02923	R_MAR06946	substrate	False
MAM02922	R_MAR06946	product	False
MAM02921	R_MAR06947	substrate	False
MAM02920	R_MAR06947	product	False
MAM02921	R_MAR06948	substrate	False
MAM02920	R_MAR06948	product	False
MAM02921	R_MAR06949	substrate	False
MAM02920	R_MAR06949	product	False
MAM02922	R_MAR06950	substrate	False
MAM02920	R_MAR06950	product	False
MAM02922	R_MAR06951	substrate	False
MAM02920	R_MAR06951	product	False
MAM02922	R_MAR06952	substrate	False
MAM02920	R_MAR06952	product	False
MAM02921	R_MAR06953	substrate	False
MAM02811	R_MAR06953	product	False
MAM02922	R_MAR06954	substrate	False
MAM02188	R_MAR06954	product	False
MAM00557	R_MAR06955	substrate	True
MAM00969	R_MAR06955	product	True
MAM02501	R_MAR06956	substrate	True
MAM01261	R_MAR06956	product	True
MAM02504	R_MAR06956	product	True
MAM02501	R_MAR06957	substrate	True
MAM01261	R_MAR06957	product	True
MAM02504	R_MAR06957	product	True
MAM02504	R_MAR06958	substrate	False
MAM01250	R_MAR06958	product	False
MAM02923	R_MAR06958	product	False
MAM02504	R_MAR06959	substrate	False
MAM01250	R_MAR06959	product	False
MAM02923	R_MAR06959	product	False
MAM02502	R_MAR06960	substrate	True
MAM01261	R_MAR06960	product	True
MAM02503	R_MAR06960	product	True
MAM02503	R_MAR06961	substrate	False
MAM01250	R_MAR06961	product	False
MAM02812	R_MAR06961	product	False
MAM02503	R_MAR06962	substrate	False
MAM01250	R_MAR06962	product	False
MAM02812	R_MAR06962	product	False
MAM02501	R_MAR06963	substrate	False
MAM01250	R_MAR06963	product	False
MAM02503	R_MAR06963	product	False
MAM02501	R_MAR06964	substrate	False
MAM01250	R_MAR06964	product	False
MAM02503	R_MAR06964	product	False
MAM01661	R_MAR06965	substrate	True
MAM02923	R_MAR06965	product	True
MAM00248	R_MAR06966	substrate	True
MAM00557	R_MAR06966	substrate	True
MAM01661	R_MAR06966	product	True
MAM00248	R_MAR06967	substrate	True
MAM01670	R_MAR06967	substrate	True
MAM02426	R_MAR06967	product	True
MAM02923	R_MAR06967	product	True
MAM02531	R_MAR06968	substrate	True
MAM01261	R_MAR06968	product	True
MAM01369	R_MAR06968	product	True
MAM02531	R_MAR06969	substrate	True
MAM01252	R_MAR06969	product	True
MAM01369	R_MAR06969	product	True
MAM00169	R_MAR06970	substrate	True
MAM01306	R_MAR06970	substrate	True
MAM00671	R_MAR06970	product	True
MAM01974	R_MAR06970	product	True
MAM00169	R_MAR06971	substrate	True
MAM01127	R_MAR06971	substrate	True
MAM01931	R_MAR06971	product	True
MAM01127	R_MAR06972	substrate	True
MAM02026	R_MAR06972	substrate	True
MAM01928	R_MAR06972	product	True
MAM02919	R_MAR06973	substrate	True
MAM02925	R_MAR06973	product	True
MAM02426	R_MAR06974	substrate	False
MAM00204	R_MAR06974	product	False
MAM00204	R_MAR06975	substrate	False
MAM00213	R_MAR06975	product	False
MAM00213	R_MAR06976	substrate	False
MAM00212	R_MAR06976	product	False
MAM00212	R_MAR06977	substrate	False
MAM00211	R_MAR06977	product	False
MAM00211	R_MAR06978	substrate	False
MAM02517	R_MAR06978	product	False
MAM01306	R_MAR06979	substrate	False
MAM02517	R_MAR06979	substrate	False
MAM00789	R_MAR06979	product	False
MAM02943	R_MAR06979	product	False
MAM00789	R_MAR06980	substrate	False
MAM01034	R_MAR06980	product	False
MAM01986	R_MAR06980	product	False
MAM01034	R_MAR06981	substrate	False
MAM01922	R_MAR06981	product	False
MAM01306	R_MAR06982	substrate	False
MAM01922	R_MAR06982	substrate	False
MAM02348	R_MAR06982	product	False
MAM02943	R_MAR06982	product	False
MAM00204	R_MAR06983	substrate	False
MAM01306	R_MAR06983	substrate	False
MAM02767	R_MAR06983	product	False
MAM02943	R_MAR06983	product	False
MAM02767	R_MAR06984	substrate	False
MAM03107	R_MAR06984	substrate	False
MAM01036	R_MAR06984	product	False
MAM01036	R_MAR06985	substrate	False
MAM03108	R_MAR06985	substrate	False
MAM00232	R_MAR06985	product	False
MAM02174	R_MAR06988	substrate	False
MAM02175	R_MAR06988	product	False
MAM01374	R_MAR06992	substrate	False
MAM01379	R_MAR06992	product	False
MAM01374	R_MAR06993	substrate	False
MAM01378	R_MAR06993	product	False
MAM01374	R_MAR06994	substrate	False
MAM01375	R_MAR06994	product	False
MAM00944	R_MAR06995	substrate	True
MAM01375	R_MAR06995	product	True
MAM02026	R_MAR06995	product	True
MAM01378	R_MAR06996	substrate	True
MAM01377	R_MAR06996	product	True
MAM01379	R_MAR06997	substrate	False
MAM01241	R_MAR06997	product	False
MAM01377	R_MAR06998	substrate	False
MAM02026	R_MAR06998	substrate	False
MAM01175	R_MAR06998	product	False
MAM01377	R_MAR06999	substrate	False
MAM01376	R_MAR06999	product	False
MAM01241	R_MAR07000	substrate	False
MAM01242	R_MAR07000	product	False
MAM02556	R_MAR07001	substrate	False
MAM00032	R_MAR07001	product	False
MAM02556	R_MAR07002	substrate	False
MAM00034	R_MAR07002	product	False
MAM00032	R_MAR07003	substrate	False
MAM02026	R_MAR07003	substrate	False
MAM00031	R_MAR07003	product	False
MAM00032	R_MAR07004	substrate	False
MAM00243	R_MAR07004	product	False
MAM00243	R_MAR07005	substrate	False
MAM02557	R_MAR07005	product	False
MAM02557	R_MAR07006	substrate	False
MAM00246	R_MAR07006	product	False
MAM00243	R_MAR07007	substrate	False
MAM00244	R_MAR07007	product	False
MAM00032	R_MAR07008	substrate	False
MAM00538	R_MAR07008	product	False
MAM00538	R_MAR07009	substrate	False
MAM00250	R_MAR07009	product	False
MAM00250	R_MAR07010	substrate	False
MAM00251	R_MAR07010	product	False
MAM00032	R_MAR07011	substrate	False
MAM00668	R_MAR07011	product	False
MAM00668	R_MAR07012	substrate	False
MAM02557	R_MAR07012	product	False
MAM00034	R_MAR07013	substrate	False
MAM02026	R_MAR07013	substrate	False
MAM00033	R_MAR07013	product	False
MAM00034	R_MAR07014	substrate	False
MAM00243	R_MAR07014	product	False
MAM00034	R_MAR07015	substrate	False
MAM00538	R_MAR07015	product	False
MAM00034	R_MAR07016	substrate	False
MAM00668	R_MAR07016	product	False
MAM01296	R_MAR07017	substrate	False
MAM01302	R_MAR07017	product	False
MAM01296	R_MAR07018	substrate	False
MAM01300	R_MAR07018	product	False
MAM01300	R_MAR07019	substrate	True
MAM01301	R_MAR07019	product	True
MAM01296	R_MAR07020	substrate	False
MAM01297	R_MAR07020	product	False
MAM01296	R_MAR07021	substrate	False
MAM01298	R_MAR07021	product	False
MAM01298	R_MAR07022	substrate	False
MAM02026	R_MAR07022	substrate	False
MAM01299	R_MAR07022	product	False
MAM01298	R_MAR07023	substrate	False
MAM01295	R_MAR07023	product	False
MAM01295	R_MAR07024	substrate	False
MAM01294	R_MAR07024	product	False
MAM01294	R_MAR07025	substrate	False
MAM00229	R_MAR07025	product	False
MAM00229	R_MAR07026	substrate	False
MAM01156	R_MAR07026	product	False
MAM01294	R_MAR07027	substrate	False
MAM01318	R_MAR07027	product	False
MAM01318	R_MAR07028	substrate	False
MAM01156	R_MAR07028	product	False
MAM02026	R_MAR07029	substrate	False
MAM03044	R_MAR07029	substrate	False
MAM02144	R_MAR07029	product	False
MAM02850	R_MAR07029	product	False
MAM03044	R_MAR07030	substrate	False
MAM02954	R_MAR07030	product	False
MAM02954	R_MAR07031	substrate	False
MAM01692	R_MAR07031	product	False
MAM01692	R_MAR07032	substrate	False
MAM01691	R_MAR07032	product	False
MAM03044	R_MAR07033	substrate	False
MAM01441	R_MAR07033	product	False
MAM01441	R_MAR07034	substrate	False
MAM01440	R_MAR07034	product	False
MAM01440	R_MAR07035	substrate	False
MAM03041	R_MAR07035	product	False
MAM03043	R_MAR07036	substrate	False
MAM03041	R_MAR07036	product	False
MAM03041	R_MAR07037	substrate	False
MAM01691	R_MAR07037	product	False
MAM01440	R_MAR07038	substrate	False
MAM03043	R_MAR07038	product	False
MAM03043	R_MAR07039	substrate	False
MAM03109	R_MAR07039	substrate	False
MAM03042	R_MAR07039	product	False
MAM01403	R_MAR07040	substrate	False
MAM01407	R_MAR07040	product	False
MAM01407	R_MAR07041	substrate	False
MAM02026	R_MAR07041	substrate	False
MAM00724	R_MAR07041	product	False
MAM01407	R_MAR07042	substrate	False
MAM01406	R_MAR07042	product	False
MAM01407	R_MAR07043	substrate	False
MAM00974	R_MAR07043	product	False
MAM00974	R_MAR07044	substrate	False
MAM00975	R_MAR07044	product	False
MAM00975	R_MAR07045	substrate	False
MAM00973	R_MAR07045	product	False
MAM00973	R_MAR07046	substrate	False
MAM00972	R_MAR07046	product	False
MAM01406	R_MAR07047	substrate	False
MAM00973	R_MAR07047	product	False
MAM01403	R_MAR07048	substrate	True
MAM01405	R_MAR07048	product	True
MAM00637	R_MAR07049	substrate	True
MAM01405	R_MAR07049	product	True
MAM01405	R_MAR07050	substrate	False
MAM02026	R_MAR07050	substrate	False
MAM00571	R_MAR07050	product	False
MAM01405	R_MAR07051	substrate	False
MAM01404	R_MAR07051	product	False
MAM01174	R_MAR07052	substrate	False
MAM00435	R_MAR07052	product	False
MAM01174	R_MAR07053	substrate	False
MAM01196	R_MAR07053	product	False
MAM01174	R_MAR07054	substrate	False
MAM01173	R_MAR07054	product	False
MAM00435	R_MAR07055	substrate	False
MAM03032	R_MAR07055	product	False
MAM03032	R_MAR07056	substrate	False
MAM00030	R_MAR07056	product	False
MAM01196	R_MAR07057	substrate	False
MAM01195	R_MAR07057	product	False
MAM01173	R_MAR07058	substrate	False
MAM03038	R_MAR07058	product	False
MAM00932	R_MAR07059	substrate	False
MAM00929	R_MAR07059	product	False
MAM00932	R_MAR07060	substrate	False
MAM00951	R_MAR07060	product	False
MAM00932	R_MAR07061	substrate	False
MAM00992	R_MAR07061	product	False
MAM00932	R_MAR07062	substrate	False
MAM00927	R_MAR07062	product	False
MAM00929	R_MAR07063	substrate	False
MAM00226	R_MAR07063	product	False
MAM00929	R_MAR07064	substrate	False
MAM01320	R_MAR07064	product	False
MAM00929	R_MAR07065	substrate	False
MAM03109	R_MAR07065	substrate	False
MAM00928	R_MAR07065	product	False
MAM00929	R_MAR07066	substrate	False
MAM03109	R_MAR07066	substrate	False
MAM02607	R_MAR07066	product	False
MAM00929	R_MAR07067	substrate	False
MAM00930	R_MAR07067	product	False
MAM00951	R_MAR07068	substrate	False
MAM00931	R_MAR07068	product	False
MAM01831	R_MAR07068	product	False
MAM00931	R_MAR07069	substrate	False
MAM00985	R_MAR07069	product	False
MAM02589	R_MAR07069	product	False
MAM00985	R_MAR07070	substrate	False
MAM00917	R_MAR07070	product	False
MAM00992	R_MAR07071	substrate	False
MAM01025	R_MAR07071	product	False
MAM02608	R_MAR07071	product	False
MAM01025	R_MAR07072	substrate	False
MAM00917	R_MAR07072	product	False
MAM00226	R_MAR07073	substrate	False
MAM01035	R_MAR07073	product	False
MAM02608	R_MAR07073	product	False
MAM01035	R_MAR07074	substrate	False
MAM01929	R_MAR07074	product	False
MAM01319	R_MAR07075	substrate	False
MAM00225	R_MAR07075	product	False
MAM02589	R_MAR07075	product	False
MAM00225	R_MAR07076	substrate	False
MAM01929	R_MAR07076	product	False
MAM01320	R_MAR07077	substrate	False
MAM01319	R_MAR07077	product	False
MAM01831	R_MAR07077	product	False
MAM00545	R_MAR07078	substrate	False
MAM00546	R_MAR07078	product	False
MAM00546	R_MAR07079	substrate	False
MAM02026	R_MAR07079	substrate	False
MAM00542	R_MAR07079	product	False
MAM00546	R_MAR07080	substrate	False
MAM02026	R_MAR07080	substrate	False
MAM00541	R_MAR07080	product	False
MAM00546	R_MAR07081	substrate	False
MAM00540	R_MAR07081	product	False
MAM00545	R_MAR07082	substrate	False
MAM00547	R_MAR07082	product	False
MAM00547	R_MAR07083	substrate	False
MAM02026	R_MAR07083	substrate	False
MAM00544	R_MAR07083	product	False
MAM00547	R_MAR07084	substrate	False
MAM02026	R_MAR07084	substrate	False
MAM00543	R_MAR07084	product	False
MAM00545	R_MAR07085	substrate	False
MAM00548	R_MAR07085	product	False
MAM00548	R_MAR07086	substrate	False
MAM02580	R_MAR07086	product	False
MAM02580	R_MAR07087	substrate	False
MAM00539	R_MAR07087	product	False
MAM00228	R_MAR07088	substrate	False
MAM00568	R_MAR07088	product	False
MAM00568	R_MAR07089	substrate	False
MAM02026	R_MAR07089	substrate	False
MAM02853	R_MAR07089	product	False
MAM00568	R_MAR07090	substrate	False
MAM00567	R_MAR07090	product	False
MAM00228	R_MAR07091	substrate	False
MAM00227	R_MAR07091	product	False
MAM00227	R_MAR07092	substrate	False
MAM02026	R_MAR07092	substrate	False
MAM00565	R_MAR07092	product	False
MAM02144	R_MAR07092	product	False
MAM00565	R_MAR07093	substrate	False
MAM02026	R_MAR07093	substrate	False
MAM00566	R_MAR07093	product	False
MAM02144	R_MAR07093	product	False
MAM00565	R_MAR07094	substrate	False
MAM00676	R_MAR07094	product	False
MAM00566	R_MAR07095	substrate	False
MAM00676	R_MAR07095	product	False
MAM02026	R_MAR07095	product	False
MAM00228	R_MAR07096	substrate	False
MAM01444	R_MAR07096	product	False
MAM01444	R_MAR07097	substrate	False
MAM02026	R_MAR07097	substrate	False
MAM02144	R_MAR07097	product	False
MAM02854	R_MAR07097	product	False
MAM01444	R_MAR07098	substrate	False
MAM01443	R_MAR07098	product	False
MAM00242	R_MAR07099	substrate	False
MAM00636	R_MAR07099	product	False
MAM02143	R_MAR07099	product	False
MAM00636	R_MAR07100	substrate	False
MAM02026	R_MAR07100	substrate	False
MAM02143	R_MAR07100	product	False
MAM02861	R_MAR07100	product	False
MAM00242	R_MAR07103	substrate	False
MAM02026	R_MAR07103	substrate	False
MAM01978	R_MAR07103	product	False
MAM02143	R_MAR07103	product	False
MAM01978	R_MAR07104	substrate	False
MAM02855	R_MAR07104	product	False
MAM02861	R_MAR07106	substrate	False
MAM02855	R_MAR07106	product	False
MAM01371	R_MAR07128	substrate	False
MAM02885	R_MAR07128	substrate	False
MAM01284	R_MAR07128	product	False
MAM01284	R_MAR07129	substrate	False
MAM00912	R_MAR07129	product	False
MAM00912	R_MAR07130	substrate	False
MAM02681	R_MAR07130	product	False
MAM02887	R_MAR07130	product	False
MAM02887	R_MAR07131	substrate	True
MAM02886	R_MAR07131	product	True
MAM02886	R_MAR07132	substrate	False
MAM02894	R_MAR07132	product	False
MAM01307	R_MAR07133	substrate	True
MAM02886	R_MAR07133	substrate	True
MAM02889	R_MAR07133	product	True
MAM02888	R_MAR07134	substrate	True
MAM00671	R_MAR07134	product	True
MAM02889	R_MAR07134	product	True
MAM02888	R_MAR07135	substrate	False
MAM02890	R_MAR07135	product	False
MAM02896	R_MAR07135	product	False
MAM02881	R_MAR07136	substrate	True
MAM01280	R_MAR07136	product	True
MAM02890	R_MAR07136	product	True
MAM02891	R_MAR07137	substrate	True
MAM00671	R_MAR07137	product	True
MAM02469	R_MAR07137	product	True
MAM02891	R_MAR07138	substrate	False
MAM02892	R_MAR07138	product	False
MAM01371	R_MAR07139	substrate	True
MAM02891	R_MAR07139	substrate	True
MAM02882	R_MAR07139	product	True
MAM02895	R_MAR07140	substrate	True
MAM02889	R_MAR07140	product	True
MAM02895	R_MAR07141	substrate	False
MAM02469	R_MAR07141	product	False
MAM02819	R_MAR07141	product	False
MAM02552	R_MAR07142	substrate	False
MAM01288	R_MAR07142	product	False
MAM02583	R_MAR07142	product	False
MAM02552	R_MAR07143	substrate	False
MAM01288	R_MAR07143	product	False
MAM02583	R_MAR07143	product	False
MAM01288	R_MAR07144	substrate	False
MAM01334	R_MAR07144	product	False
MAM02845	R_MAR07144	product	False
MAM02034	R_MAR07145	substrate	False
MAM01618	R_MAR07145	product	False
MAM01618	R_MAR07146	substrate	False
MAM02488	R_MAR07146	product	False
MAM01371	R_MAR07147	substrate	False
MAM02488	R_MAR07147	substrate	False
MAM01281	R_MAR07147	product	False
MAM03715	R_MAR07149	substrate	False
MAM02360	R_MAR07149	product	False
MAM02387	R_MAR07152	substrate	False
MAM02391	R_MAR07152	product	False
MAM02646	R_MAR07156	substrate	False
MAM02647	R_MAR07156	product	False
MAM02674	R_MAR07157	substrate	False
MAM02678	R_MAR07157	product	False
MAM00745	R_MAR07159	substrate	False
MAM03851	R_MAR07159	substrate	False
MAM03852	R_MAR07159	product	False
MAM01642	R_MAR07160	substrate	False
MAM01645	R_MAR07160	substrate	False
MAM01688	R_MAR07160	substrate	False
MAM01753	R_MAR07160	substrate	False
MAM01721	R_MAR07160	product	False
MAM01371	R_MAR07161	substrate	False
MAM01623	R_MAR07161	substrate	False
MAM02034	R_MAR07161	substrate	False
MAM03130	R_MAR07161	substrate	False
MAM02847	R_MAR07161	product	False
MAM02847	R_MAR07162	substrate	False
MAM01285	R_MAR07162	product	False
MAM01424	R_MAR07162	product	False
MAM01948	R_MAR07162	product	False
MAM03106	R_MAR07162	product	False
MAM01721	R_MAR07163	substrate	False
MAM01639	R_MAR07163	product	False
MAM01644	R_MAR07163	product	False
MAM01686	R_MAR07163	product	False
MAM01752	R_MAR07163	product	False
MAM02847	R_MAR07164	substrate	False
MAM01334	R_MAR07164	product	False
MAM01590	R_MAR07164	product	False
MAM02016	R_MAR07164	product	False
MAM03114	R_MAR07164	product	False
MAM01628	R_MAR07165	substrate	False
MAM00200	R_MAR07165	product	False
MAM00200	R_MAR07166	substrate	False
MAM01806	R_MAR07166	substrate	False
MAM02898	R_MAR07166	product	False
MAM02898	R_MAR07167	substrate	False
MAM00194	R_MAR07167	product	False
MAM10009	R_MAR07167	product	False
MAM00194	R_MAR07168	substrate	False
MAM00195	R_MAR07168	product	False
MAM00195	R_MAR07169	substrate	False
MAM10008	R_MAR07169	product	False
MAM10010	R_MAR07169	product	False
MAM01805	R_MAR07170	substrate	False
MAM00677	R_MAR07170	product	False
MAM01628	R_MAR07170	product	False
MAM01592	R_MAR07171	substrate	False
MAM02960	R_MAR07171	substrate	False
MAM02906	R_MAR07171	product	False
MAM01592	R_MAR07172	substrate	False
MAM02906	R_MAR07172	substrate	False
MAM01712	R_MAR07172	product	False
MAM03000	R_MAR07174	substrate	False
MAM03111	R_MAR07174	substrate	False
MAM01608	R_MAR07174	product	False
MAM01608	R_MAR07175	substrate	False
MAM03111	R_MAR07175	substrate	False
MAM01609	R_MAR07175	product	False
MAM01988	R_MAR07176	substrate	False
MAM03851	R_MAR07176	substrate	False
MAM03853	R_MAR07176	product	False
MAM02963	R_MAR07177	substrate	False
MAM03851	R_MAR07177	substrate	False
MAM03854	R_MAR07177	product	False
MAM03000	R_MAR07180	substrate	False
MAM03111	R_MAR07180	substrate	False
MAM01871	R_MAR07180	product	False
MAM01871	R_MAR07181	substrate	False
MAM03107	R_MAR07181	substrate	False
MAM01872	R_MAR07181	product	False
MAM01592	R_MAR07183	substrate	False
MAM03000	R_MAR07183	substrate	False
MAM02907	R_MAR07183	product	False
MAM02750	R_MAR07185	substrate	False
MAM03111	R_MAR07185	substrate	False
MAM02523	R_MAR07185	product	False
MAM02523	R_MAR07186	substrate	False
MAM01143	R_MAR07186	product	False
MAM01252	R_MAR07186	product	False
MAM01143	R_MAR07187	substrate	False
MAM02678	R_MAR07187	substrate	False
MAM01964	R_MAR07187	product	False
MAM01143	R_MAR07188	substrate	False
MAM01142	R_MAR07188	product	False
MAM02730	R_MAR07188	product	False
MAM03896	R_MAR07193	substrate	False
MAM01986	R_MAR07193	product	False
MAM02770	R_MAR07193	product	False
MAM01988	R_MAR07195	substrate	False
MAM03907	R_MAR07195	substrate	False
MAM03908	R_MAR07195	product	False
MAM02896	R_MAR07197	substrate	False
MAM00205	R_MAR07197	product	False
MAM00205	R_MAR07200	substrate	False
MAM03112	R_MAR07200	substrate	False
MAM03156	R_MAR07200	product	False
MAM03107	R_MAR07202	substrate	False
MAM03156	R_MAR07202	substrate	False
MAM01921	R_MAR07202	product	False
MAM01921	R_MAR07203	substrate	False
MAM03107	R_MAR07203	substrate	False
MAM01906	R_MAR07203	product	False
MAM01906	R_MAR07205	substrate	False
MAM03109	R_MAR07205	substrate	False
MAM00762	R_MAR07205	product	False
MAM00762	R_MAR07206	substrate	False
MAM03110	R_MAR07206	substrate	False
MAM01568	R_MAR07206	product	False
MAM00762	R_MAR07207	substrate	False
MAM03111	R_MAR07207	substrate	False
MAM02081	R_MAR07207	product	False
MAM02081	R_MAR07208	substrate	False
MAM03109	R_MAR07208	substrate	False
MAM02088	R_MAR07208	product	False
MAM02088	R_MAR07209	substrate	False
MAM03111	R_MAR07209	substrate	False
MAM02089	R_MAR07209	product	False
MAM02089	R_MAR07210	substrate	False
MAM03109	R_MAR07210	substrate	False
MAM02090	R_MAR07210	product	False
MAM02090	R_MAR07211	substrate	False
MAM03111	R_MAR07211	substrate	False
MAM02091	R_MAR07211	product	False
MAM02091	R_MAR07212	substrate	False
MAM03109	R_MAR07212	substrate	False
MAM02092	R_MAR07212	product	False
MAM02092	R_MAR07213	substrate	False
MAM03111	R_MAR07213	substrate	False
MAM02093	R_MAR07213	product	False
MAM02093	R_MAR07214	substrate	False
MAM03109	R_MAR07214	substrate	False
MAM02094	R_MAR07214	product	False
MAM02094	R_MAR07215	substrate	False
MAM03111	R_MAR07215	substrate	False
MAM02095	R_MAR07215	product	False
MAM02095	R_MAR07216	substrate	False
MAM01252	R_MAR07216	product	False
MAM02082	R_MAR07216	product	False
MAM02082	R_MAR07217	substrate	False
MAM02083	R_MAR07217	product	False
MAM02083	R_MAR07218	substrate	False
MAM02084	R_MAR07218	product	False
MAM02084	R_MAR07219	substrate	False
MAM02085	R_MAR07219	product	False
MAM02085	R_MAR07220	substrate	False
MAM02086	R_MAR07220	product	False
MAM02086	R_MAR07221	substrate	False
MAM02087	R_MAR07221	product	False
MAM02087	R_MAR07222	substrate	False
MAM02054	R_MAR07222	product	False
MAM02054	R_MAR07225	substrate	False
MAM00205	R_MAR07225	product	False
MAM02080	R_MAR07225	product	False
MAM02080	R_MAR07226	substrate	False
MAM02055	R_MAR07226	product	False
MAM02055	R_MAR07227	substrate	False
MAM02066	R_MAR07227	product	False
MAM01261	R_MAR07228	substrate	False
MAM02066	R_MAR07228	substrate	False
MAM02073	R_MAR07228	product	False
MAM02073	R_MAR07229	substrate	False
MAM02074	R_MAR07229	product	False
MAM02527	R_MAR07229	product	False
MAM02074	R_MAR07230	substrate	False
MAM02075	R_MAR07230	product	False
MAM02384	R_MAR07230	product	False
MAM02075	R_MAR07231	substrate	False
MAM02076	R_MAR07231	product	False
MAM02076	R_MAR07232	substrate	False
MAM02077	R_MAR07232	product	False
MAM01261	R_MAR07233	substrate	False
MAM02077	R_MAR07233	substrate	False
MAM02078	R_MAR07233	product	False
MAM02078	R_MAR07234	substrate	False
MAM02079	R_MAR07234	product	False
MAM02527	R_MAR07234	product	False
MAM02079	R_MAR07235	substrate	False
MAM01973	R_MAR07235	product	False
MAM02056	R_MAR07235	product	False
MAM02056	R_MAR07236	substrate	False
MAM02057	R_MAR07236	product	False
MAM02057	R_MAR07237	substrate	False
MAM02058	R_MAR07237	product	False
MAM02058	R_MAR07238	substrate	False
MAM02059	R_MAR07238	product	False
MAM01261	R_MAR07239	substrate	False
MAM02059	R_MAR07239	substrate	False
MAM02060	R_MAR07239	product	False
MAM02060	R_MAR07240	substrate	False
MAM02061	R_MAR07240	product	False
MAM02527	R_MAR07240	product	False
MAM02061	R_MAR07241	substrate	False
MAM02062	R_MAR07241	product	False
MAM02062	R_MAR07242	substrate	False
MAM02063	R_MAR07242	product	False
MAM02384	R_MAR07242	product	False
MAM02063	R_MAR07243	substrate	False
MAM02064	R_MAR07243	product	False
MAM02064	R_MAR07244	substrate	False
MAM02065	R_MAR07244	product	False
MAM01261	R_MAR07245	substrate	False
MAM02065	R_MAR07245	substrate	False
MAM02067	R_MAR07245	product	False
MAM02067	R_MAR07246	substrate	False
MAM02068	R_MAR07246	product	False
MAM02527	R_MAR07246	product	False
MAM02068	R_MAR07247	substrate	False
MAM02069	R_MAR07247	product	False
MAM02069	R_MAR07248	substrate	False
MAM02070	R_MAR07248	product	False
MAM02384	R_MAR07248	product	False
MAM02070	R_MAR07249	substrate	False
MAM02071	R_MAR07249	product	False
MAM02071	R_MAR07250	substrate	False
MAM02072	R_MAR07250	product	False
MAM02527	R_MAR07250	product	False
MAM02072	R_MAR07251	substrate	False
MAM01758	R_MAR07251	product	False
MAM01910	R_MAR07251	product	False
MAM01973	R_MAR07251	product	False
MAM02187	R_MAR07254	substrate	False
MAM03026	R_MAR07254	substrate	False
MAM01657	R_MAR07254	product	False
MAM02963	R_MAR07255	substrate	False
MAM03907	R_MAR07255	substrate	False
MAM03909	R_MAR07255	product	False
MAM01732	R_MAR07256	substrate	False
MAM01733	R_MAR07256	product	False
MAM01657	R_MAR07258	substrate	False
MAM01658	R_MAR07258	product	False
MAM01658	R_MAR07259	substrate	False
MAM01656	R_MAR07259	product	False
MAM01656	R_MAR07260	substrate	False
MAM01730	R_MAR07260	product	False
MAM01733	R_MAR07261	substrate	False
MAM01730	R_MAR07261	product	False
MAM01730	R_MAR07263	substrate	False
MAM01733	R_MAR07263	product	False
MAM01733	R_MAR07264	substrate	False
MAM03111	R_MAR07264	substrate	False
MAM02522	R_MAR07264	product	False
MAM02522	R_MAR07265	substrate	False
MAM03111	R_MAR07265	substrate	False
MAM02498	R_MAR07265	product	False
MAM01951	R_MAR07266	substrate	False
MAM02498	R_MAR07266	substrate	False
MAM01390	R_MAR07266	product	False
MAM01390	R_MAR07267	substrate	False
MAM01951	R_MAR07267	substrate	False
MAM01323	R_MAR07267	product	False
MAM01323	R_MAR07268	substrate	False
MAM01951	R_MAR07268	substrate	False
MAM01865	R_MAR07268	product	False
MAM01865	R_MAR07269	substrate	False
MAM01951	R_MAR07269	substrate	False
MAM01895	R_MAR07269	product	False
MAM01895	R_MAR07270	substrate	False
MAM01951	R_MAR07270	substrate	False
MAM01866	R_MAR07270	product	False
MAM01733	R_MAR07271	substrate	False
MAM01951	R_MAR07271	substrate	False
MAM01734	R_MAR07271	product	False
MAM01734	R_MAR07274	substrate	False
MAM01866	R_MAR07274	substrate	False
MAM01733	R_MAR07274	product	False
MAM01896	R_MAR07274	product	False
MAM01734	R_MAR07275	substrate	False
MAM01896	R_MAR07275	substrate	False
MAM01733	R_MAR07275	product	False
MAM01897	R_MAR07275	product	False
MAM01734	R_MAR07276	substrate	False
MAM01897	R_MAR07276	substrate	False
MAM01733	R_MAR07276	product	False
MAM01898	R_MAR07276	product	False
MAM01734	R_MAR07277	substrate	False
MAM01898	R_MAR07277	substrate	False
MAM01733	R_MAR07277	product	False
MAM01867	R_MAR07277	product	False
MAM01733	R_MAR07278	substrate	False
MAM03108	R_MAR07278	substrate	False
MAM01731	R_MAR07278	product	False
MAM01731	R_MAR07279	substrate	False
MAM01867	R_MAR07279	substrate	False
MAM01733	R_MAR07279	product	False
MAM01899	R_MAR07279	product	False
MAM01731	R_MAR07280	substrate	False
MAM01899	R_MAR07280	substrate	False
MAM01733	R_MAR07280	product	False
MAM01900	R_MAR07280	product	False
MAM01731	R_MAR07281	substrate	False
MAM01900	R_MAR07281	substrate	False
MAM00154	R_MAR07281	product	False
MAM01733	R_MAR07281	product	False
MAM01369	R_MAR07282	substrate	False
MAM00198	R_MAR07282	product	False
MAM00154	R_MAR07285	substrate	False
MAM00198	R_MAR07285	substrate	False
MAM00140	R_MAR07285	product	False
MAM01732	R_MAR07285	product	False
MAM00140	R_MAR07286	substrate	False
MAM00139	R_MAR07286	product	False
MAM01965	R_MAR07286	product	False
MAM00139	R_MAR07287	substrate	False
MAM00138	R_MAR07287	product	False
MAM01965	R_MAR07287	product	False
MAM00138	R_MAR07288	substrate	False
MAM01971	R_MAR07288	product	False
MAM02453	R_MAR07288	product	False
MAM00138	R_MAR07289	substrate	False
MAM01970	R_MAR07289	product	False
MAM02453	R_MAR07289	product	False
MAM00138	R_MAR07290	substrate	False
MAM00153	R_MAR07290	product	False
MAM01965	R_MAR07290	product	False
MAM01971	R_MAR07291	substrate	False
MAM01969	R_MAR07291	product	False
MAM02453	R_MAR07291	product	False
MAM01970	R_MAR07292	substrate	False
MAM01969	R_MAR07292	product	False
MAM02453	R_MAR07292	product	False
MAM00153	R_MAR07293	substrate	False
MAM00151	R_MAR07293	product	False
MAM02453	R_MAR07293	product	False
MAM00140	R_MAR07301	substrate	False
MAM00150	R_MAR07301	product	False
MAM01965	R_MAR07301	product	False
MAM02453	R_MAR07301	product	False
MAM00139	R_MAR07302	substrate	False
MAM00150	R_MAR07302	product	False
MAM01965	R_MAR07302	product	False
MAM02453	R_MAR07302	product	False
MAM00138	R_MAR07303	substrate	False
MAM00150	R_MAR07303	product	False
MAM01965	R_MAR07303	product	False
MAM02453	R_MAR07303	product	False
MAM01971	R_MAR07304	substrate	False
MAM00149	R_MAR07304	product	False
MAM01965	R_MAR07304	product	False
MAM02453	R_MAR07304	product	False
MAM01970	R_MAR07305	substrate	False
MAM00148	R_MAR07305	product	False
MAM01965	R_MAR07305	product	False
MAM02453	R_MAR07305	product	False
MAM01969	R_MAR07306	substrate	False
MAM00143	R_MAR07306	product	False
MAM01965	R_MAR07306	product	False
MAM02453	R_MAR07306	product	False
MAM00153	R_MAR07308	substrate	False
MAM00150	R_MAR07308	product	False
MAM02453	R_MAR07308	product	False
MAM00153	R_MAR07309	substrate	False
MAM00152	R_MAR07309	product	False
MAM02453	R_MAR07309	product	False
MAM00150	R_MAR07310	substrate	False
MAM00146	R_MAR07310	product	False
MAM02453	R_MAR07310	product	False
MAM00151	R_MAR07311	substrate	False
MAM00147	R_MAR07311	product	False
MAM02453	R_MAR07311	product	False
MAM00151	R_MAR07312	substrate	False
MAM00148	R_MAR07312	product	False
MAM02453	R_MAR07312	product	False
MAM00150	R_MAR07313	substrate	False
MAM00149	R_MAR07313	product	False
MAM02453	R_MAR07313	product	False
MAM00152	R_MAR07314	substrate	False
MAM00149	R_MAR07314	product	False
MAM02453	R_MAR07314	product	False
MAM00146	R_MAR07315	substrate	False
MAM00145	R_MAR07315	product	False
MAM02453	R_MAR07315	product	False
MAM00147	R_MAR07316	substrate	False
MAM00143	R_MAR07316	product	False
MAM02453	R_MAR07316	product	False
MAM00148	R_MAR07317	substrate	False
MAM00143	R_MAR07317	product	False
MAM02453	R_MAR07317	product	False
MAM00148	R_MAR07318	substrate	False
MAM00144	R_MAR07318	product	False
MAM02453	R_MAR07318	product	False
MAM00149	R_MAR07319	substrate	False
MAM00145	R_MAR07319	product	False
MAM02453	R_MAR07319	product	False
MAM00145	R_MAR07320	substrate	False
MAM00142	R_MAR07320	product	False
MAM02453	R_MAR07320	product	False
MAM00143	R_MAR07321	substrate	False
MAM00142	R_MAR07321	product	False
MAM02453	R_MAR07321	product	False
MAM00144	R_MAR07322	substrate	False
MAM00142	R_MAR07322	product	False
MAM02453	R_MAR07322	product	False
MAM00142	R_MAR07323	substrate	False
MAM03111	R_MAR07323	substrate	False
MAM02598	R_MAR07323	product	False
MAM02598	R_MAR07324	substrate	False
MAM02453	R_MAR07324	product	False
MAM02597	R_MAR07324	product	False
MAM02597	R_MAR07325	substrate	False
MAM03111	R_MAR07325	substrate	False
MAM02507	R_MAR07325	product	False
MAM02507	R_MAR07326	substrate	False
MAM03111	R_MAR07326	substrate	False
MAM02510	R_MAR07326	product	False
MAM02507	R_MAR07327	substrate	False
MAM03111	R_MAR07327	substrate	False
MAM01868	R_MAR07327	product	False
MAM01868	R_MAR07328	substrate	False
MAM03111	R_MAR07328	substrate	False
MAM01869	R_MAR07328	product	False
MAM01869	R_MAR07329	substrate	False
MAM03111	R_MAR07329	substrate	False
MAM01870	R_MAR07329	product	False
MAM01950	R_MAR07332	substrate	False
MAM02507	R_MAR07332	substrate	False
MAM01829	R_MAR07332	product	False
MAM01829	R_MAR07333	substrate	False
MAM03107	R_MAR07333	substrate	False
MAM02323	R_MAR07333	product	False
MAM01592	R_MAR07334	substrate	False
MAM02323	R_MAR07334	substrate	False
MAM02672	R_MAR07334	product	False
MAM01592	R_MAR07335	substrate	False
MAM02323	R_MAR07335	substrate	False
MAM02201	R_MAR07335	product	False
MAM02201	R_MAR07336	substrate	False
MAM03111	R_MAR07336	substrate	False
MAM02212	R_MAR07336	product	False
MAM02212	R_MAR07337	substrate	False
MAM03107	R_MAR07337	substrate	False
MAM02223	R_MAR07337	product	False
MAM02223	R_MAR07338	substrate	False
MAM03111	R_MAR07338	substrate	False
MAM02231	R_MAR07338	product	False
MAM02231	R_MAR07339	substrate	False
MAM02232	R_MAR07339	product	False
MAM02232	R_MAR07340	substrate	False
MAM03107	R_MAR07340	substrate	False
MAM02233	R_MAR07340	product	False
MAM02233	R_MAR07341	substrate	False
MAM03111	R_MAR07341	substrate	False
MAM02234	R_MAR07341	product	False
MAM02234	R_MAR07342	substrate	False
MAM02235	R_MAR07342	product	False
MAM02235	R_MAR07343	substrate	False
MAM03107	R_MAR07343	substrate	False
MAM02236	R_MAR07343	product	False
MAM02236	R_MAR07344	substrate	False
MAM03111	R_MAR07344	substrate	False
MAM02202	R_MAR07344	product	False
MAM02202	R_MAR07345	substrate	False
MAM02203	R_MAR07345	product	False
MAM02203	R_MAR07346	substrate	False
MAM03107	R_MAR07346	substrate	False
MAM02204	R_MAR07346	product	False
MAM02204	R_MAR07347	substrate	False
MAM03111	R_MAR07347	substrate	False
MAM02205	R_MAR07347	product	False
MAM02205	R_MAR07348	substrate	False
MAM02206	R_MAR07348	product	False
MAM02206	R_MAR07349	substrate	False
MAM03107	R_MAR07349	substrate	False
MAM02207	R_MAR07349	product	False
MAM02207	R_MAR07350	substrate	False
MAM03111	R_MAR07350	substrate	False
MAM02208	R_MAR07350	product	False
MAM02208	R_MAR07351	substrate	False
MAM02209	R_MAR07351	product	False
MAM02209	R_MAR07352	substrate	False
MAM03107	R_MAR07352	substrate	False
MAM02210	R_MAR07352	product	False
MAM02210	R_MAR07353	substrate	False
MAM03111	R_MAR07353	substrate	False
MAM02211	R_MAR07353	product	False
MAM02211	R_MAR07354	substrate	False
MAM02213	R_MAR07354	product	False
MAM02213	R_MAR07355	substrate	False
MAM03107	R_MAR07355	substrate	False
MAM02214	R_MAR07355	product	False
MAM02214	R_MAR07356	substrate	False
MAM03111	R_MAR07356	substrate	False
MAM02215	R_MAR07356	product	False
MAM02215	R_MAR07357	substrate	False
MAM02216	R_MAR07357	product	False
MAM02216	R_MAR07358	substrate	False
MAM03107	R_MAR07358	substrate	False
MAM02217	R_MAR07358	product	False
MAM02217	R_MAR07359	substrate	False
MAM03111	R_MAR07359	substrate	False
MAM02218	R_MAR07359	product	False
MAM02218	R_MAR07360	substrate	False
MAM02219	R_MAR07360	product	False
MAM02219	R_MAR07361	substrate	False
MAM03107	R_MAR07361	substrate	False
MAM02220	R_MAR07361	product	False
MAM02220	R_MAR07362	substrate	False
MAM03111	R_MAR07362	substrate	False
MAM02221	R_MAR07362	product	False
MAM02221	R_MAR07363	substrate	False
MAM02222	R_MAR07363	product	False
MAM02222	R_MAR07364	substrate	False
MAM03107	R_MAR07364	substrate	False
MAM02224	R_MAR07364	product	False
MAM02224	R_MAR07365	substrate	False
MAM03111	R_MAR07365	substrate	False
MAM02225	R_MAR07365	product	False
MAM02225	R_MAR07366	substrate	False
MAM02226	R_MAR07366	product	False
MAM02226	R_MAR07367	substrate	False
MAM03107	R_MAR07367	substrate	False
MAM02227	R_MAR07367	product	False
MAM02227	R_MAR07368	substrate	False
MAM03111	R_MAR07368	substrate	False
MAM02228	R_MAR07368	product	False
MAM02228	R_MAR07369	substrate	False
MAM02229	R_MAR07369	product	False
MAM02229	R_MAR07370	substrate	False
MAM03107	R_MAR07370	substrate	False
MAM02230	R_MAR07370	product	False
MAM02230	R_MAR07371	substrate	False
MAM02278	R_MAR07371	product	False
MAM02278	R_MAR07373	substrate	False
MAM01159	R_MAR07373	product	False
MAM02237	R_MAR07373	product	False
MAM02278	R_MAR07375	substrate	False
MAM01159	R_MAR07375	product	False
MAM02237	R_MAR07375	product	False
MAM02237	R_MAR07376	substrate	False
MAM00198	R_MAR07376	product	False
MAM02248	R_MAR07376	product	False
MAM02248	R_MAR07377	substrate	False
MAM02259	R_MAR07377	product	False
MAM02527	R_MAR07377	product	False
MAM02259	R_MAR07378	substrate	False
MAM02270	R_MAR07378	product	False
MAM02543	R_MAR07378	product	False
MAM02270	R_MAR07379	substrate	False
MAM02273	R_MAR07379	product	False
MAM02273	R_MAR07380	substrate	False
MAM01910	R_MAR07380	product	False
MAM02274	R_MAR07380	product	False
MAM02274	R_MAR07381	substrate	False
MAM02275	R_MAR07381	product	False
MAM02274	R_MAR07382	substrate	False
MAM02276	R_MAR07382	product	False
MAM02527	R_MAR07382	product	False
MAM02275	R_MAR07383	substrate	False
MAM02276	R_MAR07383	product	False
MAM02527	R_MAR07383	product	False
MAM02276	R_MAR07384	substrate	False
MAM01910	R_MAR07384	product	False
MAM02277	R_MAR07384	product	False
MAM02277	R_MAR07385	substrate	False
MAM02238	R_MAR07385	product	False
MAM02238	R_MAR07386	substrate	False
MAM02239	R_MAR07386	product	False
MAM02527	R_MAR07386	product	False
MAM02277	R_MAR07387	substrate	False
MAM02239	R_MAR07387	product	False
MAM02527	R_MAR07387	product	False
MAM02239	R_MAR07388	substrate	False
MAM01910	R_MAR07388	product	False
MAM02240	R_MAR07388	product	False
MAM02240	R_MAR07389	substrate	False
MAM02241	R_MAR07389	product	False
MAM02241	R_MAR07390	substrate	False
MAM02242	R_MAR07390	product	False
MAM02527	R_MAR07390	product	False
MAM02240	R_MAR07391	substrate	False
MAM02242	R_MAR07391	product	False
MAM02527	R_MAR07391	product	False
MAM02242	R_MAR07392	substrate	False
MAM01910	R_MAR07392	product	False
MAM02243	R_MAR07392	product	False
MAM02243	R_MAR07393	substrate	False
MAM02244	R_MAR07393	product	False
MAM02244	R_MAR07394	substrate	False
MAM02245	R_MAR07394	product	False
MAM02527	R_MAR07394	product	False
MAM02243	R_MAR07395	substrate	False
MAM02245	R_MAR07395	product	False
MAM02527	R_MAR07395	product	False
MAM02245	R_MAR07396	substrate	False
MAM01910	R_MAR07396	product	False
MAM02246	R_MAR07396	product	False
MAM02246	R_MAR07397	substrate	False
MAM02247	R_MAR07397	product	False
MAM02246	R_MAR07398	substrate	False
MAM02249	R_MAR07398	product	False
MAM02527	R_MAR07398	product	False
MAM02247	R_MAR07399	substrate	False
MAM02249	R_MAR07399	product	False
MAM02527	R_MAR07399	product	False
MAM02249	R_MAR07400	substrate	False
MAM01910	R_MAR07400	product	False
MAM02250	R_MAR07400	product	False
MAM02250	R_MAR07401	substrate	False
MAM02251	R_MAR07401	product	False
MAM02251	R_MAR07402	substrate	False
MAM02252	R_MAR07402	product	False
MAM02527	R_MAR07402	product	False
MAM02250	R_MAR07403	substrate	False
MAM02252	R_MAR07403	product	False
MAM02527	R_MAR07403	product	False
MAM02252	R_MAR07404	substrate	False
MAM01910	R_MAR07404	product	False
MAM02253	R_MAR07404	product	False
MAM02253	R_MAR07405	substrate	False
MAM02254	R_MAR07405	product	False
MAM02254	R_MAR07406	substrate	False
MAM02255	R_MAR07406	product	False
MAM02527	R_MAR07406	product	False
MAM02253	R_MAR07407	substrate	False
MAM02255	R_MAR07407	product	False
MAM02527	R_MAR07407	product	False
MAM02255	R_MAR07408	substrate	False
MAM01910	R_MAR07408	product	False
MAM02256	R_MAR07408	product	False
MAM02256	R_MAR07409	substrate	False
MAM02257	R_MAR07409	product	False
MAM02257	R_MAR07410	substrate	False
MAM02258	R_MAR07410	product	False
MAM02527	R_MAR07410	product	False
MAM02256	R_MAR07411	substrate	False
MAM02258	R_MAR07411	product	False
MAM02527	R_MAR07411	product	False
MAM02258	R_MAR07412	substrate	False
MAM01910	R_MAR07412	product	False
MAM02260	R_MAR07412	product	False
MAM02260	R_MAR07413	substrate	False
MAM02261	R_MAR07413	product	False
MAM02261	R_MAR07414	substrate	False
MAM02262	R_MAR07414	product	False
MAM02527	R_MAR07414	product	False
MAM02260	R_MAR07415	substrate	False
MAM02262	R_MAR07415	product	False
MAM02527	R_MAR07415	product	False
MAM02262	R_MAR07416	substrate	False
MAM01910	R_MAR07416	product	False
MAM02263	R_MAR07416	product	False
MAM02263	R_MAR07417	substrate	False
MAM02264	R_MAR07417	product	False
MAM02263	R_MAR07418	substrate	False
MAM02265	R_MAR07418	product	False
MAM02527	R_MAR07418	product	False
MAM02264	R_MAR07419	substrate	False
MAM02265	R_MAR07419	product	False
MAM02527	R_MAR07419	product	False
MAM02265	R_MAR07420	substrate	False
MAM01910	R_MAR07420	product	False
MAM02266	R_MAR07420	product	False
MAM02266	R_MAR07421	substrate	False
MAM02267	R_MAR07421	product	False
MAM02267	R_MAR07422	substrate	False
MAM02268	R_MAR07422	product	False
MAM02527	R_MAR07422	product	False
MAM02266	R_MAR07423	substrate	False
MAM02268	R_MAR07423	product	False
MAM02527	R_MAR07423	product	False
MAM02268	R_MAR07424	substrate	False
MAM01910	R_MAR07424	product	False
MAM02269	R_MAR07424	product	False
MAM02269	R_MAR07425	substrate	False
MAM02271	R_MAR07425	product	False
MAM02527	R_MAR07425	product	False
MAM02271	R_MAR07426	substrate	False
MAM01910	R_MAR07426	product	False
MAM02272	R_MAR07426	product	False
MAM02272	R_MAR07427	substrate	False
MAM00141	R_MAR07427	product	False
MAM02527	R_MAR07427	product	False
MAM00141	R_MAR07428	substrate	False
MAM01382	R_MAR07428	product	False
MAM02453	R_MAR07428	product	False
MAM01382	R_MAR07429	substrate	False
MAM02453	R_MAR07429	product	False
MAM02527	R_MAR07429	product	False
MAM00205	R_MAR07436	substrate	False
MAM03110	R_MAR07436	substrate	False
MAM03000	R_MAR07436	product	False
MAM03000	R_MAR07438	substrate	False
MAM03107	R_MAR07438	substrate	False
MAM02960	R_MAR07438	product	False
MAM02964	R_MAR07439	substrate	False
MAM03907	R_MAR07439	substrate	False
MAM03910	R_MAR07439	product	False
MAM02960	R_MAR07440	substrate	False
MAM03111	R_MAR07440	substrate	False
MAM01607	R_MAR07440	product	False
MAM01592	R_MAR07442	substrate	False
MAM01607	R_MAR07442	substrate	False
MAM02304	R_MAR07442	product	False
MAM02304	R_MAR07443	substrate	False
MAM03107	R_MAR07443	substrate	False
MAM02306	R_MAR07443	product	False
MAM02306	R_MAR07444	substrate	False
MAM03111	R_MAR07444	substrate	False
MAM02307	R_MAR07444	product	False
MAM02307	R_MAR07445	substrate	False
MAM03107	R_MAR07445	substrate	False
MAM02308	R_MAR07445	product	False
MAM02308	R_MAR07446	substrate	False
MAM03111	R_MAR07446	substrate	False
MAM02309	R_MAR07446	product	False
MAM02309	R_MAR07447	substrate	False
MAM02310	R_MAR07447	product	False
MAM02310	R_MAR07448	substrate	False
MAM03107	R_MAR07448	substrate	False
MAM02311	R_MAR07448	product	False
MAM02311	R_MAR07449	substrate	False
MAM03111	R_MAR07449	substrate	False
MAM02312	R_MAR07449	product	False
MAM02312	R_MAR07450	substrate	False
MAM02313	R_MAR07450	product	False
MAM02313	R_MAR07451	substrate	False
MAM03107	R_MAR07451	substrate	False
MAM02305	R_MAR07451	product	False
MAM02305	R_MAR07452	substrate	False
MAM02288	R_MAR07452	product	False
MAM02288	R_MAR07455	substrate	False
MAM02279	R_MAR07455	product	False
MAM02543	R_MAR07455	product	False
MAM02279	R_MAR07456	substrate	False
MAM02280	R_MAR07456	product	False
MAM02280	R_MAR07457	substrate	False
MAM01910	R_MAR07457	product	False
MAM02281	R_MAR07457	product	False
MAM02281	R_MAR07458	substrate	False
MAM02282	R_MAR07458	product	False
MAM02281	R_MAR07459	substrate	False
MAM02283	R_MAR07459	product	False
MAM02527	R_MAR07459	product	False
MAM02282	R_MAR07460	substrate	False
MAM02283	R_MAR07460	product	False
MAM02527	R_MAR07460	product	False
MAM02283	R_MAR07461	substrate	False
MAM01910	R_MAR07461	product	False
MAM02284	R_MAR07461	product	False
MAM02284	R_MAR07462	substrate	False
MAM02286	R_MAR07462	product	False
MAM02527	R_MAR07462	product	False
MAM02284	R_MAR07463	substrate	False
MAM02285	R_MAR07463	product	False
MAM02285	R_MAR07464	substrate	False
MAM02286	R_MAR07464	product	False
MAM02527	R_MAR07464	product	False
MAM02286	R_MAR07465	substrate	False
MAM01910	R_MAR07465	product	False
MAM02287	R_MAR07465	product	False
MAM02287	R_MAR07466	substrate	False
MAM01801	R_MAR07466	product	False
MAM02527	R_MAR07466	product	False
MAM01801	R_MAR07467	substrate	False
MAM01611	R_MAR07467	product	False
MAM01910	R_MAR07467	product	False
MAM01611	R_MAR07468	substrate	False
MAM02527	R_MAR07468	product	False
MAM03000	R_MAR07468	product	False
MAM03000	R_MAR07469	substrate	False
MAM00205	R_MAR07469	product	False
MAM03110	R_MAR07469	product	False
MAM01609	R_MAR07471	substrate	False
MAM03107	R_MAR07471	substrate	False
MAM02289	R_MAR07471	product	False
MAM01592	R_MAR07472	substrate	False
MAM02289	R_MAR07472	substrate	False
MAM02291	R_MAR07472	product	False
MAM02291	R_MAR07473	substrate	False
MAM03111	R_MAR07473	substrate	False
MAM02292	R_MAR07473	product	False
MAM02292	R_MAR07474	substrate	False
MAM03107	R_MAR07474	substrate	False
MAM02293	R_MAR07474	product	False
MAM02293	R_MAR07475	substrate	False
MAM03111	R_MAR07475	substrate	False
MAM02294	R_MAR07475	product	False
MAM02294	R_MAR07476	substrate	False
MAM02295	R_MAR07476	product	False
MAM02295	R_MAR07477	substrate	False
MAM03107	R_MAR07477	substrate	False
MAM02296	R_MAR07477	product	False
MAM02296	R_MAR07478	substrate	False
MAM03111	R_MAR07478	substrate	False
MAM02297	R_MAR07478	product	False
MAM02297	R_MAR07479	substrate	False
MAM02298	R_MAR07479	product	False
MAM02298	R_MAR07480	substrate	False
MAM03107	R_MAR07480	substrate	False
MAM02290	R_MAR07480	product	False
MAM02290	R_MAR07481	substrate	False
MAM02303	R_MAR07481	product	False
MAM02303	R_MAR07484	substrate	False
MAM02299	R_MAR07484	product	False
MAM02543	R_MAR07484	product	False
MAM02299	R_MAR07485	substrate	False
MAM02300	R_MAR07485	product	False
MAM02300	R_MAR07486	substrate	False
MAM01910	R_MAR07486	product	False
MAM02301	R_MAR07486	product	False
MAM02301	R_MAR07487	substrate	False
MAM02302	R_MAR07487	product	False
MAM02301	R_MAR07488	substrate	False
MAM02283	R_MAR07488	product	False
MAM02527	R_MAR07488	product	False
MAM02302	R_MAR07489	substrate	False
MAM02283	R_MAR07489	product	False
MAM02527	R_MAR07489	product	False
MAM01532	R_MAR07490	substrate	False
MAM01563	R_MAR07490	product	False
MAM01568	R_MAR07491	substrate	False
MAM01518	R_MAR07491	product	False
MAM01518	R_MAR07492	substrate	False
MAM01563	R_MAR07492	product	False
MAM01563	R_MAR07493	substrate	False
MAM03109	R_MAR07493	substrate	False
MAM01564	R_MAR07493	product	False
MAM01564	R_MAR07494	substrate	False
MAM03111	R_MAR07494	substrate	False
MAM01565	R_MAR07494	product	False
MAM01518	R_MAR07495	substrate	False
MAM03109	R_MAR07495	substrate	False
MAM01515	R_MAR07495	product	False
MAM01515	R_MAR07496	substrate	False
MAM03111	R_MAR07496	substrate	False
MAM01516	R_MAR07496	product	False
MAM01516	R_MAR07497	substrate	False
MAM01530	R_MAR07497	product	False
MAM01516	R_MAR07498	substrate	False
MAM01517	R_MAR07498	product	False
MAM01517	R_MAR07501	substrate	False
MAM00205	R_MAR07501	product	False
MAM01524	R_MAR07501	product	False
MAM01524	R_MAR07502	substrate	False
MAM01519	R_MAR07502	product	False
MAM01524	R_MAR07503	substrate	False
MAM01520	R_MAR07503	product	False
MAM02525	R_MAR07503	product	False
MAM01519	R_MAR07504	substrate	False
MAM01520	R_MAR07504	product	False
MAM02525	R_MAR07504	product	False
MAM01520	R_MAR07505	substrate	False
MAM01521	R_MAR07505	product	False
MAM01973	R_MAR07505	product	False
MAM01521	R_MAR07506	substrate	False
MAM01522	R_MAR07506	product	False
MAM01522	R_MAR07507	substrate	False
MAM01523	R_MAR07507	product	False
MAM02525	R_MAR07507	product	False
MAM01523	R_MAR07508	substrate	False
MAM01758	R_MAR07508	product	False
MAM01910	R_MAR07508	product	False
MAM01973	R_MAR07508	product	False
MAM01530	R_MAR07509	substrate	False
MAM01531	R_MAR07509	product	False
MAM01531	R_MAR07510	substrate	False
MAM01525	R_MAR07510	product	False
MAM01525	R_MAR07513	substrate	False
MAM00205	R_MAR07513	product	False
MAM01529	R_MAR07513	product	False
MAM01529	R_MAR07514	substrate	False
MAM01526	R_MAR07514	product	False
MAM01529	R_MAR07515	substrate	False
MAM01527	R_MAR07515	product	False
MAM02525	R_MAR07515	product	False
MAM01526	R_MAR07516	substrate	False
MAM01527	R_MAR07516	product	False
MAM02525	R_MAR07516	product	False
MAM01527	R_MAR07517	substrate	False
MAM01528	R_MAR07517	product	False
MAM01528	R_MAR07518	substrate	False
MAM01521	R_MAR07518	product	False
MAM02384	R_MAR07518	product	False
MAM01568	R_MAR07519	substrate	False
MAM01532	R_MAR07519	product	False
MAM01532	R_MAR07520	substrate	False
MAM03109	R_MAR07520	substrate	False
MAM01540	R_MAR07520	product	False
MAM01540	R_MAR07521	substrate	False
MAM03111	R_MAR07521	substrate	False
MAM01541	R_MAR07521	product	False
MAM01541	R_MAR07522	substrate	False
MAM01533	R_MAR07522	product	False
MAM01533	R_MAR07525	substrate	False
MAM00205	R_MAR07525	product	False
MAM01539	R_MAR07525	product	False
MAM01539	R_MAR07526	substrate	False
MAM01534	R_MAR07526	product	False
MAM01539	R_MAR07527	substrate	False
MAM01535	R_MAR07527	product	False
MAM02525	R_MAR07527	product	False
MAM01534	R_MAR07528	substrate	False
MAM01535	R_MAR07528	product	False
MAM02525	R_MAR07528	product	False
MAM01535	R_MAR07529	substrate	False
MAM01536	R_MAR07529	product	False
MAM01973	R_MAR07529	product	False
MAM01536	R_MAR07530	substrate	False
MAM01537	R_MAR07530	product	False
MAM01536	R_MAR07531	substrate	False
MAM01538	R_MAR07531	product	False
MAM02525	R_MAR07531	product	False
MAM01537	R_MAR07532	substrate	False
MAM01538	R_MAR07532	product	False
MAM02525	R_MAR07532	product	False
MAM01538	R_MAR07533	substrate	False
MAM01758	R_MAR07533	product	False
MAM01910	R_MAR07533	product	False
MAM01973	R_MAR07533	product	False
MAM01532	R_MAR07534	substrate	False
MAM01542	R_MAR07534	product	False
MAM01542	R_MAR07535	substrate	False
MAM03109	R_MAR07535	substrate	False
MAM01551	R_MAR07535	product	False
MAM01551	R_MAR07536	substrate	False
MAM03111	R_MAR07536	substrate	False
MAM01552	R_MAR07536	product	False
MAM01552	R_MAR07537	substrate	False
MAM01553	R_MAR07537	product	False
MAM01553	R_MAR07538	substrate	False
MAM01543	R_MAR07538	product	False
MAM01543	R_MAR07541	substrate	False
MAM00205	R_MAR07541	product	False
MAM01550	R_MAR07541	product	False
MAM01550	R_MAR07542	substrate	False
MAM01544	R_MAR07542	product	False
MAM01550	R_MAR07543	substrate	False
MAM01545	R_MAR07543	product	False
MAM02525	R_MAR07543	product	False
MAM01544	R_MAR07544	substrate	False
MAM01545	R_MAR07544	product	False
MAM02525	R_MAR07544	product	False
MAM01545	R_MAR07545	substrate	False
MAM01546	R_MAR07545	product	False
MAM01546	R_MAR07546	substrate	False
MAM01547	R_MAR07546	product	False
MAM01973	R_MAR07546	product	False
MAM01547	R_MAR07547	substrate	False
MAM01548	R_MAR07547	product	False
MAM01547	R_MAR07548	substrate	False
MAM01549	R_MAR07548	product	False
MAM02525	R_MAR07548	product	False
MAM01548	R_MAR07549	substrate	False
MAM01549	R_MAR07549	product	False
MAM02525	R_MAR07549	product	False
MAM01549	R_MAR07550	substrate	False
MAM01538	R_MAR07550	product	False
MAM01565	R_MAR07551	substrate	False
MAM01566	R_MAR07551	product	False
MAM01565	R_MAR07552	substrate	False
MAM01567	R_MAR07552	product	False
MAM01566	R_MAR07553	substrate	False
MAM01554	R_MAR07553	product	False
MAM01567	R_MAR07554	substrate	False
MAM01554	R_MAR07554	product	False
MAM01554	R_MAR07557	substrate	False
MAM00205	R_MAR07557	product	False
MAM01562	R_MAR07557	product	False
MAM01562	R_MAR07558	substrate	False
MAM01555	R_MAR07558	product	False
MAM01562	R_MAR07559	substrate	False
MAM01557	R_MAR07559	product	False
MAM02525	R_MAR07559	product	False
MAM01555	R_MAR07560	substrate	False
MAM01556	R_MAR07560	product	False
MAM01556	R_MAR07561	substrate	False
MAM01557	R_MAR07561	product	False
MAM02525	R_MAR07561	product	False
MAM01557	R_MAR07562	substrate	False
MAM01558	R_MAR07562	product	False
MAM01973	R_MAR07562	product	False
MAM01558	R_MAR07563	substrate	False
MAM01561	R_MAR07563	product	False
MAM02525	R_MAR07563	product	False
MAM01558	R_MAR07564	substrate	False
MAM01559	R_MAR07564	product	False
MAM01559	R_MAR07565	substrate	False
MAM01560	R_MAR07565	product	False
MAM01560	R_MAR07566	substrate	False
MAM01561	R_MAR07566	product	False
MAM02525	R_MAR07566	product	False
MAM01561	R_MAR07567	substrate	False
MAM01758	R_MAR07567	product	False
MAM01910	R_MAR07567	product	False
MAM01973	R_MAR07567	product	False
MAM03109	R_MAR07568	substrate	False
MAM03111	R_MAR07568	substrate	False
MAM02139	R_MAR07568	product	False
MAM02139	R_MAR07569	substrate	False
MAM03109	R_MAR07569	substrate	False
MAM03111	R_MAR07569	substrate	False
MAM02141	R_MAR07569	product	False
MAM02141	R_MAR07571	substrate	False
MAM01973	R_MAR07571	product	False
MAM02140	R_MAR07571	product	False
MAM02140	R_MAR07572	substrate	False
MAM02139	R_MAR07572	product	False
MAM02527	R_MAR07572	product	False
MAM02139	R_MAR07573	substrate	False
MAM01973	R_MAR07573	product	False
MAM02527	R_MAR07573	product	False
MAM01652	R_MAR07574	substrate	False
MAM00198	R_MAR07574	product	False
MAM01651	R_MAR07574	product	False
MAM01651	R_MAR07575	substrate	False
MAM01653	R_MAR07575	product	False
MAM02527	R_MAR07575	product	False
MAM01653	R_MAR07576	substrate	False
MAM02324	R_MAR07576	product	False
MAM02543	R_MAR07576	product	False
MAM02324	R_MAR07577	substrate	False
MAM01910	R_MAR07577	product	False
MAM02508	R_MAR07577	product	False
MAM02508	R_MAR07578	substrate	False
MAM00141	R_MAR07578	product	False
MAM02527	R_MAR07578	product	False
MAM02672	R_MAR07580	substrate	False
MAM01159	R_MAR07580	product	False
MAM01652	R_MAR07580	product	False
MAM02672	R_MAR07582	substrate	False
MAM01159	R_MAR07582	product	False
MAM01652	R_MAR07582	product	False
MAM02510	R_MAR07585	substrate	False
MAM00198	R_MAR07585	product	False
MAM02509	R_MAR07585	product	False
MAM02509	R_MAR07586	substrate	False
MAM02511	R_MAR07586	product	False
MAM02527	R_MAR07586	product	False
MAM02511	R_MAR07587	substrate	False
MAM00141	R_MAR07587	product	False
MAM02527	R_MAR07587	product	False
MAM01690	R_MAR07588	substrate	False
MAM10007	R_MAR07588	substrate	False
MAM01278	R_MAR07588	product	False
MAM10006	R_MAR07591	substrate	True
MAM01278	R_MAR07591	product	True
MAM01278	R_MAR07594	substrate	False
MAM03417	R_MAR07594	substrate	False
MAM01311	R_MAR07594	product	False
MAM10005	R_MAR07594	product	False
MAM01311	R_MAR07597	substrate	False
MAM10005	R_MAR07597	substrate	False
MAM00628	R_MAR07597	product	False
MAM00628	R_MAR07598	substrate	False
MAM00514	R_MAR07598	product	False
MAM00514	R_MAR07599	substrate	False
MAM01428	R_MAR07599	substrate	False
MAM00515	R_MAR07599	product	False
MAM00514	R_MAR07600	substrate	False
MAM01425	R_MAR07600	substrate	False
MAM00560	R_MAR07600	product	False
MAM00515	R_MAR07601	substrate	False
MAM02629	R_MAR07601	product	False
MAM00223	R_MAR07602	substrate	False
MAM10007	R_MAR07602	substrate	False
MAM02629	R_MAR07602	product	False
MAM02629	R_MAR07603	substrate	False
MAM00223	R_MAR07603	product	False
MAM10005	R_MAR07603	product	False
MAM00512	R_MAR07604	substrate	True
MAM01428	R_MAR07604	substrate	True
MAM02629	R_MAR07604	product	True
MAM02629	R_MAR07605	substrate	False
MAM00627	R_MAR07605	product	False
MAM01797	R_MAR07605	product	False
MAM00223	R_MAR07606	substrate	False
MAM00224	R_MAR07606	product	False
MAM01798	R_MAR07606	product	False
MAM00223	R_MAR07607	substrate	False
MAM00222	R_MAR07607	product	False
MAM01797	R_MAR07607	product	False
MAM00513	R_MAR07610	substrate	True
MAM01425	R_MAR07610	substrate	True
MAM00626	R_MAR07610	product	True
MAM00626	R_MAR07611	substrate	False
MAM00549	R_MAR07611	product	False
MAM01252	R_MAR07611	product	False
MAM00626	R_MAR07612	substrate	False
MAM00549	R_MAR07612	product	False
MAM01252	R_MAR07612	product	False
MAM00549	R_MAR07613	substrate	False
MAM01261	R_MAR07613	substrate	False
MAM00626	R_MAR07613	product	False
MAM00549	R_MAR07614	substrate	False
MAM10007	R_MAR07614	substrate	False
MAM00560	R_MAR07614	product	False
MAM00560	R_MAR07615	substrate	False
MAM00549	R_MAR07615	product	False
MAM10005	R_MAR07615	product	False
MAM03101	R_MAR07616	substrate	False
MAM00206	R_MAR07616	product	False
MAM00206	R_MAR07619	substrate	True
MAM00217	R_MAR07619	product	True
MAM02891	R_MAR07620	substrate	False
MAM03075	R_MAR07620	substrate	False
MAM02893	R_MAR07620	product	False
MAM01365	R_MAR07621	substrate	False
MAM00197	R_MAR07621	product	False
MAM00197	R_MAR07622	substrate	False
MAM00199	R_MAR07622	product	False
MAM02579	R_MAR07622	product	False
MAM00197	R_MAR07623	substrate	False
MAM02552	R_MAR07623	substrate	False
MAM00215	R_MAR07623	product	False
MAM02583	R_MAR07623	product	False
MAM00215	R_MAR07624	substrate	False
MAM00197	R_MAR07624	product	False
MAM01288	R_MAR07624	product	False
MAM00197	R_MAR07625	substrate	False
MAM02552	R_MAR07625	substrate	False
MAM02496	R_MAR07625	product	False
MAM02583	R_MAR07625	product	False
MAM02496	R_MAR07626	substrate	False
MAM01288	R_MAR07626	product	False
MAM01365	R_MAR07626	product	False
MAM02554	R_MAR07627	substrate	False
MAM01289	R_MAR07627	product	False
MAM02583	R_MAR07627	product	False
MAM02724	R_MAR07628	substrate	False
MAM00673	R_MAR07628	product	False
MAM01641	R_MAR07641	substrate	False
MAM02633	R_MAR07641	product	False
MAM01638	R_MAR07642	substrate	True
MAM01307	R_MAR07642	product	True
MAM01638	R_MAR07647	substrate	False
MAM02819	R_MAR07647	product	False
MAM01787	R_MAR07648	substrate	False
MAM03109	R_MAR07648	substrate	False
MAM01786	R_MAR07648	product	False
MAM02492	R_MAR07652	substrate	False
MAM01133	R_MAR07652	product	False
MAM01133	R_MAR07654	substrate	False
MAM02492	R_MAR07654	product	False
MAM01133	R_MAR07655	substrate	False
MAM02492	R_MAR07655	product	False
MAM01133	R_MAR07656	substrate	False
MAM00531	R_MAR07656	product	False
MAM01400	R_MAR07661	substrate	False
MAM01401	R_MAR07661	product	False
MAM02426	R_MAR07661	product	False
MAM01400	R_MAR07662	substrate	False
MAM01401	R_MAR07662	product	False
MAM02426	R_MAR07662	product	False
MAM01400	R_MAR07663	substrate	False
MAM01401	R_MAR07663	product	False
MAM02426	R_MAR07663	product	False
MAM01371	R_MAR07668	substrate	False
MAM01401	R_MAR07668	substrate	False
MAM01402	R_MAR07668	product	False
MAM00185	R_MAR07669	substrate	False
MAM02426	R_MAR07669	substrate	False
MAM01356	R_MAR07669	product	False
MAM01356	R_MAR07670	substrate	False
MAM01402	R_MAR07670	substrate	False
MAM01334	R_MAR07670	product	False
MAM01357	R_MAR07670	product	False
MAM01357	R_MAR07671	substrate	False
MAM00185	R_MAR07671	product	False
MAM01400	R_MAR07671	product	False
MAM01357	R_MAR07672	substrate	False
MAM01422	R_MAR07672	product	False
MAM01261	R_MAR07673	substrate	False
MAM01422	R_MAR07673	substrate	False
MAM01357	R_MAR07673	product	False
MAM02444	R_MAR07673	product	False
MAM01965	R_MAR07674	substrate	False
MAM03107	R_MAR07674	substrate	False
MAM02332	R_MAR07674	product	False
MAM02583	R_MAR07676	substrate	False
MAM00536	R_MAR07676	product	False
MAM00536	R_MAR07677	substrate	False
MAM02506	R_MAR07677	product	False
MAM00536	R_MAR07678	substrate	False
MAM02505	R_MAR07678	product	False
MAM02754	R_MAR07688	substrate	False
MAM01021	R_MAR07688	product	False
MAM01736	R_MAR07689	substrate	False
MAM01737	R_MAR07689	product	False
MAM01753	R_MAR07696	substrate	False
MAM01967	R_MAR07696	substrate	False
MAM01751	R_MAR07696	product	False
MAM01751	R_MAR07697	substrate	False
MAM00946	R_MAR07697	product	False
MAM01750	R_MAR07698	substrate	True
MAM01751	R_MAR07698	product	True
MAM02007	R_MAR07702	substrate	True
MAM01998	R_MAR07702	product	True
MAM01998	R_MAR07703	substrate	False
MAM02007	R_MAR07703	product	False
MAM02007	R_MAR07704	substrate	False
MAM02661	R_MAR07704	product	False
MAM01998	R_MAR07706	substrate	False
MAM02007	R_MAR07706	product	False
MAM00159	R_MAR07709	substrate	True
MAM01622	R_MAR07709	product	True
MAM01334	R_MAR07713	substrate	False
MAM01280	R_MAR07713	product	False
MAM03114	R_MAR07716	substrate	False
MAM03123	R_MAR07716	product	False
MAM03114	R_MAR07717	substrate	False
MAM03123	R_MAR07717	product	False
MAM01590	R_MAR07721	substrate	False
MAM01630	R_MAR07721	product	False
MAM01752	R_MAR07725	substrate	False
MAM02996	R_MAR07725	product	False
MAM02016	R_MAR07728	substrate	False
MAM02038	R_MAR07728	product	False
MAM01597	R_MAR07731	substrate	False
MAM01674	R_MAR07731	product	False
MAM02807	R_MAR07744	substrate	True
MAM02845	R_MAR07744	product	True
MAM03118	R_MAR07744	product	True
MAM01388	R_MAR07745	substrate	True
MAM01965	R_MAR07745	product	True
MAM01965	R_MAR07747	substrate	False
MAM01968	R_MAR07747	product	False
MAM01280	R_MAR07754	substrate	False
MAM01334	R_MAR07754	product	False
MAM01984	R_MAR07755	substrate	False
MAM01690	R_MAR07755	product	False
MAM00673	R_MAR07756	substrate	False
MAM02720	R_MAR07756	product	False
MAM01637	R_MAR07802	substrate	True
MAM01639	R_MAR07802	product	True
MAM01642	R_MAR07802	product	True
MAM01280	R_MAR07803	substrate	False
MAM01688	R_MAR07803	substrate	False
MAM01334	R_MAR07803	product	False
MAM01680	R_MAR07803	product	False
MAM01771	R_MAR07807	substrate	False
MAM01773	R_MAR07807	product	False
MAM01398	R_MAR07813	substrate	False
MAM03109	R_MAR07813	substrate	False
MAM01397	R_MAR07813	product	False
MAM01627	R_MAR07817	substrate	False
MAM02157	R_MAR07817	product	False
MAM01637	R_MAR07869	substrate	True
MAM01642	R_MAR07869	product	True
MAM01637	R_MAR07870	substrate	True
MAM01642	R_MAR07870	product	True
MAM01643	R_MAR07871	substrate	True
MAM01645	R_MAR07871	product	True
MAM01643	R_MAR07872	substrate	True
MAM01645	R_MAR07872	product	True
MAM01680	R_MAR07873	substrate	True
MAM01688	R_MAR07873	product	True
MAM01680	R_MAR07874	substrate	True
MAM01688	R_MAR07874	product	True
MAM01714	R_MAR07878	substrate	True
MAM01693	R_MAR07878	product	True
MAM01714	R_MAR07879	substrate	False
MAM01709	R_MAR07879	product	False
MAM01709	R_MAR07880	substrate	False
MAM01671	R_MAR07880	product	False
MAM01714	R_MAR07881	substrate	True
MAM01693	R_MAR07881	product	True
MAM01753	R_MAR07886	substrate	True
MAM01747	R_MAR07886	product	True
MAM01753	R_MAR07887	substrate	True
MAM01747	R_MAR07887	product	True
MAM01688	R_MAR07888	substrate	True
MAM01680	R_MAR07888	product	True
MAM01756	R_MAR07889	substrate	True
MAM01754	R_MAR07889	product	True
MAM01645	R_MAR07890	substrate	True
MAM01643	R_MAR07890	product	True
MAM01645	R_MAR07891	substrate	True
MAM01643	R_MAR07891	product	True
MAM01642	R_MAR07892	substrate	True
MAM01637	R_MAR07892	product	True
MAM02193	R_MAR07893	substrate	True
MAM02161	R_MAR07893	product	True
MAM01714	R_MAR07894	substrate	True
MAM01693	R_MAR07894	product	True
MAM02193	R_MAR07895	substrate	True
MAM02161	R_MAR07895	product	True
MAM00266	R_MAR07908	substrate	False
MAM01974	R_MAR07908	substrate	False
MAM00267	R_MAR07908	product	False
MAM00266	R_MAR07909	substrate	False
MAM01974	R_MAR07909	substrate	False
MAM00267	R_MAR07909	product	False
MAM00267	R_MAR07910	substrate	False
MAM01974	R_MAR07910	substrate	False
MAM00268	R_MAR07910	product	False
MAM00267	R_MAR07911	substrate	False
MAM01974	R_MAR07911	substrate	False
MAM00268	R_MAR07911	product	False
MAM00268	R_MAR07912	substrate	False
MAM01974	R_MAR07912	substrate	False
MAM00269	R_MAR07912	product	False
MAM00268	R_MAR07913	substrate	False
MAM01974	R_MAR07913	substrate	False
MAM00269	R_MAR07913	product	False
MAM00267	R_MAR07916	substrate	False
MAM00266	R_MAR07916	product	False
MAM01974	R_MAR07916	product	False
MAM00268	R_MAR07919	substrate	False
MAM00267	R_MAR07919	product	False
MAM01974	R_MAR07919	product	False
MAM00267	R_MAR07920	substrate	False
MAM00266	R_MAR07920	product	False
MAM01974	R_MAR07920	product	False
MAM00268	R_MAR07921	substrate	False
MAM00267	R_MAR07921	product	False
MAM01974	R_MAR07921	product	False
MAM00269	R_MAR07922	substrate	False
MAM00268	R_MAR07922	product	False
MAM01974	R_MAR07922	product	False
MAM00269	R_MAR07925	substrate	False
MAM00268	R_MAR07925	product	False
MAM01974	R_MAR07925	product	False
MAM00409	R_MAR07928	substrate	False
MAM00295	R_MAR07928	product	False
MAM02763	R_MAR07930	substrate	False
MAM02769	R_MAR07930	product	False
MAM02763	R_MAR07931	substrate	False
MAM02769	R_MAR07931	product	False
MAM02769	R_MAR07932	substrate	False
MAM00294	R_MAR07932	product	False
MAM00294	R_MAR07934	substrate	False
MAM01309	R_MAR07934	product	False
MAM01450	R_MAR07935	substrate	False
MAM02182	R_MAR07935	product	False
MAM02763	R_MAR07935	product	False
MAM00408	R_MAR07936	substrate	False
MAM01249	R_MAR07936	product	False
MAM01660	R_MAR07936	product	False
MAM02769	R_MAR07937	substrate	False
MAM00409	R_MAR07937	product	False
MAM00409	R_MAR07938	substrate	False
MAM00971	R_MAR07938	product	False
MAM01249	R_MAR07938	product	False
MAM00408	R_MAR07939	substrate	False
MAM00409	R_MAR07939	product	False
MAM00971	R_MAR07940	substrate	False
MAM01790	R_MAR07940	product	False
MAM01833	R_MAR07940	product	False
MAM02969	R_MAR07941	substrate	False
MAM01787	R_MAR07941	product	False
MAM01833	R_MAR07941	product	False
MAM01616	R_MAR07942	substrate	True
MAM01615	R_MAR07942	product	True
MAM01616	R_MAR07943	substrate	True
MAM01615	R_MAR07943	product	True
MAM01789	R_MAR07945	substrate	False
MAM01790	R_MAR07945	product	False
MAM02762	R_MAR07948	substrate	False
MAM02763	R_MAR07948	product	False
MAM01512	R_MAR07950	substrate	False
MAM01450	R_MAR07950	product	False
MAM01659	R_MAR07952	substrate	False
MAM01660	R_MAR07952	product	False
MAM01660	R_MAR07954	substrate	False
MAM00971	R_MAR07954	product	False
MAM00971	R_MAR07955	substrate	False
MAM02969	R_MAR07955	product	False
MAM02969	R_MAR07957	substrate	False
MAM00432	R_MAR07957	product	False
MAM02969	R_MAR07958	substrate	False
MAM01158	R_MAR07958	product	False
MAM02969	R_MAR07959	substrate	False
MAM03109	R_MAR07959	substrate	False
MAM02967	R_MAR07959	product	False
MAM01790	R_MAR07962	substrate	False
MAM03109	R_MAR07962	substrate	False
MAM01795	R_MAR07962	product	False
MAM01338	R_MAR07965	substrate	False
MAM03109	R_MAR07965	substrate	False
MAM01339	R_MAR07965	product	False
MAM01790	R_MAR07968	substrate	False
MAM01787	R_MAR07968	product	False
MAM01338	R_MAR07970	substrate	False
MAM00399	R_MAR07970	product	False
MAM00399	R_MAR07971	substrate	False
MAM01064	R_MAR07971	product	False
MAM00399	R_MAR07972	substrate	False
MAM01064	R_MAR07972	product	False
MAM00408	R_MAR07973	substrate	False
MAM00409	R_MAR07973	product	False
MAM01069	R_MAR07974	substrate	False
MAM01071	R_MAR07974	product	False
MAM02769	R_MAR07976	substrate	False
MAM00580	R_MAR07976	product	False
MAM02969	R_MAR07978	substrate	False
MAM02968	R_MAR07978	product	False
MAM01800	R_MAR07980	substrate	False
MAM03109	R_MAR07980	substrate	False
MAM01799	R_MAR07980	product	False
MAM01788	R_MAR07984	substrate	False
MAM03109	R_MAR07984	substrate	False
MAM00402	R_MAR07984	product	False
MAM01069	R_MAR07987	substrate	False
MAM03109	R_MAR07987	substrate	False
MAM01070	R_MAR07987	product	False
MAM02923	R_MAR07991	substrate	False
MAM00248	R_MAR07991	product	False
MAM00969	R_MAR07991	product	False
MAM00248	R_MAR07992	substrate	False
MAM00760	R_MAR07992	product	False
MAM00760	R_MAR07993	substrate	False
MAM01383	R_MAR07993	product	False
MAM03141	R_MAR07996	substrate	False
MAM00620	R_MAR07996	product	False
MAM00620	R_MAR07999	substrate	False
MAM00613	R_MAR07999	product	False
MAM00613	R_MAR08003	substrate	False
MAM00518	R_MAR08003	product	False
MAM00620	R_MAR08004	substrate	False
MAM00519	R_MAR08004	product	False
MAM00519	R_MAR08005	substrate	False
MAM00518	R_MAR08005	product	False
MAM00035	R_MAR08006	substrate	False
MAM01416	R_MAR08006	product	False
MAM01415	R_MAR08008	substrate	False
MAM01417	R_MAR08008	product	False
MAM02765	R_MAR08011	substrate	True
MAM02805	R_MAR08011	product	True
MAM02422	R_MAR08012	substrate	True
MAM02765	R_MAR08012	product	True
MAM02765	R_MAR08013	substrate	True
MAM02953	R_MAR08013	product	True
MAM02765	R_MAR08014	substrate	True
MAM03142	R_MAR08014	product	True
MAM02426	R_MAR08017	substrate	False
MAM01157	R_MAR08017	product	False
MAM01157	R_MAR08018	substrate	False
MAM01663	R_MAR08018	product	False
MAM01663	R_MAR08019	substrate	False
MAM02413	R_MAR08019	product	False
MAM02413	R_MAR08021	substrate	False
MAM00556	R_MAR08021	product	False
MAM00204	R_MAR08025	substrate	False
MAM02129	R_MAR08025	product	False
MAM02129	R_MAR08026	substrate	False
MAM00212	R_MAR08026	product	False
MAM00212	R_MAR08027	substrate	False
MAM00211	R_MAR08027	product	False
MAM00211	R_MAR08029	substrate	False
MAM02517	R_MAR08029	product	False
MAM01647	R_MAR08032	substrate	False
MAM00998	R_MAR08032	product	False
MAM02754	R_MAR08034	substrate	False
MAM01019	R_MAR08034	product	False
MAM02344	R_MAR08036	substrate	False
MAM00325	R_MAR08036	product	False
MAM02494	R_MAR08037	substrate	False
MAM00371	R_MAR08037	product	False
MAM02674	R_MAR08038	substrate	False
MAM00403	R_MAR08038	product	False
MAM01617	R_MAR08040	substrate	False
MAM03113	R_MAR08040	product	False
MAM01344	R_MAR08043	substrate	False
MAM01768	R_MAR08043	product	False
MAM02470	R_MAR08043	product	False
MAM02653	R_MAR08046	substrate	False
MAM01109	R_MAR08046	product	False
MAM02673	R_MAR08049	substrate	False
MAM01163	R_MAR08049	product	False
MAM03001	R_MAR08052	substrate	False
MAM01007	R_MAR08052	product	False
MAM02587	R_MAR08055	substrate	False
MAM02153	R_MAR08055	product	False
MAM01765	R_MAR08059	substrate	False
MAM02150	R_MAR08059	product	False
MAM01654	R_MAR08062	substrate	False
MAM02350	R_MAR08062	product	False
MAM00918	R_MAR08063	substrate	False
MAM02350	R_MAR08063	product	False
MAM00918	R_MAR08064	substrate	False
MAM02350	R_MAR08064	product	False
MAM02350	R_MAR08065	substrate	False
MAM02961	R_MAR08065	product	False
MAM00920	R_MAR08066	substrate	True
MAM01974	R_MAR08066	substrate	True
MAM01306	R_MAR08066	product	True
MAM02350	R_MAR08066	product	True
MAM00920	R_MAR08067	substrate	True
MAM01974	R_MAR08067	substrate	True
MAM01306	R_MAR08067	product	True
MAM02350	R_MAR08067	product	True
MAM00179	R_MAR08068	substrate	True
MAM00920	R_MAR08068	product	True
MAM00179	R_MAR08069	substrate	True
MAM00920	R_MAR08069	product	True
MAM00639	R_MAR08072	substrate	False
MAM01672	R_MAR08072	product	False
MAM01672	R_MAR08074	substrate	False
MAM00640	R_MAR08074	product	False
MAM02633	R_MAR08078	substrate	False
MAM02774	R_MAR08078	substrate	False
MAM00665	R_MAR08078	product	False
MAM01433	R_MAR08083	substrate	False
MAM02016	R_MAR08083	product	False
MAM01433	R_MAR08085	substrate	False
MAM02016	R_MAR08085	product	False
MAM01419	R_MAR08087	substrate	False
MAM01334	R_MAR08087	product	False
MAM00661	R_MAR08088	substrate	True
MAM01974	R_MAR08088	substrate	True
MAM01306	R_MAR08088	product	True
MAM02325	R_MAR08088	product	True
MAM00788	R_MAR08091	substrate	False
MAM00786	R_MAR08091	product	False
MAM00786	R_MAR08092	substrate	False
MAM00949	R_MAR08092	product	False
MAM02617	R_MAR08094	substrate	False
MAM02620	R_MAR08094	product	False
MAM02320	R_MAR08096	substrate	True
MAM02327	R_MAR08096	product	True
MAM02358	R_MAR08097	substrate	True
MAM02327	R_MAR08097	product	True
MAM02358	R_MAR08098	substrate	False
MAM02633	R_MAR08098	substrate	False
MAM00989	R_MAR08098	product	False
MAM01370	R_MAR08098	product	False
MAM02813	R_MAR08102	substrate	False
MAM01033	R_MAR08102	product	False
MAM01700	R_MAR08105	substrate	False
MAM01974	R_MAR08105	substrate	False
MAM02691	R_MAR08105	product	False
MAM01974	R_MAR08106	substrate	False
MAM02691	R_MAR08106	substrate	False
MAM02118	R_MAR08106	product	False
MAM01974	R_MAR08107	substrate	False
MAM02118	R_MAR08107	substrate	False
MAM02104	R_MAR08107	product	False
MAM01974	R_MAR08108	substrate	False
MAM02980	R_MAR08108	substrate	False
MAM02692	R_MAR08108	product	False
MAM01974	R_MAR08109	substrate	False
MAM02692	R_MAR08109	substrate	False
MAM02119	R_MAR08109	product	False
MAM01974	R_MAR08110	substrate	False
MAM02119	R_MAR08110	substrate	False
MAM02105	R_MAR08110	product	False
MAM01700	R_MAR08112	substrate	False
MAM01974	R_MAR08112	substrate	False
MAM02691	R_MAR08112	product	False
MAM01974	R_MAR08113	substrate	False
MAM02691	R_MAR08113	substrate	False
MAM02118	R_MAR08113	product	False
MAM01974	R_MAR08114	substrate	False
MAM02118	R_MAR08114	substrate	False
MAM02104	R_MAR08114	product	False
MAM01974	R_MAR08115	substrate	False
MAM02980	R_MAR08115	substrate	False
MAM02692	R_MAR08115	product	False
MAM01974	R_MAR08116	substrate	False
MAM02692	R_MAR08116	substrate	False
MAM02119	R_MAR08116	product	False
MAM01974	R_MAR08117	substrate	False
MAM02119	R_MAR08117	substrate	False
MAM02105	R_MAR08117	product	False
MAM02691	R_MAR08129	substrate	False
MAM01700	R_MAR08129	product	False
MAM01974	R_MAR08129	product	False
MAM02691	R_MAR08130	substrate	False
MAM01700	R_MAR08130	product	False
MAM01974	R_MAR08130	product	False
MAM02692	R_MAR08132	substrate	False
MAM01974	R_MAR08132	product	False
MAM02980	R_MAR08132	product	False
MAM02692	R_MAR08133	substrate	False
MAM01974	R_MAR08133	product	False
MAM02980	R_MAR08133	product	False
MAM02118	R_MAR08135	substrate	False
MAM01974	R_MAR08135	product	False
MAM02691	R_MAR08135	product	False
MAM02118	R_MAR08136	substrate	False
MAM01974	R_MAR08136	product	False
MAM02691	R_MAR08136	product	False
MAM02119	R_MAR08137	substrate	False
MAM01974	R_MAR08137	product	False
MAM02692	R_MAR08137	product	False
MAM02119	R_MAR08138	substrate	False
MAM01974	R_MAR08138	product	False
MAM02692	R_MAR08138	product	False
MAM02104	R_MAR08139	substrate	False
MAM01974	R_MAR08139	product	False
MAM02118	R_MAR08139	product	False
MAM02104	R_MAR08140	substrate	False
MAM01974	R_MAR08140	product	False
MAM02118	R_MAR08140	product	False
MAM02105	R_MAR08141	substrate	False
MAM01974	R_MAR08141	product	False
MAM02119	R_MAR08141	product	False
MAM02105	R_MAR08142	substrate	False
MAM01974	R_MAR08142	product	False
MAM02119	R_MAR08142	product	False
MAM01100	R_MAR08143	substrate	False
MAM01044	R_MAR08143	product	False
MAM01044	R_MAR08144	substrate	True
MAM01045	R_MAR08144	product	True
MAM01972	R_MAR08147	substrate	False
MAM03107	R_MAR08147	substrate	False
MAM02328	R_MAR08147	product	False
MAM02328	R_MAR08148	substrate	False
MAM03107	R_MAR08148	substrate	False
MAM01960	R_MAR08148	product	False
MAM01960	R_MAR08149	substrate	False
MAM03110	R_MAR08149	substrate	False
MAM01959	R_MAR08149	product	False
MAM01959	R_MAR08150	substrate	False
MAM03107	R_MAR08150	substrate	False
MAM01912	R_MAR08150	product	False
MAM01912	R_MAR08151	substrate	False
MAM03111	R_MAR08151	substrate	False
MAM01956	R_MAR08151	product	False
MAM01956	R_MAR08152	substrate	False
MAM03107	R_MAR08152	substrate	False
MAM01919	R_MAR08152	product	False
MAM01592	R_MAR08155	substrate	False
MAM01912	R_MAR08155	substrate	False
MAM02905	R_MAR08155	product	False
MAM01592	R_MAR08156	substrate	False
MAM02905	R_MAR08156	substrate	False
MAM02902	R_MAR08156	product	False
MAM01592	R_MAR08159	substrate	False
MAM02905	R_MAR08159	substrate	False
MAM02903	R_MAR08159	product	False
MAM01592	R_MAR08162	substrate	False
MAM02905	R_MAR08162	substrate	False
MAM01711	R_MAR08162	product	False
MAM02328	R_MAR08165	substrate	False
MAM03110	R_MAR08165	substrate	False
MAM01905	R_MAR08165	product	False
MAM01905	R_MAR08166	substrate	False
MAM03107	R_MAR08166	substrate	False
MAM01904	R_MAR08166	product	False
MAM01592	R_MAR08167	substrate	False
MAM01904	R_MAR08167	substrate	False
MAM02010	R_MAR08167	product	False
MAM01592	R_MAR08168	substrate	False
MAM02010	R_MAR08168	substrate	False
MAM01942	R_MAR08168	product	False
MAM01592	R_MAR08169	substrate	False
MAM01942	R_MAR08169	substrate	False
MAM02029	R_MAR08169	product	False
MAM01592	R_MAR08170	substrate	False
MAM02029	R_MAR08170	substrate	False
MAM02024	R_MAR08170	product	False
MAM01592	R_MAR08171	substrate	False
MAM02010	R_MAR08171	substrate	False
MAM01945	R_MAR08171	product	False
MAM01592	R_MAR08172	substrate	False
MAM01905	R_MAR08172	substrate	False
MAM02014	R_MAR08172	product	False
MAM02014	R_MAR08173	substrate	False
MAM03107	R_MAR08173	substrate	False
MAM02009	R_MAR08173	product	False
MAM01592	R_MAR08174	substrate	False
MAM02009	R_MAR08174	substrate	False
MAM01944	R_MAR08174	product	False
MAM01592	R_MAR08175	substrate	False
MAM01941	R_MAR08175	substrate	False
MAM02029	R_MAR08175	product	False
MAM01592	R_MAR08176	substrate	False
MAM02031	R_MAR08176	substrate	False
MAM02025	R_MAR08176	product	False
MAM01592	R_MAR08177	substrate	False
MAM02025	R_MAR08177	substrate	False
MAM02018	R_MAR08177	product	False
MAM01592	R_MAR08178	substrate	False
MAM02030	R_MAR08178	substrate	False
MAM02024	R_MAR08178	product	False
MAM01592	R_MAR08179	substrate	False
MAM02015	R_MAR08179	substrate	False
MAM01947	R_MAR08179	product	False
MAM01592	R_MAR08180	substrate	False
MAM01947	R_MAR08180	substrate	False
MAM02033	R_MAR08180	product	False
MAM01592	R_MAR08181	substrate	False
MAM02030	R_MAR08181	substrate	False
MAM02023	R_MAR08181	product	False
MAM01592	R_MAR08182	substrate	False
MAM01941	R_MAR08182	substrate	False
MAM02028	R_MAR08182	product	False
MAM01592	R_MAR08183	substrate	False
MAM02025	R_MAR08183	substrate	False
MAM02019	R_MAR08183	product	False
MAM01592	R_MAR08184	substrate	False
MAM02328	R_MAR08184	substrate	False
MAM02015	R_MAR08184	product	False
MAM02011	R_MAR08185	substrate	False
MAM03107	R_MAR08185	substrate	False
MAM02008	R_MAR08185	product	False
MAM01946	R_MAR08186	substrate	False
MAM03107	R_MAR08186	substrate	False
MAM01943	R_MAR08186	product	False
MAM02032	R_MAR08187	substrate	False
MAM03107	R_MAR08187	substrate	False
MAM02031	R_MAR08187	product	False
MAM01592	R_MAR08188	substrate	False
MAM02008	R_MAR08188	substrate	False
MAM01941	R_MAR08188	product	False
MAM01592	R_MAR08189	substrate	False
MAM01943	R_MAR08189	substrate	False
MAM02030	R_MAR08189	product	False
MAM02015	R_MAR08190	substrate	False
MAM03110	R_MAR08190	substrate	False
MAM02011	R_MAR08190	product	False
MAM01947	R_MAR08191	substrate	False
MAM03110	R_MAR08191	substrate	False
MAM01946	R_MAR08191	product	False
MAM02033	R_MAR08192	substrate	False
MAM03110	R_MAR08192	substrate	False
MAM02032	R_MAR08192	product	False
MAM01959	R_MAR08194	substrate	False
MAM02525	R_MAR08194	substrate	False
MAM01391	R_MAR08194	product	False
MAM01391	R_MAR08197	substrate	False
MAM01959	R_MAR08197	product	False
MAM03110	R_MAR08197	product	False
MAM01959	R_MAR08198	substrate	False
MAM03110	R_MAR08198	substrate	False
MAM01324	R_MAR08198	product	False
MAM01324	R_MAR08201	substrate	False
MAM01959	R_MAR08201	product	False
MAM03110	R_MAR08201	product	False
MAM01674	R_MAR08204	substrate	False
MAM01334	R_MAR08204	product	False
MAM02741	R_MAR08204	product	False
MAM01679	R_MAR08206	substrate	False
MAM02947	R_MAR08206	product	False
MAM02947	R_MAR08209	substrate	False
MAM01679	R_MAR08209	product	False
MAM01679	R_MAR08210	substrate	False
MAM01430	R_MAR08210	product	False
MAM01910	R_MAR08210	product	False
MAM01430	R_MAR08211	substrate	False
MAM02929	R_MAR08211	product	False
MAM10005	R_MAR08211	product	False
MAM01694	R_MAR08212	substrate	False
MAM01695	R_MAR08212	product	False
MAM01694	R_MAR08217	substrate	False
MAM01679	R_MAR08217	product	False
MAM01910	R_MAR08217	product	False
MAM01675	R_MAR08218	substrate	False
MAM01450	R_MAR08218	product	False
MAM01699	R_MAR08219	substrate	False
MAM01430	R_MAR08219	product	False
MAM01699	R_MAR08220	substrate	False
MAM01430	R_MAR08220	product	False
MAM01912	R_MAR08221	substrate	False
MAM01950	R_MAR08221	substrate	False
MAM01861	R_MAR08221	product	False
MAM01261	R_MAR08224	substrate	False
MAM01947	R_MAR08224	substrate	False
MAM01244	R_MAR08224	product	False
MAM01261	R_MAR08226	substrate	False
MAM01947	R_MAR08226	substrate	False
MAM01244	R_MAR08226	product	False
MAM01261	R_MAR08227	substrate	False
MAM02033	R_MAR08227	substrate	False
MAM01245	R_MAR08227	product	False
MAM01261	R_MAR08228	substrate	False
MAM02033	R_MAR08228	substrate	False
MAM01245	R_MAR08228	product	False
MAM02928	R_MAR08233	substrate	False
MAM02927	R_MAR08233	product	False
MAM02930	R_MAR08235	substrate	False
MAM02929	R_MAR08235	product	False
MAM02928	R_MAR08237	substrate	False
MAM01798	R_MAR08237	product	False
MAM02113	R_MAR08237	product	False
MAM02930	R_MAR08238	substrate	False
MAM01798	R_MAR08238	product	False
MAM02674	R_MAR08238	product	False
MAM02908	R_MAR08242	substrate	False
MAM01430	R_MAR08242	product	False
MAM02738	R_MAR08242	product	False
MAM02908	R_MAR08245	substrate	False
MAM02931	R_MAR08245	product	False
MAM10005	R_MAR08245	product	False
MAM02931	R_MAR08246	substrate	False
MAM02738	R_MAR08246	product	False
MAM02929	R_MAR08246	product	False
MAM01430	R_MAR08248	substrate	False
MAM03108	R_MAR08248	substrate	False
MAM01972	R_MAR08248	product	False
MAM01960	R_MAR08249	substrate	False
MAM03107	R_MAR08249	substrate	False
MAM01920	R_MAR08249	product	False
MAM01920	R_MAR08250	substrate	False
MAM03107	R_MAR08250	substrate	False
MAM01918	R_MAR08250	product	False
MAM01918	R_MAR08251	substrate	False
MAM03107	R_MAR08251	substrate	False
MAM01917	R_MAR08251	product	False
MAM02960	R_MAR08254	substrate	False
MAM03111	R_MAR08254	substrate	False
MAM01954	R_MAR08254	product	False
MAM01607	R_MAR08255	substrate	False
MAM03111	R_MAR08255	substrate	False
MAM01955	R_MAR08255	product	False
MAM03000	R_MAR08256	substrate	False
MAM03110	R_MAR08256	substrate	False
MAM01610	R_MAR08256	product	False
MAM03000	R_MAR08257	substrate	False
MAM03111	R_MAR08257	substrate	False
MAM01611	R_MAR08257	product	False
MAM01611	R_MAR08258	substrate	False
MAM03107	R_MAR08258	substrate	False
MAM01801	R_MAR08258	product	False
MAM03000	R_MAR08260	substrate	False
MAM03110	R_MAR08260	substrate	False
MAM01612	R_MAR08260	product	False
MAM03000	R_MAR08261	substrate	False
MAM03107	R_MAR08261	substrate	False
MAM01613	R_MAR08261	product	False
MAM01950	R_MAR08262	substrate	False
MAM02347	R_MAR08262	substrate	False
MAM03092	R_MAR08262	product	False
MAM03092	R_MAR08263	substrate	False
MAM03110	R_MAR08263	substrate	False
MAM03090	R_MAR08263	product	False
MAM01950	R_MAR08264	substrate	False
MAM03090	R_MAR08264	substrate	False
MAM01850	R_MAR08264	product	False
MAM03092	R_MAR08267	substrate	False
MAM03107	R_MAR08267	substrate	False
MAM03091	R_MAR08267	product	False
MAM01950	R_MAR08268	substrate	False
MAM03091	R_MAR08268	substrate	False
MAM01859	R_MAR08268	product	False
MAM01950	R_MAR08271	substrate	False
MAM03092	R_MAR08271	substrate	False
MAM01999	R_MAR08271	product	False
MAM01752	R_MAR08274	substrate	False
MAM01747	R_MAR08274	product	False
MAM02328	R_MAR08275	substrate	False
MAM03111	R_MAR08275	substrate	False
MAM02346	R_MAR08275	product	False
MAM02346	R_MAR08276	substrate	False
MAM03107	R_MAR08276	substrate	False
MAM02347	R_MAR08276	product	False
MAM02346	R_MAR08277	substrate	False
MAM03107	R_MAR08277	substrate	False
MAM02330	R_MAR08277	product	False
MAM02330	R_MAR08278	substrate	False
MAM03111	R_MAR08278	substrate	False
MAM02593	R_MAR08278	product	False
MAM02593	R_MAR08279	substrate	False
MAM03107	R_MAR08279	substrate	False
MAM02594	R_MAR08279	product	False
MAM01950	R_MAR08280	substrate	False
MAM02330	R_MAR08280	substrate	False
MAM03095	R_MAR08280	product	False
MAM03095	R_MAR08281	substrate	False
MAM03107	R_MAR08281	substrate	False
MAM01914	R_MAR08281	product	False
MAM03095	R_MAR08284	substrate	False
MAM03110	R_MAR08284	substrate	False
MAM01262	R_MAR08284	product	False
MAM01262	R_MAR08285	substrate	False
MAM03107	R_MAR08285	substrate	False
MAM01907	R_MAR08285	product	False
MAM01907	R_MAR08286	substrate	False
MAM01950	R_MAR08286	substrate	False
MAM03097	R_MAR08286	product	False
MAM01950	R_MAR08287	substrate	False
MAM03095	R_MAR08287	substrate	False
MAM01999	R_MAR08287	product	False
MAM03097	R_MAR08288	substrate	False
MAM03110	R_MAR08288	substrate	False
MAM03096	R_MAR08288	product	False
MAM01950	R_MAR08291	substrate	False
MAM02594	R_MAR08291	substrate	False
MAM03137	R_MAR08291	product	False
MAM03110	R_MAR08292	substrate	False
MAM03137	R_MAR08292	substrate	False
MAM01263	R_MAR08292	product	False
MAM01263	R_MAR08293	substrate	False
MAM03107	R_MAR08293	substrate	False
MAM01908	R_MAR08293	product	False
MAM01908	R_MAR08294	substrate	False
MAM01950	R_MAR08294	substrate	False
MAM01857	R_MAR08294	product	False
MAM01857	R_MAR08295	substrate	False
MAM03110	R_MAR08295	substrate	False
MAM03098	R_MAR08295	product	False
MAM03107	R_MAR08298	substrate	False
MAM03137	R_MAR08298	substrate	False
MAM01915	R_MAR08298	product	False
MAM01856	R_MAR08302	substrate	False
MAM03107	R_MAR08302	substrate	False
MAM01916	R_MAR08302	product	False
MAM02594	R_MAR08305	substrate	False
MAM03111	R_MAR08305	substrate	False
MAM02595	R_MAR08305	product	False
MAM02595	R_MAR08306	substrate	False
MAM03107	R_MAR08306	substrate	False
MAM02596	R_MAR08306	product	False
MAM01950	R_MAR08307	substrate	False
MAM02596	R_MAR08307	substrate	False
MAM01858	R_MAR08307	product	False
MAM01858	R_MAR08308	substrate	False
MAM01950	R_MAR08308	substrate	False
MAM01854	R_MAR08308	product	False
MAM01854	R_MAR08309	substrate	False
MAM01950	R_MAR08309	substrate	False
MAM01852	R_MAR08309	product	False
MAM02594	R_MAR08316	substrate	False
MAM03111	R_MAR08316	substrate	False
MAM01880	R_MAR08316	product	False
MAM01880	R_MAR08317	substrate	False
MAM03107	R_MAR08317	substrate	False
MAM02186	R_MAR08317	product	False
MAM01592	R_MAR08318	substrate	False
MAM02347	R_MAR08318	substrate	False
MAM01264	R_MAR08318	product	False
MAM01264	R_MAR08319	substrate	False
MAM01950	R_MAR08319	substrate	False
MAM02198	R_MAR08319	product	False
MAM01950	R_MAR08322	substrate	False
MAM02330	R_MAR08322	substrate	False
MAM02331	R_MAR08322	product	False
MAM01592	R_MAR08325	substrate	False
MAM02330	R_MAR08325	substrate	False
MAM02904	R_MAR08325	product	False
MAM01950	R_MAR08326	substrate	False
MAM02904	R_MAR08326	substrate	False
MAM02199	R_MAR08326	product	False
MAM01592	R_MAR08327	substrate	False
MAM02904	R_MAR08327	substrate	False
MAM00744	R_MAR08327	product	False
MAM01950	R_MAR08330	substrate	False
MAM03137	R_MAR08330	substrate	False
MAM01855	R_MAR08330	product	False
MAM01855	R_MAR08331	substrate	False
MAM01950	R_MAR08331	substrate	False
MAM01853	R_MAR08331	product	False
MAM01950	R_MAR08332	substrate	False
MAM02594	R_MAR08332	substrate	False
MAM03133	R_MAR08332	product	False
MAM01950	R_MAR08333	substrate	False
MAM03133	R_MAR08333	substrate	False
MAM01851	R_MAR08333	product	False
MAM01950	R_MAR08334	substrate	False
MAM02594	R_MAR08334	substrate	False
MAM02164	R_MAR08334	product	False
MAM01592	R_MAR08337	substrate	False
MAM02594	R_MAR08337	substrate	False
MAM03138	R_MAR08337	product	False
MAM02337	R_MAR08341	substrate	False
MAM02338	R_MAR08341	product	False
MAM02425	R_MAR08342	substrate	True
MAM02338	R_MAR08342	product	True
MAM01973	R_MAR08344	substrate	True
MAM02378	R_MAR08344	product	True
MAM01685	R_MAR08345	substrate	True
MAM01973	R_MAR08345	product	True
MAM02379	R_MAR08346	substrate	True
MAM02378	R_MAR08346	product	True
MAM01685	R_MAR08348	substrate	True
MAM02379	R_MAR08348	product	True
MAM01685	R_MAR08349	substrate	False
MAM01681	R_MAR08349	product	False
MAM00768	R_MAR08352	substrate	True
MAM02378	R_MAR08352	product	True
MAM00768	R_MAR08353	substrate	True
MAM02425	R_MAR08353	product	True
MAM01249	R_MAR08357	substrate	False
MAM01252	R_MAR08357	product	False
MAM01796	R_MAR08360	substrate	False
MAM01249	R_MAR08360	product	False
MAM01260	R_MAR08362	substrate	True
MAM01261	R_MAR08362	product	True
MAM01513	R_MAR08362	product	True
MAM02525	R_MAR08366	substrate	False
MAM02526	R_MAR08366	product	False
MAM02193	R_MAR08367	substrate	False
MAM02525	R_MAR08367	substrate	False
MAM02161	R_MAR08367	product	False
MAM02526	R_MAR08367	product	False
MAM02526	R_MAR08368	substrate	False
MAM03110	R_MAR08368	product	False
MAM02455	R_MAR08371	substrate	False
MAM02696	R_MAR08371	substrate	False
MAM00772	R_MAR08371	product	False
MAM00772	R_MAR08372	substrate	False
MAM00771	R_MAR08372	product	False
MAM02524	R_MAR08373	substrate	True
MAM02819	R_MAR08373	substrate	True
MAM02543	R_MAR08373	product	True
MAM01438	R_MAR08375	substrate	False
MAM02527	R_MAR08375	product	False
MAM01438	R_MAR08376	substrate	False
MAM02527	R_MAR08376	product	False
MAM02543	R_MAR08377	substrate	False
MAM01592	R_MAR08377	product	False
MAM01733	R_MAR08378	substrate	True
MAM02645	R_MAR08378	substrate	True
MAM00205	R_MAR08378	product	True
MAM01734	R_MAR08378	product	True
MAM02750	R_MAR08379	substrate	False
MAM03111	R_MAR08379	substrate	False
MAM02523	R_MAR08379	product	False
MAM02523	R_MAR08380	substrate	False
MAM01143	R_MAR08380	product	False
MAM01252	R_MAR08380	product	False
MAM01143	R_MAR08381	substrate	False
MAM02678	R_MAR08381	substrate	False
MAM01964	R_MAR08381	product	False
MAM01734	R_MAR08383	substrate	False
MAM01964	R_MAR08383	substrate	False
MAM01733	R_MAR08383	product	False
MAM02483	R_MAR08383	product	False
MAM01734	R_MAR08384	substrate	False
MAM02483	R_MAR08384	substrate	False
MAM01733	R_MAR08384	product	False
MAM02431	R_MAR08384	product	False
MAM01734	R_MAR08385	substrate	False
MAM02431	R_MAR08385	substrate	False
MAM01733	R_MAR08385	product	False
MAM02433	R_MAR08385	product	False
MAM01734	R_MAR08387	substrate	False
MAM01783	R_MAR08387	substrate	False
MAM01733	R_MAR08387	product	False
MAM02463	R_MAR08387	product	False
MAM01734	R_MAR08388	substrate	False
MAM02463	R_MAR08388	substrate	False
MAM01733	R_MAR08388	product	False
MAM02430	R_MAR08388	product	False
MAM01734	R_MAR08389	substrate	False
MAM02430	R_MAR08389	substrate	False
MAM01733	R_MAR08389	product	False
MAM02432	R_MAR08389	product	False
MAM01734	R_MAR08390	substrate	False
MAM01779	R_MAR08390	substrate	False
MAM01733	R_MAR08390	product	False
MAM02461	R_MAR08390	product	False
MAM02483	R_MAR08391	substrate	False
MAM02685	R_MAR08391	substrate	False
MAM00236	R_MAR08391	product	False
MAM01783	R_MAR08391	product	False
MAM02431	R_MAR08392	substrate	False
MAM02685	R_MAR08392	substrate	False
MAM00236	R_MAR08392	product	False
MAM02463	R_MAR08392	product	False
MAM02433	R_MAR08393	substrate	False
MAM02685	R_MAR08393	substrate	False
MAM00236	R_MAR08393	product	False
MAM01781	R_MAR08393	product	False
MAM02433	R_MAR08394	substrate	False
MAM02685	R_MAR08394	substrate	False
MAM00236	R_MAR08394	product	False
MAM02430	R_MAR08394	product	False
MAM01781	R_MAR08395	substrate	False
MAM02685	R_MAR08395	substrate	False
MAM00236	R_MAR08395	product	False
MAM01782	R_MAR08395	product	False
MAM02430	R_MAR08396	substrate	False
MAM02685	R_MAR08396	substrate	False
MAM00236	R_MAR08396	product	False
MAM01779	R_MAR08396	product	False
MAM01781	R_MAR08397	substrate	False
MAM02685	R_MAR08397	substrate	False
MAM00236	R_MAR08397	product	False
MAM01779	R_MAR08397	product	False
MAM01779	R_MAR08398	substrate	False
MAM02685	R_MAR08398	substrate	False
MAM00236	R_MAR08398	product	False
MAM02020	R_MAR08398	product	False
MAM01782	R_MAR08399	substrate	False
MAM02685	R_MAR08399	substrate	False
MAM00236	R_MAR08399	product	False
MAM02020	R_MAR08399	product	False
MAM02432	R_MAR08401	substrate	False
MAM02685	R_MAR08401	substrate	False
MAM00236	R_MAR08401	product	False
MAM02461	R_MAR08401	product	False
MAM01779	R_MAR08402	substrate	False
MAM02001	R_MAR08402	substrate	False
MAM01780	R_MAR08402	product	False
MAM02022	R_MAR08402	product	False
MAM01780	R_MAR08403	substrate	False
MAM01665	R_MAR08403	product	False
MAM02674	R_MAR08403	product	False
MAM02001	R_MAR08404	substrate	False
MAM02020	R_MAR08404	substrate	False
MAM02021	R_MAR08404	product	False
MAM02022	R_MAR08404	product	False
MAM02021	R_MAR08405	substrate	False
MAM01687	R_MAR08405	product	False
MAM02674	R_MAR08405	product	False
MAM02001	R_MAR08406	substrate	False
MAM02433	R_MAR08406	substrate	False
MAM02022	R_MAR08406	product	False
MAM02434	R_MAR08406	product	False
MAM02001	R_MAR08407	substrate	False
MAM02461	R_MAR08407	substrate	False
MAM02022	R_MAR08407	product	False
MAM02462	R_MAR08407	product	False
MAM01261	R_MAR08416	substrate	False
MAM01974	R_MAR08416	substrate	False
MAM02536	R_MAR08416	product	False
MAM00563	R_MAR08417	substrate	True
MAM02348	R_MAR08417	substrate	True
MAM00577	R_MAR08417	product	True
MAM00563	R_MAR08419	substrate	True
MAM02348	R_MAR08419	substrate	True
MAM00577	R_MAR08419	product	True
MAM01260	R_MAR08421	substrate	False
MAM01252	R_MAR08421	product	False
MAM01513	R_MAR08421	product	False
MAM02738	R_MAR08424	substrate	False
MAM01513	R_MAR08424	product	False
MAM02546	R_MAR08425	substrate	True
MAM01252	R_MAR08425	product	True
MAM02658	R_MAR08425	product	True
MAM01365	R_MAR08426	substrate	False
MAM02658	R_MAR08426	product	False
MAM03121	R_MAR08426	product	False
MAM01620	R_MAR08427	substrate	True
MAM01619	R_MAR08427	product	True
MAM01620	R_MAR08431	substrate	False
MAM01621	R_MAR08431	product	False
MAM02880	R_MAR08432	substrate	False
MAM02980	R_MAR08432	substrate	False
MAM01045	R_MAR08432	product	False
MAM01986	R_MAR08432	product	False
MAM00209	R_MAR08433	substrate	False
MAM01986	R_MAR08433	substrate	False
MAM02878	R_MAR08433	product	False
MAM02878	R_MAR08434	substrate	False
MAM02980	R_MAR08434	substrate	False
MAM00208m	R_MAR08434	product	False
MAM01045	R_MAR08434	product	False
MAM01708	R_MAR08439	substrate	False
MAM01831	R_MAR08439	product	False
MAM02880	R_MAR08439	product	False
MAM01394	R_MAR08440	substrate	False
MAM01393	R_MAR08440	product	False
MAM01513	R_MAR08441	substrate	False
MAM01394	R_MAR08441	product	False
MAM00671	R_MAR08442	substrate	False
MAM02774	R_MAR08442	product	False
MAM01286	R_MAR08443	substrate	False
MAM01334	R_MAR08443	product	False
MAM01967	R_MAR08443	product	False
MAM01287	R_MAR08444	substrate	False
MAM01334	R_MAR08444	product	False
MAM02454	R_MAR08444	product	False
MAM01630	R_MAR08445	substrate	False
MAM01590	R_MAR08445	product	False
MAM01630	R_MAR08446	substrate	False
MAM03123	R_MAR08446	product	False
MAM01680	R_MAR08448	substrate	True
MAM01688	R_MAR08448	product	True
MAM01680	R_MAR08449	substrate	True
MAM01688	R_MAR08449	product	True
MAM01643	R_MAR08450	substrate	True
MAM01680	R_MAR08450	substrate	True
MAM01644	R_MAR08450	product	True
MAM01688	R_MAR08450	product	True
MAM01643	R_MAR08451	substrate	True
MAM01680	R_MAR08451	substrate	True
MAM01644	R_MAR08451	product	True
MAM01688	R_MAR08451	product	True
MAM01643	R_MAR08452	substrate	True
MAM01644	R_MAR08452	product	True
MAM01645	R_MAR08452	product	True
MAM01643	R_MAR08453	substrate	True
MAM01644	R_MAR08453	product	True
MAM01645	R_MAR08453	product	True
MAM01637	R_MAR08454	substrate	True
MAM01643	R_MAR08454	substrate	True
MAM01642	R_MAR08454	product	True
MAM01644	R_MAR08454	product	True
MAM01637	R_MAR08455	substrate	True
MAM01643	R_MAR08455	substrate	True
MAM01642	R_MAR08455	product	True
MAM01644	R_MAR08455	product	True
MAM01643	R_MAR08456	substrate	True
MAM01644	R_MAR08456	product	True
MAM01643	R_MAR08457	substrate	True
MAM01644	R_MAR08457	product	True
MAM01643	R_MAR08459	substrate	True
MAM01644	R_MAR08459	product	True
MAM01643	R_MAR08460	substrate	True
MAM01644	R_MAR08460	product	True
MAM01643	R_MAR08461	substrate	True
MAM01644	R_MAR08461	product	True
MAM01643	R_MAR08462	substrate	True
MAM01644	R_MAR08462	product	True
MAM01643	R_MAR08463	substrate	True
MAM01644	R_MAR08463	product	True
MAM01637	R_MAR08469	substrate	True
MAM01642	R_MAR08469	product	True
MAM01637	R_MAR08470	substrate	True
MAM01642	R_MAR08470	product	True
MAM01643	R_MAR08471	substrate	True
MAM01645	R_MAR08471	product	True
MAM01643	R_MAR08472	substrate	True
MAM01645	R_MAR08472	product	True
MAM01666	R_MAR08473	substrate	False
MAM01671	R_MAR08473	product	False
MAM01644	R_MAR08477	substrate	True
MAM01668	R_MAR08477	product	True
MAM01644	R_MAR08478	substrate	True
MAM01668	R_MAR08478	product	True
MAM01644	R_MAR08479	substrate	True
MAM01668	R_MAR08479	product	True
MAM01668	R_MAR08480	substrate	False
MAM01673	R_MAR08480	product	False
MAM01637	R_MAR08481	substrate	True
MAM01680	R_MAR08481	substrate	True
MAM01642	R_MAR08481	product	True
MAM01686	R_MAR08481	product	True
MAM01756	R_MAR08483	substrate	False
MAM01755	R_MAR08483	product	False
MAM02170	R_MAR08484	substrate	False
MAM02167	R_MAR08484	product	False
MAM01280	R_MAR08486	substrate	True
MAM01279	R_MAR08486	product	True
MAM02844	R_MAR08486	product	True
MAM03114	R_MAR08487	substrate	False
MAM03123	R_MAR08487	product	False
MAM03154	R_MAR08488	substrate	False
MAM03150	R_MAR08488	product	False
MAM02193	R_MAR08489	substrate	False
MAM02167	R_MAR08489	product	False
MAM01644	R_MAR08493	substrate	False
MAM01668	R_MAR08493	product	False
MAM01639	R_MAR08494	substrate	False
MAM01666	R_MAR08494	product	False
MAM01686	R_MAR08495	substrate	False
MAM01669	R_MAR08495	product	False
MAM02475	R_MAR08497	substrate	False
MAM02148	R_MAR08497	product	False
MAM01256	R_MAR08498	substrate	False
MAM02148	R_MAR08498	product	False
MAM02148	R_MAR08499	substrate	False
MAM02475	R_MAR08499	product	False
MAM02148	R_MAR08500	substrate	False
MAM02771	R_MAR08500	product	False
MAM02475	R_MAR08501	substrate	False
MAM01715	R_MAR08501	product	False
MAM00168	R_MAR08502	substrate	True
MAM01715	R_MAR08502	product	True
MAM02026	R_MAR08502	product	True
MAM02329	R_MAR08503	substrate	False
MAM02403	R_MAR08503	product	False
MAM01715	R_MAR08504	substrate	False
MAM01716	R_MAR08504	product	False
MAM02329	R_MAR08506	substrate	False
MAM02403	R_MAR08506	product	False
MAM02771	R_MAR08507	substrate	False
MAM01715	R_MAR08507	product	False
MAM02771	R_MAR08508	substrate	False
MAM02329	R_MAR08508	product	False
MAM01715	R_MAR08509	substrate	False
MAM02771	R_MAR08509	product	False
MAM00168	R_MAR08511	substrate	False
MAM01716	R_MAR08511	product	False
MAM02026	R_MAR08511	product	False
MAM01716	R_MAR08512	substrate	True
MAM02819	R_MAR08512	product	True
MAM01824	R_MAR08514	substrate	False
MAM02403	R_MAR08514	substrate	False
MAM01826	R_MAR08514	product	False
MAM02819	R_MAR08514	product	False
MAM01690	R_MAR08516	substrate	False
MAM02475	R_MAR08516	product	False
MAM01939	R_MAR08517	substrate	False
MAM02475	R_MAR08517	product	False
MAM00626	R_MAR08518	substrate	False
MAM00516	R_MAR08518	product	False
MAM01252	R_MAR08518	product	False
MAM00626	R_MAR08519	substrate	False
MAM00516	R_MAR08519	product	False
MAM01252	R_MAR08519	product	False
MAM00516	R_MAR08521	substrate	False
MAM01261	R_MAR08521	substrate	False
MAM00626	R_MAR08521	product	False
MAM00560	R_MAR08522	substrate	False
MAM00516	R_MAR08522	product	False
MAM10005	R_MAR08522	product	False
MAM02684	R_MAR08523	substrate	False
MAM01513	R_MAR08523	product	False
MAM02728	R_MAR08523	product	False
MAM02684	R_MAR08525	substrate	False
MAM01513	R_MAR08525	product	False
MAM02728	R_MAR08525	product	False
MAM02473	R_MAR08529	substrate	False
MAM01831	R_MAR08529	product	False
MAM01831	R_MAR08530	substrate	True
MAM02026	R_MAR08530	substrate	True
MAM01837	R_MAR08530	product	True
MAM00638	R_MAR08533	substrate	False
MAM02355	R_MAR08533	product	False
MAM03052	R_MAR08534	substrate	False
MAM00734	R_MAR08534	product	False
MAM03099	R_MAR08535	substrate	False
MAM03100	R_MAR08535	product	False
MAM02978	R_MAR08537	substrate	False
MAM03101	R_MAR08537	substrate	False
MAM00965	R_MAR08537	product	False
MAM02354	R_MAR08537	product	False
MAM00965	R_MAR08538	substrate	False
MAM01698	R_MAR08538	product	False
MAM02724	R_MAR08539	substrate	False
MAM02978	R_MAR08539	substrate	False
MAM00965	R_MAR08539	product	False
MAM03101	R_MAR08539	product	False
MAM01053	R_MAR08540	substrate	False
MAM03163	R_MAR08540	substrate	False
MAM02458	R_MAR08540	product	False
MAM03101	R_MAR08541	substrate	False
MAM02354	R_MAR08541	product	False
MAM02354	R_MAR08542	substrate	False
MAM02356	R_MAR08542	product	False
MAM00807	R_MAR08543	substrate	False
MAM02175	R_MAR08543	substrate	False
MAM00739	R_MAR08543	product	False
MAM02174	R_MAR08543	product	False
MAM02175	R_MAR08544	substrate	False
MAM03101	R_MAR08544	substrate	False
MAM00807	R_MAR08544	product	False
MAM02174	R_MAR08544	product	False
MAM01362	R_MAR08545	substrate	False
MAM00306	R_MAR08545	product	False
MAM00013	R_MAR08546	substrate	True
MAM02785	R_MAR08546	product	True
MAM02366	R_MAR08547	substrate	True
MAM01986	R_MAR08547	product	True
MAM02370	R_MAR08547	product	True
MAM02366	R_MAR08548	substrate	True
MAM01974	R_MAR08548	product	True
MAM02418	R_MAR08548	product	True
MAM02370	R_MAR08549	substrate	True
MAM01974	R_MAR08549	product	True
MAM02369	R_MAR08549	product	True
MAM02026	R_MAR08550	substrate	False
MAM02362	R_MAR08550	substrate	False
MAM02366	R_MAR08550	product	False
MAM02418	R_MAR08552	substrate	True
MAM01986	R_MAR08552	product	True
MAM02369	R_MAR08552	product	True
MAM01362	R_MAR08554	substrate	False
MAM00324	R_MAR08554	product	False
MAM01362	R_MAR08555	substrate	False
MAM00428	R_MAR08555	product	False
MAM01362	R_MAR08556	substrate	False
MAM00270	R_MAR08556	product	False
MAM01362	R_MAR08557	substrate	False
MAM02794	R_MAR08557	product	False
MAM01362	R_MAR08558	substrate	False
MAM02794	R_MAR08558	product	False
MAM02783	R_MAR08559	substrate	True
MAM02794	R_MAR08559	product	True
MAM02786	R_MAR08560	substrate	True
MAM02794	R_MAR08560	product	True
MAM00599	R_MAR08561	substrate	False
MAM00585	R_MAR08561	product	False
MAM02168	R_MAR08563	substrate	False
MAM02169	R_MAR08563	product	False
MAM02460	R_MAR08566	substrate	False
MAM01161	R_MAR08566	product	False
MAM02445	R_MAR08568	substrate	False
MAM01840	R_MAR08568	product	False
MAM02448	R_MAR08568	product	False
MAM02445	R_MAR08569	substrate	False
MAM01965	R_MAR08569	product	False
MAM02448	R_MAR08569	product	False
MAM02448	R_MAR08570	substrate	False
MAM01840	R_MAR08570	product	False
MAM02446	R_MAR08570	product	False
MAM02448	R_MAR08571	substrate	False
MAM01965	R_MAR08571	product	False
MAM02446	R_MAR08571	product	False
MAM02446	R_MAR08572	substrate	False
MAM01840	R_MAR08572	product	False
MAM02447	R_MAR08572	product	False
MAM02446	R_MAR08573	substrate	False
MAM01965	R_MAR08573	product	False
MAM02447	R_MAR08573	product	False
MAM02447	R_MAR08574	substrate	False
MAM01840	R_MAR08574	product	False
MAM02449	R_MAR08574	product	False
MAM02447	R_MAR08575	substrate	False
MAM01965	R_MAR08575	product	False
MAM02449	R_MAR08575	product	False
MAM02449	R_MAR08576	substrate	False
MAM01840	R_MAR08576	product	False
MAM02451	R_MAR08576	product	False
MAM02449	R_MAR08577	substrate	False
MAM01965	R_MAR08577	product	False
MAM02451	R_MAR08577	product	False
MAM02451	R_MAR08578	substrate	False
MAM01840	R_MAR08578	product	False
MAM02452	R_MAR08578	product	False
MAM02451	R_MAR08579	substrate	False
MAM01965	R_MAR08579	product	False
MAM02452	R_MAR08579	product	False
MAM02452	R_MAR08580	substrate	False
MAM01840	R_MAR08580	product	False
MAM02450	R_MAR08580	product	False
MAM02452	R_MAR08581	substrate	False
MAM01965	R_MAR08581	product	False
MAM02450	R_MAR08581	product	False
MAM02450	R_MAR08582	substrate	False
MAM01840	R_MAR08582	product	False
MAM02936	R_MAR08583	substrate	False
MAM01965	R_MAR08583	product	False
MAM02937	R_MAR08583	product	False
MAM02937	R_MAR08584	substrate	False
MAM01965	R_MAR08584	product	False
MAM02450	R_MAR08584	product	False
MAM00247	R_MAR08585	substrate	False
MAM01967	R_MAR08585	substrate	False
MAM00913	R_MAR08585	product	False
MAM01966	R_MAR08585	product	False
MAM02450	R_MAR08587	substrate	False
MAM01965	R_MAR08587	product	False
MAM02450	R_MAR08589	substrate	False
MAM01965	R_MAR08589	product	False
MAM02452	R_MAR08591	substrate	False
MAM01965	R_MAR08591	product	False
MAM02450	R_MAR08591	product	False
MAM02452	R_MAR08592	substrate	False
MAM01965	R_MAR08592	product	False
MAM02450	R_MAR08592	product	False
MAM02386	R_MAR08596	substrate	False
MAM00001	R_MAR08596	product	False
MAM02386	R_MAR08598	substrate	False
MAM02712	R_MAR08598	product	False
MAM00002	R_MAR08601	substrate	False
MAM01326	R_MAR08601	product	False
MAM01261	R_MAR08603	substrate	False
MAM02812	R_MAR08603	substrate	False
MAM02547	R_MAR08603	product	False
MAM02547	R_MAR08604	substrate	False
MAM02514	R_MAR08604	product	False
MAM02514	R_MAR08605	substrate	False
MAM00952	R_MAR08605	product	False
MAM02812	R_MAR08606	substrate	False
MAM00969	R_MAR08606	product	False
MAM01016	R_MAR08607	substrate	False
MAM01975	R_MAR08607	substrate	False
MAM01974	R_MAR08607	product	False
MAM02471	R_MAR08607	product	False
MAM01742	R_MAR08608	substrate	False
MAM00558	R_MAR08608	product	False
MAM00559	R_MAR08609	substrate	False
MAM02770	R_MAR08609	product	False
MAM02770	R_MAR08610	substrate	False
MAM00559	R_MAR08610	product	False
MAM02770	R_MAR08611	substrate	False
MAM00559	R_MAR08611	product	False
MAM01361	R_MAR08613	substrate	False
MAM01599	R_MAR08613	product	False
MAM01599	R_MAR08615	substrate	True
MAM01598	R_MAR08615	product	True
MAM01371	R_MAR08616	substrate	True
MAM01598	R_MAR08616	substrate	True
MAM01600	R_MAR08616	product	True
MAM03057	R_MAR08616	product	True
MAM01368	R_MAR08619	substrate	False
MAM02631	R_MAR08619	substrate	False
MAM01655	R_MAR08619	product	False
MAM01655	R_MAR08620	substrate	False
MAM02026	R_MAR08620	substrate	False
MAM01368	R_MAR08620	product	False
MAM02027	R_MAR08620	product	False
MAM01655	R_MAR08621	substrate	False
MAM00573	R_MAR08621	product	False
MAM00573	R_MAR08622	substrate	False
MAM02406	R_MAR08622	product	False
MAM00573	R_MAR08623	substrate	False
MAM02424	R_MAR08623	product	False
MAM00573	R_MAR08624	substrate	False
MAM02661	R_MAR08624	product	False
MAM02992	R_MAR08624	product	False
MAM00573	R_MAR08625	substrate	False
MAM02359	R_MAR08625	product	False
MAM02661	R_MAR08625	product	False
MAM01261	R_MAR08626	substrate	False
MAM01370	R_MAR08626	substrate	False
MAM02532	R_MAR08626	product	False
MAM02532	R_MAR08628	substrate	False
MAM01252	R_MAR08628	product	False
MAM01370	R_MAR08628	product	False
MAM00981	R_MAR08630	substrate	False
MAM01414	R_MAR08630	product	False
MAM01399	R_MAR08634	substrate	False
MAM01396	R_MAR08634	product	False
MAM01632	R_MAR08637	substrate	False
MAM03118	R_MAR08637	product	False
MAM01721	R_MAR08640	substrate	False
MAM02882	R_MAR08640	substrate	False
MAM01722	R_MAR08640	product	False
MAM02881	R_MAR08640	product	False
MAM01721	R_MAR08641	substrate	False
MAM01722	R_MAR08641	product	False
MAM01601	R_MAR08643	substrate	False
MAM01380	R_MAR08643	product	False
MAM01767	R_MAR08643	product	False
MAM01601	R_MAR08645	substrate	False
MAM01380	R_MAR08645	product	False
MAM01767	R_MAR08645	product	False
MAM01767	R_MAR08648	substrate	False
MAM01766	R_MAR08648	product	False
MAM02470	R_MAR08648	product	False
MAM01420	R_MAR08652	substrate	False
MAM01965	R_MAR08652	substrate	False
MAM01968	R_MAR08652	product	False
MAM01961	R_MAR08653	substrate	True
MAM01968	R_MAR08653	product	True
MAM02191	R_MAR08662	substrate	True
MAM02192	R_MAR08662	product	True
MAM02192	R_MAR08663	substrate	True
MAM02191	R_MAR08663	product	True
MAM02192	R_MAR08664	substrate	False
MAM00084	R_MAR08664	product	False
MAM00084	R_MAR08665	substrate	True
MAM02466	R_MAR08665	product	True
MAM00084	R_MAR08666	substrate	False
MAM01261	R_MAR08666	product	False
MAM02819	R_MAR08666	product	False
MAM02466	R_MAR08667	substrate	True
MAM02465	R_MAR08667	product	True
MAM02465	R_MAR08668	substrate	True
MAM02466	R_MAR08668	product	True
MAM02466	R_MAR08669	substrate	False
MAM01261	R_MAR08669	product	False
MAM02819	R_MAR08669	product	False
MAM03109	R_MAR08672	substrate	False
MAM03112	R_MAR08672	product	False
MAM00946	R_MAR08674	substrate	False
MAM01748	R_MAR08674	product	False
MAM01748	R_MAR08675	substrate	False
MAM01749	R_MAR08675	product	False
MAM01629	R_MAR08682	substrate	True
MAM02026	R_MAR08682	substrate	True
MAM01628	R_MAR08682	product	True
MAM02027	R_MAR08682	product	True
MAM01629	R_MAR08683	substrate	False
MAM02819	R_MAR08683	product	False
MAM02987	R_MAR08683	product	False
MAM01306	R_MAR08684	substrate	True
MAM01628	R_MAR08684	substrate	True
MAM01974	R_MAR08684	product	True
MAM02464	R_MAR08684	product	True
MAM00815	R_MAR08685	substrate	False
MAM01628	R_MAR08685	substrate	False
MAM00816	R_MAR08685	product	False
MAM01640	R_MAR08689	substrate	False
MAM01101	R_MAR08689	product	False
MAM01740	R_MAR08690	substrate	False
MAM01073	R_MAR08690	product	False
MAM01732	R_MAR08691	substrate	False
MAM01733	R_MAR08691	product	False
MAM01731	R_MAR08692	substrate	False
MAM01733	R_MAR08692	product	False
MAM01965	R_MAR08692	product	False
MAM02507	R_MAR08693	substrate	False
MAM03111	R_MAR08693	substrate	False
MAM02512	R_MAR08693	product	False
MAM02512	R_MAR08694	substrate	False
MAM03111	R_MAR08694	substrate	False
MAM02515	R_MAR08694	product	False
MAM02515	R_MAR08695	substrate	False
MAM03111	R_MAR08695	substrate	False
MAM02516	R_MAR08695	product	False
MAM01385	R_MAR08697	substrate	False
MAM02832	R_MAR08697	product	False
MAM02833	R_MAR08698	substrate	True
MAM02832	R_MAR08698	product	True
MAM00349	R_MAR08699	substrate	True
MAM00350	R_MAR08699	product	True
MAM02833	R_MAR08700	substrate	False
MAM01006	R_MAR08700	product	False
MAM01230	R_MAR08702	substrate	True
MAM02832	R_MAR08702	product	True
MAM02833	R_MAR08703	substrate	False
MAM01026	R_MAR08703	product	False
MAM00348	R_MAR08704	substrate	True
MAM01026	R_MAR08704	product	True
MAM00350	R_MAR08706	substrate	False
MAM00348	R_MAR08706	product	False
MAM00290	R_MAR08709	substrate	True
MAM00291	R_MAR08709	product	True
MAM00349	R_MAR08710	substrate	True
MAM00351	R_MAR08710	product	True
MAM00291	R_MAR08711	substrate	True
MAM02834	R_MAR08711	product	True
MAM02833	R_MAR08712	substrate	False
MAM02835	R_MAR08712	product	False
MAM02833	R_MAR08713	substrate	False
MAM03109	R_MAR08713	substrate	False
MAM02836	R_MAR08713	product	False
MAM00350	R_MAR08717	substrate	False
MAM03109	R_MAR08717	substrate	False
MAM00353	R_MAR08717	product	False
MAM02816	R_MAR08724	substrate	False
MAM02815	R_MAR08724	product	False
MAM02818	R_MAR08725	substrate	False
MAM02817	R_MAR08725	product	False
MAM01743	R_MAR08726	substrate	False
MAM02846	R_MAR08726	product	False
MAM03109	R_MAR08727	substrate	False
MAM01684	R_MAR08727	product	False
MAM01684	R_MAR08728	substrate	False
MAM01973	R_MAR08728	product	False
MAM03109	R_MAR08729	substrate	False
MAM01973	R_MAR08729	product	False
MAM01155	R_MAR08738	substrate	False
MAM01170	R_MAR08738	product	False
MAM03057	R_MAR08738	product	False
MAM01170	R_MAR08739	substrate	False
MAM02978	R_MAR08739	product	False
MAM01115	R_MAR08740	substrate	False
MAM01698	R_MAR08740	substrate	False
MAM01045	R_MAR08740	product	False
MAM02978	R_MAR08740	product	False
MAM02984	R_MAR08744	substrate	False
MAM02983	R_MAR08744	product	False
MAM02819	R_MAR08746	substrate	False
MAM02984	R_MAR08746	substrate	False
MAM00561	R_MAR08746	product	False
MAM02983	R_MAR08748	substrate	False
MAM02982	R_MAR08748	product	False
MAM02470	R_MAR08752	substrate	False
MAM01831	R_MAR08752	product	False
MAM02159	R_MAR08755	substrate	False
MAM03148	R_MAR08755	product	False
MAM01796	R_MAR08757	substrate	False
MAM01249	R_MAR08757	product	False
MAM01745	R_MAR08761	substrate	False
MAM01746	R_MAR08761	product	False
MAM01746	R_MAR08762	substrate	True
MAM01690	R_MAR08762	product	True
MAM01981	R_MAR08762	product	True
MAM02332	R_MAR08764	substrate	False
MAM01910	R_MAR08764	product	False
MAM01965	R_MAR08764	product	False
MAM01910	R_MAR08766	substrate	True
MAM01909	R_MAR08766	product	True
MAM01322	R_MAR08767	substrate	False
MAM03107	R_MAR08767	product	False
MAM01949	R_MAR08768	substrate	False
MAM01950	R_MAR08768	product	False
MAM01307	R_MAR08769	substrate	False
MAM02026	R_MAR08769	substrate	False
MAM00097	R_MAR08769	product	False
MAM01626	R_MAR08769	product	False
MAM00097	R_MAR08770	substrate	False
MAM01127	R_MAR08770	product	False
MAM01307	R_MAR08770	product	False
MAM01759	R_MAR08772	substrate	False
MAM01760	R_MAR08772	product	False
MAM01760	R_MAR08773	substrate	True
MAM01690	R_MAR08773	product	True
MAM01997	R_MAR08773	product	True
MAM02154	R_MAR08774	substrate	False
MAM01997	R_MAR08774	product	False
MAM01997	R_MAR08775	substrate	False
MAM01998	R_MAR08775	product	False
MAM02154	R_MAR08777	substrate	False
MAM01997	R_MAR08777	product	False
MAM01997	R_MAR08778	substrate	False
MAM01998	R_MAR08778	product	False
MAM02007	R_MAR08779	substrate	False
MAM01998	R_MAR08779	product	False
MAM02007	R_MAR08780	substrate	False
MAM02661	R_MAR08780	product	False
MAM01982	R_MAR08781	substrate	False
MAM00674	R_MAR08781	product	False
MAM02154	R_MAR08782	substrate	False
MAM01982	R_MAR08782	product	False
MAM02124	R_MAR08783	substrate	False
MAM02165	R_MAR08783	product	False
MAM02165	R_MAR08784	substrate	False
MAM02166	R_MAR08784	product	False
MAM02165	R_MAR08786	substrate	False
MAM02166	R_MAR08786	product	False
MAM02480	R_MAR08787	substrate	False
MAM02774	R_MAR08787	product	False
MAM02554	R_MAR08788	substrate	False
MAM01289	R_MAR08788	product	False
MAM02583	R_MAR08788	product	False
MAM01371	R_MAR08790	substrate	False
MAM02581	R_MAR08790	substrate	False
MAM02552	R_MAR08790	product	False
MAM02583	R_MAR08791	substrate	True
MAM02844	R_MAR08791	substrate	True
MAM02582	R_MAR08791	product	True
MAM02741	R_MAR08792	substrate	False
MAM02679	R_MAR08792	product	False
MAM02720	R_MAR08794	substrate	False
MAM02721	R_MAR08794	product	False
MAM01975	R_MAR08795	substrate	False
MAM02721	R_MAR08795	substrate	False
MAM02722	R_MAR08795	product	False
MAM01986	R_MAR08796	substrate	False
MAM02721	R_MAR08796	substrate	False
MAM02723	R_MAR08796	product	False
MAM00522	R_MAR08799	substrate	False
MAM00521	R_MAR08799	product	False
MAM00523	R_MAR08800	substrate	False
MAM00521	R_MAR08800	product	False
MAM00524	R_MAR08801	substrate	False
MAM02172	R_MAR08801	product	False
MAM02172	R_MAR08802	substrate	False
MAM02173	R_MAR08802	product	False
MAM00525	R_MAR08803	substrate	False
MAM00521	R_MAR08803	product	False
MAM01718	R_MAR08804	substrate	False
MAM00525	R_MAR08804	product	False
MAM01718	R_MAR08805	substrate	False
MAM00522	R_MAR08805	product	False
MAM00526	R_MAR08806	substrate	False
MAM02173	R_MAR08806	product	False
MAM02734	R_MAR08807	substrate	False
MAM02736	R_MAR08807	product	False
MAM02734	R_MAR08808	substrate	False
MAM00551	R_MAR08808	product	False
MAM00551	R_MAR08809	substrate	False
MAM00553	R_MAR08809	product	False
MAM00551	R_MAR08810	substrate	False
MAM00552	R_MAR08810	product	False
MAM00551	R_MAR08811	substrate	False
MAM02734	R_MAR08811	product	False
MAM00552	R_MAR08812	substrate	False
MAM02750	R_MAR08812	product	False
MAM00552	R_MAR08813	substrate	False
MAM00551	R_MAR08813	product	False
MAM00552	R_MAR08814	substrate	False
MAM00551	R_MAR08814	product	False
MAM00552	R_MAR08815	substrate	False
MAM02735	R_MAR08815	product	False
MAM02736	R_MAR08816	substrate	False
MAM02734	R_MAR08816	product	False
MAM02736	R_MAR08817	substrate	False
MAM00553	R_MAR08817	product	False
MAM02736	R_MAR08818	substrate	False
MAM00237	R_MAR08818	product	False
MAM01718	R_MAR08818	product	False
MAM00553	R_MAR08819	substrate	False
MAM00551	R_MAR08819	product	False
MAM00553	R_MAR08820	substrate	False
MAM02750	R_MAR08820	product	False
MAM00553	R_MAR08821	substrate	False
MAM02736	R_MAR08821	product	False
MAM00553	R_MAR08822	substrate	False
MAM00237	R_MAR08822	product	False
MAM00526	R_MAR08822	product	False
MAM00553	R_MAR08823	substrate	False
MAM00237	R_MAR08823	product	False
MAM00526	R_MAR08823	product	False
MAM00554	R_MAR08824	substrate	False
MAM02735	R_MAR08824	product	False
MAM00554	R_MAR08825	substrate	False
MAM02735	R_MAR08825	product	False
MAM00554	R_MAR08826	substrate	False
MAM02736	R_MAR08826	product	False
MAM02750	R_MAR08827	substrate	False
MAM00552	R_MAR08827	product	False
MAM02750	R_MAR08829	substrate	False
MAM00552	R_MAR08829	product	False
MAM02750	R_MAR08830	substrate	False
MAM00553	R_MAR08830	product	False
MAM02750	R_MAR08831	substrate	False
MAM00554	R_MAR08831	product	False
MAM02750	R_MAR08833	substrate	False
MAM00237	R_MAR08833	product	False
MAM02173	R_MAR08833	product	False
MAM00531	R_MAR08835	substrate	False
MAM00521	R_MAR08835	product	False
MAM00531	R_MAR08836	substrate	False
MAM00521	R_MAR08836	product	False
MAM01802	R_MAR08968	substrate	False
MAM01334	R_MAR08968	product	False
MAM01828	R_MAR08968	product	False
MAM01828	R_MAR08969	substrate	False
MAM02842	R_MAR08969	product	False
MAM01968	R_MAR08971	substrate	False
MAM01961	R_MAR08971	product	False
MAM02157	R_MAR08974	substrate	False
MAM02961	R_MAR08974	product	False
MAM02170	R_MAR08975	substrate	False
MAM02167	R_MAR08975	product	False
MAM01597	R_MAR08978	substrate	False
MAM01674	R_MAR08978	product	False
MAM03714	R_MAR08979	substrate	False
MAM01986	R_MAR08979	product	False
MAM02360	R_MAR08979	product	False
MAM02439	R_MAR08981	substrate	True
MAM02633	R_MAR08981	product	True
MAM02938	R_MAR08983	substrate	False
MAM02941	R_MAR08983	product	False
MAM02741	R_MAR08984	substrate	False
MAM02679	R_MAR08984	product	False
MAM02679	R_MAR08986	substrate	False
MAM01627	R_MAR08986	product	False
MAM02680	R_MAR08986	product	False
MAM01628	R_MAR08993	substrate	True
MAM02949	R_MAR08993	substrate	True
MAM03933	R_MAR08993	product	True
MAM02494	R_MAR08996	substrate	False
MAM02495	R_MAR08996	product	False
MAM02957	R_MAR09022	substrate	False
MAM02956	R_MAR09022	product	False
MAM02959	R_MAR09022	product	False
MAM01678	R_MAR09464	substrate	False
MAM01677	R_MAR09464	product	False
MAM01965	R_MAR09464	product	False
MAM02185	R_MAR09465	substrate	False
MAM01965	R_MAR09465	product	False
MAM00520	R_MAR09466	substrate	True
MAM01848	R_MAR09466	product	True
MAM01847	R_MAR09467	substrate	True
MAM01846	R_MAR09467	product	True
MAM02573	R_MAR09468	substrate	False
MAM02571	R_MAR09468	product	False
MAM02572	R_MAR09468	product	False
MAM01763	R_MAR09469	substrate	False
MAM01762	R_MAR09469	product	False
MAM01764	R_MAR09469	product	False
MAM02417	R_MAR09470	substrate	True
MAM02383	R_MAR09470	product	True
MAM00570	R_MAR09471	substrate	False
MAM00921	R_MAR09471	product	False
MAM02568	R_MAR09472	substrate	False
MAM02566	R_MAR09472	product	False
MAM02567	R_MAR09472	product	False
MAM02570	R_MAR09473	substrate	False
MAM02360	R_MAR09473	product	False
MAM02569	R_MAR09473	product	False
MAM02123	R_MAR09474	substrate	False
MAM02654	R_MAR09474	product	False
MAM02916	R_MAR09475	substrate	False
MAM01307	R_MAR09475	product	False
MAM01986	R_MAR09475	product	False
MAM02915	R_MAR09475	product	False
MAM03040	R_MAR09476	substrate	False
MAM01127	R_MAR09476	product	False
MAM02126	R_MAR09476	product	False
MAM02551	R_MAR09477	substrate	False
MAM02429	R_MAR09477	product	False
MAM02550	R_MAR09477	product	False
MAM01387	R_MAR09478	substrate	False
MAM01386	R_MAR09478	product	False
MAM02184	R_MAR09478	product	False
MAM02563	R_MAR09479	substrate	False
MAM02184	R_MAR09479	product	False
MAM02562	R_MAR09479	product	False
MAM01348	R_MAR09480	substrate	False
MAM01347	R_MAR09480	product	False
MAM02724	R_MAR09480	product	False
MAM02318	R_MAR09481	substrate	False
MAM02315	R_MAR09481	product	False
MAM02360	R_MAR09481	product	False
MAM02724	R_MAR09481	product	False
MAM02318	R_MAR09482	substrate	False
MAM02316	R_MAR09482	product	False
MAM02360	R_MAR09482	product	False
MAM02318	R_MAR09483	substrate	False
MAM02314	R_MAR09483	product	False
MAM02317	R_MAR09483	product	False
MAM02360	R_MAR09483	product	False
MAM02671	R_MAR09484	substrate	False
MAM02016	R_MAR09484	product	False
MAM02034	R_MAR09484	product	False
MAM01437	R_MAR09485	substrate	False
MAM01436	R_MAR09485	product	False
MAM02527	R_MAR09485	product	False
MAM02655	R_MAR09486	substrate	False
MAM02993	R_MAR09486	product	False
MAM00136	R_MAR09487	substrate	True
MAM02552	R_MAR09487	substrate	True
MAM00137	R_MAR09487	product	True
MAM02583	R_MAR09487	product	True
MAM00193	R_MAR09488	substrate	False
MAM00192	R_MAR09488	product	False
MAM00192	R_MAR09489	substrate	False
MAM00193	R_MAR09489	product	False
MAM03104	R_MAR09490	substrate	False
MAM02988	R_MAR09490	product	False
MAM03105	R_MAR09490	product	False
MAM00204	R_MAR09491	substrate	False
MAM03105	R_MAR09491	substrate	False
MAM00214	R_MAR09491	product	False
MAM02709	R_MAR09492	substrate	True
MAM02710	R_MAR09492	product	True
MAM00190	R_MAR09493	substrate	False
MAM00191	R_MAR09493	product	False
MAM00191	R_MAR09494	substrate	False
MAM00190	R_MAR09494	product	False
MAM02128	R_MAR09495	substrate	True
MAM01261	R_MAR09495	product	True
MAM02127	R_MAR09495	product	True
MAM00201	R_MAR09496	substrate	False
MAM01310	R_MAR09496	substrate	False
MAM00207	R_MAR09496	product	False
MAM02579	R_MAR09496	product	False
MAM01360	R_MAR09497	substrate	False
MAM01285	R_MAR09497	product	False
MAM01334	R_MAR09497	product	False
MAM00200	R_MAR09498	substrate	False
MAM01719	R_MAR09498	substrate	False
MAM00216	R_MAR09498	product	False
MAM01720	R_MAR09498	product	False
MAM02918	R_MAR09499	substrate	False
MAM00200	R_MAR09499	product	False
MAM02674	R_MAR09499	product	False
MAM00203	R_MAR09500	substrate	True
MAM00202	R_MAR09500	product	True
MAM01826	R_MAR09501	substrate	True
MAM01824	R_MAR09501	product	True
MAM02669	R_MAR09502	substrate	False
MAM01985	R_MAR09502	product	False
MAM02668	R_MAR09502	product	False
MAM02840	R_MAR09503	substrate	False
MAM02743	R_MAR09503	product	False
MAM01166	R_MAR09504	substrate	True
MAM02989	R_MAR09504	product	True
MAM01317	R_MAR09505	substrate	True
MAM01676	R_MAR09505	product	True
MAM03101	R_MAR09505	product	True
MAM00915	R_MAR09506	substrate	False
MAM02755	R_MAR09506	product	False
MAM01129	R_MAR09507	substrate	False
MAM02755	R_MAR09507	product	False
MAM00096	R_MAR09508	substrate	False
MAM02034	R_MAR09508	substrate	False
MAM01864	R_MAR09508	product	False
MAM01864	R_MAR09509	substrate	True
MAM02438	R_MAR09509	product	True
MAM02437	R_MAR09510	substrate	True
MAM02438	R_MAR09510	product	True
MAM02436	R_MAR09511	substrate	True
MAM02435	R_MAR09511	product	True
MAM02627	R_MAR09512	substrate	True
MAM02005	R_MAR09512	product	True
MAM02495	R_MAR09512	product	True
MAM02577	R_MAR09513	substrate	False
MAM01588	R_MAR09513	product	False
MAM01707	R_MAR09513	product	False
MAM03053	R_MAR09514	substrate	False
MAM03054	R_MAR09514	product	False
MAM02545	R_MAR09515	substrate	False
MAM01252	R_MAR09515	product	False
MAM02543	R_MAR09515	product	False
MAM00220	R_MAR09516	substrate	False
MAM00219	R_MAR09516	product	False
MAM00219	R_MAR09517	substrate	False
MAM00220	R_MAR09517	product	False
MAM02037	R_MAR09518	substrate	True
MAM03086	R_MAR09518	substrate	True
MAM02820	R_MAR09518	product	True
MAM03084	R_MAR09518	product	True
MAM03061	R_MAR09519	substrate	True
MAM03084	R_MAR09519	product	True
MAM03062	R_MAR09520	substrate	True
MAM03084	R_MAR09520	product	True
MAM03059	R_MAR09521	substrate	True
MAM03058	R_MAR09521	product	True
MAM02626	R_MAR09522	substrate	False
MAM02625	R_MAR09522	product	False
MAM03083	R_MAR09522	product	False
MAM01706	R_MAR09523	substrate	False
MAM03083	R_MAR09523	substrate	False
MAM03060	R_MAR09523	product	False
MAM03085	R_MAR09524	substrate	True
MAM03087	R_MAR09524	product	True
MAM01367	R_MAR09525	substrate	True
MAM02474	R_MAR09525	product	True
MAM01251	R_MAR09527	substrate	True
MAM01261	R_MAR09527	product	True
MAM01341	R_MAR09527	product	True
MAM00187	R_MAR09528	substrate	False
MAM02737	R_MAR09528	product	False
MAM02542	R_MAR09529	substrate	False
MAM01307	R_MAR09529	product	False
MAM02541	R_MAR09529	product	False
MAM02513	R_MAR09530	substrate	False
MAM01370	R_MAR09530	product	False
MAM02521	R_MAR09530	product	False
MAM01018	R_MAR09531	substrate	False
MAM02521	R_MAR09531	product	False
MAM02702	R_MAR09531	product	False
MAM01306	R_MAR09532	substrate	False
MAM02702	R_MAR09532	substrate	False
MAM02701	R_MAR09532	product	False
MAM02943	R_MAR09532	product	False
MAM00155	R_MAR09534	substrate	False
MAM02169	R_MAR09534	product	False
MAM00823	R_MAR09535	substrate	True
MAM00822	R_MAR09535	product	True
MAM02911	R_MAR09536	substrate	False
MAM01983	R_MAR09536	product	False
MAM02173	R_MAR09536	product	False
MAM02911	R_MAR09537	substrate	False
MAM02171	R_MAR09537	product	False
MAM02914	R_MAR09537	product	False
MAM03145	R_MAR09538	substrate	True
MAM02829	R_MAR09538	product	True
MAM02664	R_MAR09539	substrate	False
MAM03145	R_MAR09539	substrate	False
MAM01713	R_MAR09539	product	False
MAM03144	R_MAR09539	product	False
MAM01713	R_MAR09540	substrate	False
MAM02889	R_MAR09540	substrate	False
MAM01307	R_MAR09540	product	False
MAM02664	R_MAR09540	product	False
MAM02886	R_MAR09540	product	False
MAM02339	R_MAR09541	substrate	True
MAM03064	R_MAR09541	substrate	True
MAM02340	R_MAR09541	product	True
MAM01655	R_MAR09542	substrate	True
MAM02706	R_MAR09542	substrate	True
MAM01368	R_MAR09542	product	True
MAM02707	R_MAR09542	product	True
MAM02375	R_MAR09543	substrate	False
MAM01128	R_MAR09543	product	False
MAM02704	R_MAR09544	substrate	True
MAM02703	R_MAR09544	product	True
MAM02708	R_MAR09545	substrate	False
MAM02579	R_MAR09545	product	False
MAM02705	R_MAR09545	product	False
MAM02848	R_MAR09546	substrate	False
MAM02849	R_MAR09546	product	False
MAM02427	R_MAR09547	substrate	True
MAM03111	R_MAR09547	substrate	True
MAM02428	R_MAR09547	product	True
MAM02002	R_MAR09548	substrate	True
MAM02003	R_MAR09548	product	True
MAM02527	R_MAR09548	product	True
MAM02700	R_MAR09549	substrate	True
MAM02699	R_MAR09549	product	True
MAM00188	R_MAR09550	substrate	True
MAM00189	R_MAR09550	product	True
MAM01838	R_MAR09551	substrate	False
MAM01833	R_MAR09551	product	False
MAM02472	R_MAR09551	product	False
MAM01710	R_MAR09552	substrate	False
MAM02493	R_MAR09552	product	False
MAM01306	R_MAR09553	substrate	False
MAM02768	R_MAR09553	substrate	False
MAM02767	R_MAR09553	product	False
MAM02943	R_MAR09553	product	False
MAM00683	R_MAR09554	substrate	False
MAM00774	R_MAR09554	product	False
MAM10005	R_MAR09554	product	False
MAM01581	R_MAR09555	substrate	False
MAM01578	R_MAR09555	product	False
MAM01965	R_MAR09555	product	False
MAM02333	R_MAR09556	substrate	False
MAM02332	R_MAR09556	product	False
MAM02537	R_MAR09557	substrate	False
MAM02535	R_MAR09557	product	False
MAM00675	R_MAR09558	substrate	False
MAM01998	R_MAR09558	product	False
MAM02628	R_MAR09559	substrate	False
MAM01594	R_MAR09559	product	False
MAM00632	R_MAR09560	substrate	False
MAM01591	R_MAR09560	product	False
MAM02837	R_MAR09561	substrate	False
MAM02674	R_MAR09561	product	False
MAM02834	R_MAR09561	product	False
MAM02602	R_MAR09562	substrate	False
MAM00537	R_MAR09562	product	False
MAM02713	R_MAR09563	substrate	False
MAM02711	R_MAR09563	product	False
MAM02713	R_MAR09564	substrate	False
MAM02711	R_MAR09564	product	False
MAM03031	R_MAR09565	substrate	False
MAM00773	R_MAR09565	product	False
MAM03031	R_MAR09566	substrate	False
MAM00773	R_MAR09566	product	False
MAM01579	R_MAR09567	substrate	False
MAM00773	R_MAR09567	product	False
MAM01579	R_MAR09568	substrate	False
MAM00773	R_MAR09568	product	False
MAM01020	R_MAR09569	substrate	False
MAM02754	R_MAR09569	product	False
MAM02670	R_MAR09570	substrate	False
MAM01334	R_MAR09570	product	False
MAM01371	R_MAR09570	product	False
MAM01926	R_MAR09571	substrate	False
MAM01974	R_MAR09571	product	False
MAM02326	R_MAR09571	product	False
MAM01974	R_MAR09572	substrate	False
MAM02326	R_MAR09572	substrate	False
MAM01925	R_MAR09572	product	False
MAM00994	R_MAR09573	substrate	False
MAM03109	R_MAR09573	substrate	False
MAM02825	R_MAR09573	product	False
MAM00994	R_MAR09574	substrate	False
MAM03109	R_MAR09574	substrate	False
MAM02825	R_MAR09574	product	False
MAM01114	R_MAR09575	substrate	False
MAM02890	R_MAR09575	substrate	False
MAM02891	R_MAR09575	product	False
MAM02979	R_MAR09575	product	False
MAM01957	R_MAR09717	substrate	False
MAM02049	R_MAR09717	substrate	False
MAM02050	R_MAR09717	product	False
MAM02136	R_MAR09718	substrate	False
MAM02655	R_MAR09718	product	False
MAM00108	R_MAR09719	substrate	False
MAM01261	R_MAR09719	product	False
MAM02744	R_MAR09722	substrate	False
MAM03159	R_MAR09722	product	False
MAM01100	R_MAR09726	substrate	False
MAM01974	R_MAR09726	substrate	False
MAM02980	R_MAR09726	product	False
MAM10011	R_MAR09726	product	False
MAM03108	R_MAR09727	substrate	False
MAM03161	R_MAR09727	product	False
MAM00199	R_MAR09735	substrate	False
MAM01588	R_MAR09735	product	False
MAM01279	R_MAR09797	substrate	False
MAM02159	R_MAR09797	product	False
MAM01638	R_MAR09798	substrate	False
MAM03164	R_MAR09798	product	False
MAM03165	R_MAR09799	substrate	True
MAM02884	R_MAR09799	product	True
MAM03165	R_MAR09800	substrate	True
MAM03166	R_MAR09800	product	True
MAM02381	R_MAR09801	substrate	True
MAM03167	R_MAR09801	product	True
MAM01975	R_MAR09802	substrate	False
MAM01974	R_MAR09802	product	False
MAM02444	R_MAR09803	substrate	True
MAM03168	R_MAR09803	product	True
MAM00799	R_MAR09804	substrate	True
MAM03168	R_MAR09804	product	True
MAM02912	R_MAR09805	substrate	False
MAM01983	R_MAR09805	product	False
MAM02738	R_MAR09805	product	False
MAM02026	R_MAR09806	substrate	False
MAM03169	R_MAR09806	substrate	False
MAM02027	R_MAR09806	product	False
MAM03170	R_MAR09806	product	False
MAM03167	R_MAR09807	substrate	False
MAM00631	R_MAR09807	product	False
MAM01307	R_MAR09817	product	False
MAM01369	R_MAR09817	product	False
MAM01370	R_MAR09817	product	False
MAM01628	R_MAR09817	product	False
MAM01974	R_MAR09817	product	False
MAM01975	R_MAR09817	product	False
MAM01986	R_MAR09817	product	False
MAM02125	R_MAR09817	product	False
MAM02184	R_MAR09817	product	False
MAM02360	R_MAR09817	product	False
MAM02426	R_MAR09817	product	False
MAM02471	R_MAR09817	product	False
MAM02724	R_MAR09817	product	False
MAM02770	R_MAR09817	product	False
MAM02896	R_MAR09817	product	False
MAM02993	R_MAR09817	product	False
MAM03089	R_MAR09817	product	False
MAM03101	R_MAR09817	product	False
MAM03135	R_MAR09817	product	False
MAM01307	R_MAR09818	product	False
MAM01365	R_MAR09818	product	False
MAM01369	R_MAR09818	product	False
MAM01370	R_MAR09818	product	False
MAM01628	R_MAR09818	product	False
MAM01974	R_MAR09818	product	False
MAM01975	R_MAR09818	product	False
MAM01986	R_MAR09818	product	False
MAM02125	R_MAR09818	product	False
MAM02184	R_MAR09818	product	False
MAM02360	R_MAR09818	product	False
MAM02426	R_MAR09818	product	False
MAM02471	R_MAR09818	product	False
MAM02724	R_MAR09818	product	False
MAM02770	R_MAR09818	product	False
MAM02896	R_MAR09818	product	False
MAM02993	R_MAR09818	product	False
MAM03089	R_MAR09818	product	False
MAM03101	R_MAR09818	product	False
MAM03135	R_MAR09818	product	False
MAM01362	R_MAR09870	substrate	False
MAM01364	R_MAR09870	product	False
MAM02385	R_MAR09894	substrate	False
MAM02971	R_MAR09894	product	False
MAM01278	R_MAR09933	substrate	False
MAM03419	R_MAR09933	product	False
MAM02789	R_MAR09934	substrate	True
MAM01892	R_MAR09934	product	True
MAM00670	R_MAR09935	substrate	True
MAM03410	R_MAR09935	product	True
MAM03882	R_MAR09936	substrate	True
MAM02725	R_MAR09936	product	True
MAM00971	R_MAR09937	substrate	False
MAM03433	R_MAR09937	product	False
MAM02495	R_MAR09938	substrate	False
MAM04040	R_MAR09938	product	False
MAM02125	R_MAR09939	substrate	True
MAM03247	R_MAR09939	product	True
MAM01420	R_MAR09940	substrate	True
MAM02426	R_MAR09940	substrate	True
MAM03681	R_MAR09940	product	True
MAM01986	R_MAR09941	substrate	False
MAM02721	R_MAR09941	substrate	False
MAM03862	R_MAR09941	product	False
MAM04077	R_MAR09942	substrate	False
MAM01450	R_MAR09942	product	False
MAM01932	R_MAR09942	product	False
MAM04076	R_MAR09943	substrate	False
MAM01450	R_MAR09943	product	False
MAM02387	R_MAR09943	product	False
MAM04075	R_MAR09944	substrate	False
MAM01450	R_MAR09944	product	False
MAM01585	R_MAR09944	product	False
MAM04079	R_MAR09945	substrate	False
MAM01450	R_MAR09945	product	False
MAM01784	R_MAR09945	product	False
MAM04078	R_MAR09946	substrate	False
MAM01362	R_MAR09946	product	False
MAM01450	R_MAR09946	product	False
MAM04080	R_MAR09947	substrate	False
MAM01450	R_MAR09947	product	False
MAM01689	R_MAR09947	product	False
MAM00009	R_MAR09948	substrate	False
MAM03569	R_MAR09948	product	False
MAM03974	R_MAR09950	substrate	False
MAM03976	R_MAR09950	product	False
MAM02912	R_MAR09951	substrate	False
MAM01513	R_MAR09951	product	False
MAM03619	R_MAR09951	product	False
MAM03401	R_MAR09952	substrate	True
MAM01252	R_MAR09952	product	True
MAM02426	R_MAR09952	product	True
MAM02471	R_MAR09953	substrate	True
MAM02819	R_MAR09953	substrate	True
MAM01307	R_MAR09953	product	True
MAM03276	R_MAR09953	product	True
MAM03276	R_MAR09954	substrate	False
MAM03248	R_MAR09954	product	False
MAM03619	R_MAR09958	substrate	True
MAM02914	R_MAR09958	product	True
MAM03232	R_MAR09971	substrate	False
MAM03233	R_MAR09971	product	False
MAM03396	R_MAR09992	substrate	True
MAM02425	R_MAR09992	product	True
MAM10007	R_MAR10061	substrate	False
MAM03417	R_MAR10061	product	False
MAM00580	R_MAR10066	substrate	False
MAM02769	R_MAR10066	product	False
MAM00521	R_MAR10067	substrate	False
MAM00525	R_MAR10067	product	False
MAM00525	R_MAR10068	substrate	False
MAM01718	R_MAR10068	product	False
MAM01667	R_MAR10069	substrate	False
MAM01986	R_MAR10069	substrate	False
MAM01989	R_MAR10069	product	False
MAM02664	R_MAR10070	substrate	False
MAM10017	R_MAR10070	substrate	False
MAM01713	R_MAR10070	product	False
MAM10016	R_MAR10070	product	False
MAM10019	R_MAR10071	substrate	False
MAM01072	R_MAR10071	product	False
MAM10020	R_MAR10072	substrate	False
MAM00409	R_MAR10072	product	False
MAM10021	R_MAR10080	substrate	False
MAM10035	R_MAR10080	product	False
MAM10035	R_MAR10092	substrate	False
MAM10021	R_MAR10092	product	False
MAM02961	R_MAR10093	substrate	False
MAM10035	R_MAR10093	substrate	False
MAM10024	R_MAR10093	product	False
MAM10022	R_MAR10094	substrate	False
MAM10036	R_MAR10094	product	False
MAM10036	R_MAR10095	substrate	False
MAM10022	R_MAR10095	product	False
MAM02961	R_MAR10096	substrate	False
MAM10036	R_MAR10096	substrate	False
MAM10032	R_MAR10096	product	False
MAM10025	R_MAR10097	substrate	False
MAM10037	R_MAR10097	product	False
MAM10037	R_MAR10098	substrate	False
MAM10025	R_MAR10098	product	False
MAM02961	R_MAR10099	substrate	False
MAM10037	R_MAR10099	substrate	False
MAM10031	R_MAR10099	product	False
MAM10030	R_MAR10105	substrate	False
MAM10038	R_MAR10105	product	False
MAM10038	R_MAR10106	substrate	False
MAM10030	R_MAR10106	product	False
MAM02961	R_MAR10107	substrate	False
MAM10038	R_MAR10107	substrate	False
MAM10026	R_MAR10107	product	False
MAM01986	R_MAR10108	substrate	False
MAM10038	R_MAR10108	substrate	False
MAM10027	R_MAR10108	product	False
MAM10023	R_MAR10111	substrate	False
MAM10039	R_MAR10111	product	False
MAM10039	R_MAR10112	substrate	False
MAM10023	R_MAR10112	product	False
MAM02961	R_MAR10113	substrate	False
MAM10039	R_MAR10113	substrate	False
MAM10034	R_MAR10113	product	False
MAM01986	R_MAR10114	substrate	False
MAM10039	R_MAR10114	substrate	False
MAM10029	R_MAR10114	product	False
MAM10018	R_MAR10116	substrate	False
MAM01313	R_MAR10116	product	False
MAM02155	R_MAR10121	substrate	False
MAM10040	R_MAR10121	product	False
MAM10040	R_MAR10122	substrate	False
MAM02155	R_MAR10122	product	False
MAM02961	R_MAR10123	substrate	False
MAM10040	R_MAR10123	substrate	False
MAM10041	R_MAR10123	product	False
MAM01986	R_MAR10124	substrate	False
MAM10040	R_MAR10124	substrate	False
MAM10028	R_MAR10124	product	False
MAM03129	R_MAR10128	substrate	False
MAM10042	R_MAR10128	product	False
MAM10042	R_MAR10129	substrate	False
MAM03129	R_MAR10129	product	False
MAM02961	R_MAR10130	substrate	False
MAM10042	R_MAR10130	substrate	False
MAM02966	R_MAR10130	product	False
MAM01986	R_MAR10131	substrate	False
MAM10042	R_MAR10131	substrate	False
MAM02004	R_MAR10131	product	False
MAM01261	R_MAR10357	substrate	False
MAM01986	R_MAR10357	substrate	False
MAM03397	R_MAR10357	product	False
MAM01261	R_MAR10358	substrate	False
MAM02426	R_MAR10358	substrate	False
MAM03401	R_MAR10358	product	False
MAM02122	R_MAR10374	substrate	False
MAM02120	R_MAR10374	product	False
MAM02122	R_MAR10377	substrate	False
MAM02120	R_MAR10377	product	False
MAM02795	R_MAR10395	substrate	True
MAM01892	R_MAR10395	product	True
MAM01261	R_MAR10403	substrate	False
MAM02993	R_MAR10403	substrate	False
MAM03406	R_MAR10403	product	False
MAM02994	R_MAR10406	substrate	True
MAM02995	R_MAR10406	product	True
MAM01261	R_MAR10412	substrate	False
MAM02184	R_MAR10412	substrate	False
MAM03399	R_MAR10412	product	False
MAM01261	R_MAR10416	substrate	False
MAM02360	R_MAR10416	substrate	False
MAM03400	R_MAR10416	product	False
MAM03109	R_MAR10443	substrate	False
MAM03233	R_MAR10443	substrate	False
MAM03234	R_MAR10443	product	False
MAM01261	R_MAR10444	substrate	False
MAM02136	R_MAR10444	substrate	False
MAM03398	R_MAR10444	product	False
MAM02961	R_MAR10445	substrate	False
MAM04061	R_MAR10445	substrate	False
MAM02966	R_MAR10445	product	False
MAM01986	R_MAR10446	substrate	False
MAM04061	R_MAR10446	substrate	False
MAM02004	R_MAR10446	product	False
MAM01435	R_MAR10448	substrate	False
MAM03313	R_MAR10448	product	False
MAM03313	R_MAR10449	substrate	False
MAM03129	R_MAR10449	product	False
MAM03129	R_MAR10450	substrate	False
MAM04061	R_MAR10450	product	False
MAM01380	R_MAR10457	substrate	False
MAM03485	R_MAR10457	product	False
MAM01986	R_MAR10458	substrate	False
MAM03485	R_MAR10458	substrate	False
MAM02123	R_MAR10458	product	False
MAM01986	R_MAR10459	substrate	True
MAM02721	R_MAR10459	substrate	True
MAM02723	R_MAR10459	product	True
MAM03836	R_MAR10460	substrate	False
MAM03837	R_MAR10460	product	False
MAM03701	R_MAR10461	substrate	False
MAM03702	R_MAR10461	product	False
MAM03702	R_MAR10462	substrate	False
MAM03703	R_MAR10462	product	False
MAM03231	R_MAR10470	substrate	True
MAM03232	R_MAR10470	product	True
MAM03411	R_MAR10981	substrate	False
MAM01307	R_MAR10981	product	False
MAM01365	R_MAR10981	product	False
MAM01628	R_MAR10981	product	False
MAM03412	R_MAR10982	substrate	False
MAM01307	R_MAR10982	product	False
MAM01365	R_MAR10982	product	False
MAM01986	R_MAR10982	product	False
MAM03413	R_MAR10983	substrate	False
MAM01307	R_MAR10983	product	False
MAM01369	R_MAR10983	product	False
MAM02360	R_MAR10983	product	False
MAM03414	R_MAR10984	substrate	False
MAM01307	R_MAR10984	product	False
MAM01986	R_MAR10984	product	False
MAM02426	R_MAR10984	product	False
MAM03415	R_MAR10985	substrate	False
MAM01307	R_MAR10985	product	False
MAM02125	R_MAR10985	product	False
MAM03416	R_MAR10986	substrate	False
MAM01307	R_MAR10986	product	False
MAM02426	R_MAR10986	product	False
MAM02993	R_MAR10986	product	False
MAM01365	R_MAR10987	substrate	False
MAM03164	R_MAR10987	substrate	False
MAM03435	R_MAR10987	product	False
MAM03436	R_MAR10988	substrate	False
MAM01307	R_MAR10988	product	False
MAM01365	R_MAR10988	product	False
MAM02724	R_MAR10988	product	False
MAM03437	R_MAR10989	substrate	False
MAM01307	R_MAR10989	product	False
MAM01365	R_MAR10989	product	False
MAM02993	R_MAR10989	product	False
MAM03438	R_MAR10990	substrate	False
MAM01365	R_MAR10990	product	False
MAM03439	R_MAR10991	substrate	False
MAM01365	R_MAR10991	product	False
MAM02426	R_MAR10991	product	False
MAM03440	R_MAR10992	substrate	False
MAM01365	R_MAR10992	product	False
MAM02471	R_MAR10992	product	False
MAM03441	R_MAR10993	substrate	False
MAM01365	R_MAR10993	product	False
MAM01628	R_MAR10993	product	False
MAM01986	R_MAR10993	product	False
MAM03442	R_MAR10994	substrate	False
MAM01365	R_MAR10994	product	False
MAM01628	R_MAR10994	product	False
MAM02896	R_MAR10994	product	False
MAM03443	R_MAR10995	substrate	False
MAM01365	R_MAR10995	product	False
MAM01974	R_MAR10995	product	False
MAM03444	R_MAR10996	substrate	False
MAM01365	R_MAR10996	product	False
MAM01974	R_MAR10996	product	False
MAM02770	R_MAR10996	product	False
MAM01365	R_MAR10997	substrate	False
MAM03621	R_MAR10997	substrate	False
MAM03445	R_MAR10997	product	False
MAM03446	R_MAR10998	substrate	False
MAM01365	R_MAR10998	product	False
MAM02125	R_MAR10998	product	False
MAM02993	R_MAR10998	product	False
MAM03447	R_MAR10999	substrate	False
MAM01365	R_MAR10999	product	False
MAM02360	R_MAR10999	product	False
MAM02724	R_MAR10999	product	False
MAM03448	R_MAR11000	substrate	False
MAM01365	R_MAR11000	product	False
MAM01370	R_MAR11000	product	False
MAM02426	R_MAR11000	product	False
MAM03449	R_MAR11001	substrate	False
MAM01365	R_MAR11001	product	False
MAM02724	R_MAR11001	product	False
MAM03450	R_MAR11002	substrate	False
MAM01365	R_MAR11002	product	False
MAM02471	R_MAR11002	product	False
MAM02770	R_MAR11002	product	False
MAM03451	R_MAR11003	substrate	False
MAM01365	R_MAR11003	product	False
MAM02770	R_MAR11003	product	False
MAM02993	R_MAR11003	product	False
MAM03452	R_MAR11004	substrate	False
MAM01365	R_MAR11004	product	False
MAM02896	R_MAR11004	product	False
MAM03453	R_MAR11005	substrate	False
MAM01365	R_MAR11005	product	False
MAM03101	R_MAR11005	product	False
MAM03135	R_MAR11005	product	False
MAM03454	R_MAR11006	substrate	False
MAM01365	R_MAR11006	product	False
MAM01628	R_MAR11006	product	False
MAM03135	R_MAR11006	product	False
MAM03455	R_MAR11007	substrate	False
MAM01365	R_MAR11007	product	False
MAM03089	R_MAR11007	product	False
MAM03135	R_MAR11007	product	False
MAM03456	R_MAR11008	substrate	False
MAM01365	R_MAR11008	product	False
MAM01369	R_MAR11008	product	False
MAM03457	R_MAR11009	substrate	False
MAM01369	R_MAR11009	product	False
MAM01628	R_MAR11009	product	False
MAM03458	R_MAR11010	substrate	False
MAM01369	R_MAR11010	product	False
MAM02471	R_MAR11010	product	False
MAM02770	R_MAR11010	product	False
MAM03459	R_MAR11011	substrate	False
MAM01369	R_MAR11011	product	False
MAM01370	R_MAR11011	product	False
MAM02724	R_MAR11011	product	False
MAM03460	R_MAR11012	substrate	False
MAM01369	R_MAR11012	product	False
MAM01628	R_MAR11012	product	False
MAM02724	R_MAR11012	product	False
MAM03461	R_MAR11013	substrate	False
MAM01369	R_MAR11013	product	False
MAM01986	R_MAR11013	product	False
MAM03101	R_MAR11013	product	False
MAM03462	R_MAR11014	substrate	False
MAM01369	R_MAR11014	product	False
MAM02724	R_MAR11014	product	False
MAM03101	R_MAR11014	product	False
MAM03463	R_MAR11015	substrate	False
MAM01369	R_MAR11015	product	False
MAM02993	R_MAR11015	product	False
MAM03101	R_MAR11015	product	False
MAM03464	R_MAR11016	substrate	False
MAM01307	R_MAR11016	product	False
MAM01365	R_MAR11016	product	False
MAM01370	R_MAR11016	product	False
MAM03465	R_MAR11017	substrate	False
MAM01369	R_MAR11017	product	False
MAM01370	R_MAR11017	product	False
MAM01974	R_MAR11017	product	False
MAM03466	R_MAR11018	substrate	False
MAM01370	R_MAR11018	product	False
MAM01974	R_MAR11018	product	False
MAM03467	R_MAR11019	substrate	False
MAM01370	R_MAR11019	product	False
MAM01974	R_MAR11019	product	False
MAM02770	R_MAR11019	product	False
MAM03468	R_MAR11020	substrate	False
MAM01370	R_MAR11020	product	False
MAM01974	R_MAR11020	product	False
MAM03089	R_MAR11020	product	False
MAM03469	R_MAR11021	substrate	False
MAM01370	R_MAR11021	product	False
MAM01628	R_MAR11021	product	False
MAM02125	R_MAR11021	product	False
MAM03470	R_MAR11022	substrate	False
MAM01370	R_MAR11022	product	False
MAM02125	R_MAR11022	product	False
MAM02770	R_MAR11022	product	False
MAM03471	R_MAR11023	substrate	False
MAM01370	R_MAR11023	product	False
MAM01974	R_MAR11023	product	False
MAM02426	R_MAR11023	product	False
MAM03472	R_MAR11024	substrate	False
MAM01370	R_MAR11024	product	False
MAM02125	R_MAR11024	product	False
MAM02426	R_MAR11024	product	False
MAM03473	R_MAR11025	substrate	False
MAM01370	R_MAR11025	product	False
MAM02471	R_MAR11025	product	False
MAM03474	R_MAR11026	substrate	False
MAM01370	R_MAR11026	product	False
MAM02426	R_MAR11026	product	False
MAM02770	R_MAR11026	product	False
MAM03475	R_MAR11027	substrate	False
MAM01369	R_MAR11027	product	False
MAM01370	R_MAR11027	product	False
MAM03135	R_MAR11027	product	False
MAM03527	R_MAR11028	substrate	False
MAM01369	R_MAR11028	product	False
MAM01628	R_MAR11028	product	False
MAM02471	R_MAR11028	product	False
MAM03528	R_MAR11029	substrate	False
MAM01370	R_MAR11029	product	False
MAM01628	R_MAR11029	product	False
MAM02724	R_MAR11029	product	False
MAM03529	R_MAR11030	substrate	False
MAM01628	R_MAR11030	product	False
MAM03530	R_MAR11031	substrate	False
MAM01628	R_MAR11031	product	False
MAM01975	R_MAR11031	product	False
MAM02471	R_MAR11031	product	False
MAM03531	R_MAR11032	substrate	False
MAM01628	R_MAR11032	product	False
MAM01974	R_MAR11032	product	False
MAM02125	R_MAR11032	product	False
MAM03532	R_MAR11033	substrate	False
MAM01628	R_MAR11033	product	False
MAM01974	R_MAR11033	product	False
MAM03089	R_MAR11033	product	False
MAM03533	R_MAR11034	substrate	False
MAM01628	R_MAR11034	product	False
MAM02360	R_MAR11034	product	False
MAM02993	R_MAR11034	product	False
MAM03534	R_MAR11035	substrate	False
MAM01628	R_MAR11035	product	False
MAM02471	R_MAR11035	product	False
MAM02896	R_MAR11035	product	False
MAM03535	R_MAR11036	substrate	False
MAM01369	R_MAR11036	product	False
MAM01628	R_MAR11036	product	False
MAM03101	R_MAR11036	product	False
MAM03596	R_MAR11037	substrate	False
MAM01369	R_MAR11037	product	False
MAM01975	R_MAR11037	product	False
MAM03597	R_MAR11038	substrate	False
MAM01975	R_MAR11038	product	False
MAM02125	R_MAR11038	product	False
MAM03598	R_MAR11039	substrate	False
MAM01975	R_MAR11039	product	False
MAM02125	R_MAR11039	product	False
MAM02426	R_MAR11039	product	False
MAM03599	R_MAR11040	substrate	False
MAM01975	R_MAR11040	product	False
MAM02426	R_MAR11040	product	False
MAM03600	R_MAR11041	substrate	False
MAM01975	R_MAR11041	product	False
MAM02426	R_MAR11041	product	False
MAM03089	R_MAR11041	product	False
MAM03601	R_MAR11042	substrate	False
MAM01974	R_MAR11042	product	False
MAM01975	R_MAR11042	product	False
MAM02770	R_MAR11042	product	False
MAM03602	R_MAR11043	substrate	False
MAM01974	R_MAR11043	product	False
MAM01975	R_MAR11043	product	False
MAM03089	R_MAR11043	product	False
MAM03603	R_MAR11044	substrate	False
MAM01975	R_MAR11044	product	False
MAM02360	R_MAR11044	product	False
MAM03101	R_MAR11044	product	False
MAM03606	R_MAR11045	substrate	False
MAM01365	R_MAR11045	product	False
MAM01974	R_MAR11045	product	False
MAM02360	R_MAR11045	product	False
MAM03607	R_MAR11046	substrate	False
MAM01369	R_MAR11046	product	False
MAM01974	R_MAR11046	product	False
MAM02360	R_MAR11046	product	False
MAM03608	R_MAR11047	substrate	False
MAM01974	R_MAR11047	product	False
MAM03609	R_MAR11048	substrate	False
MAM01974	R_MAR11048	product	False
MAM02184	R_MAR11048	product	False
MAM02426	R_MAR11048	product	False
MAM03610	R_MAR11049	substrate	False
MAM01974	R_MAR11049	product	False
MAM02360	R_MAR11049	product	False
MAM03611	R_MAR11050	substrate	False
MAM01974	R_MAR11050	product	False
MAM02471	R_MAR11050	product	False
MAM03612	R_MAR11051	substrate	False
MAM01974	R_MAR11051	product	False
MAM02125	R_MAR11051	product	False
MAM02471	R_MAR11051	product	False
MAM03616	R_MAR11052	substrate	False
MAM01974	R_MAR11052	product	False
MAM02993	R_MAR11052	product	False
MAM03617	R_MAR11053	substrate	False
MAM01974	R_MAR11053	product	False
MAM02426	R_MAR11053	product	False
MAM02993	R_MAR11053	product	False
MAM03618	R_MAR11054	substrate	False
MAM01307	R_MAR11054	product	False
MAM01974	R_MAR11054	product	False
MAM03089	R_MAR11054	product	False
MAM03624	R_MAR11055	substrate	False
MAM01369	R_MAR11055	product	False
MAM01986	R_MAR11055	product	False
MAM02125	R_MAR11055	product	False
MAM03625	R_MAR11056	substrate	False
MAM01986	R_MAR11056	product	False
MAM02125	R_MAR11056	product	False
MAM02426	R_MAR11056	product	False
MAM03627	R_MAR11057	substrate	False
MAM01628	R_MAR11057	product	False
MAM01986	R_MAR11057	product	False
MAM02426	R_MAR11057	product	False
MAM03628	R_MAR11058	substrate	False
MAM01986	R_MAR11058	product	False
MAM02426	R_MAR11058	product	False
MAM02724	R_MAR11058	product	False
MAM03632	R_MAR11059	substrate	False
MAM01986	R_MAR11059	product	False
MAM02426	R_MAR11059	product	False
MAM03101	R_MAR11059	product	False
MAM03633	R_MAR11060	substrate	False
MAM01986	R_MAR11060	product	False
MAM02125	R_MAR11060	product	False
MAM03135	R_MAR11060	product	False
MAM03662	R_MAR11061	substrate	False
MAM01365	R_MAR11061	product	False
MAM01628	R_MAR11061	product	False
MAM02125	R_MAR11061	product	False
MAM03663	R_MAR11062	substrate	False
MAM01365	R_MAR11062	product	False
MAM02125	R_MAR11062	product	False
MAM02896	R_MAR11062	product	False
MAM03664	R_MAR11063	substrate	False
MAM01370	R_MAR11063	product	False
MAM02125	R_MAR11063	product	False
MAM03665	R_MAR11064	substrate	False
MAM01628	R_MAR11064	product	False
MAM02125	R_MAR11064	product	False
MAM03666	R_MAR11065	substrate	False
MAM01307	R_MAR11065	product	False
MAM01975	R_MAR11065	product	False
MAM02125	R_MAR11065	product	False
MAM03667	R_MAR11066	substrate	False
MAM01974	R_MAR11066	product	False
MAM02125	R_MAR11066	product	False
MAM03668	R_MAR11067	substrate	False
MAM01974	R_MAR11067	product	False
MAM01975	R_MAR11067	product	False
MAM02125	R_MAR11067	product	False
MAM03669	R_MAR11068	substrate	False
MAM01986	R_MAR11068	product	False
MAM02125	R_MAR11068	product	False
MAM02426	R_MAR11068	product	False
MAM03670	R_MAR11069	substrate	False
MAM02125	R_MAR11069	product	False
MAM02426	R_MAR11069	product	False
MAM03671	R_MAR11070	substrate	False
MAM01307	R_MAR11070	product	False
MAM02125	R_MAR11070	product	False
MAM02426	R_MAR11070	product	False
MAM03672	R_MAR11071	substrate	False
MAM01974	R_MAR11071	product	False
MAM02125	R_MAR11071	product	False
MAM02426	R_MAR11071	product	False
MAM03673	R_MAR11072	substrate	False
MAM02125	R_MAR11072	product	False
MAM02184	R_MAR11072	product	False
MAM02426	R_MAR11072	product	False
MAM03674	R_MAR11073	substrate	False
MAM02125	R_MAR11073	product	False
MAM02426	R_MAR11073	product	False
MAM02993	R_MAR11073	product	False
MAM03675	R_MAR11074	substrate	False
MAM02125	R_MAR11074	product	False
MAM02426	R_MAR11074	product	False
MAM03135	R_MAR11074	product	False
MAM03676	R_MAR11075	substrate	False
MAM02125	R_MAR11075	product	False
MAM02471	R_MAR11075	product	False
MAM03677	R_MAR11076	substrate	False
MAM01975	R_MAR11076	product	False
MAM02125	R_MAR11076	product	False
MAM02471	R_MAR11076	product	False
MAM03678	R_MAR11077	substrate	False
MAM01365	R_MAR11077	product	False
MAM02125	R_MAR11077	product	False
MAM02724	R_MAR11077	product	False
MAM03679	R_MAR11078	substrate	False
MAM02125	R_MAR11078	product	False
MAM02426	R_MAR11078	product	False
MAM02770	R_MAR11078	product	False
MAM03680	R_MAR11079	substrate	False
MAM02125	R_MAR11079	product	False
MAM03089	R_MAR11079	product	False
MAM03693	R_MAR11080	substrate	False
MAM01365	R_MAR11080	product	False
MAM02184	R_MAR11080	product	False
MAM03694	R_MAR11081	substrate	False
MAM01369	R_MAR11081	product	False
MAM02125	R_MAR11081	product	False
MAM02184	R_MAR11081	product	False
MAM03695	R_MAR11082	substrate	False
MAM01370	R_MAR11082	product	False
MAM02184	R_MAR11082	product	False
MAM03696	R_MAR11083	substrate	False
MAM01974	R_MAR11083	product	False
MAM01975	R_MAR11083	product	False
MAM02184	R_MAR11083	product	False
MAM03697	R_MAR11084	substrate	False
MAM01365	R_MAR11084	product	False
MAM01986	R_MAR11084	product	False
MAM02184	R_MAR11084	product	False
MAM03698	R_MAR11085	substrate	False
MAM02184	R_MAR11085	product	False
MAM02426	R_MAR11085	product	False
MAM02770	R_MAR11085	product	False
MAM03699	R_MAR11086	substrate	False
MAM01365	R_MAR11086	product	False
MAM02184	R_MAR11086	product	False
MAM02896	R_MAR11086	product	False
MAM03700	R_MAR11087	substrate	False
MAM02184	R_MAR11087	product	False
MAM03089	R_MAR11087	product	False
MAM03101	R_MAR11087	product	False
MAM03711	R_MAR11088	substrate	False
MAM01307	R_MAR11088	product	False
MAM01365	R_MAR11088	product	False
MAM02360	R_MAR11088	product	False
MAM03712	R_MAR11089	substrate	False
MAM01369	R_MAR11089	product	False
MAM01370	R_MAR11089	product	False
MAM02360	R_MAR11089	product	False
MAM03713	R_MAR11090	substrate	False
MAM01370	R_MAR11090	product	False
MAM02360	R_MAR11090	product	False
MAM02426	R_MAR11090	product	False
MAM03716	R_MAR11091	substrate	False
MAM02360	R_MAR11091	product	False
MAM03089	R_MAR11091	product	False
MAM03717	R_MAR11092	substrate	False
MAM02360	R_MAR11092	product	False
MAM02770	R_MAR11092	product	False
MAM03718	R_MAR11093	substrate	False
MAM01365	R_MAR11093	product	False
MAM02360	R_MAR11093	product	False
MAM02770	R_MAR11093	product	False
MAM03719	R_MAR11094	substrate	False
MAM02360	R_MAR11094	product	False
MAM02896	R_MAR11094	product	False
MAM03089	R_MAR11094	product	False
MAM03720	R_MAR11095	substrate	False
MAM02360	R_MAR11095	product	False
MAM03089	R_MAR11095	product	False
MAM03721	R_MAR11096	substrate	False
MAM01365	R_MAR11096	product	False
MAM02360	R_MAR11096	product	False
MAM03089	R_MAR11096	product	False
MAM03722	R_MAR11097	substrate	False
MAM02360	R_MAR11097	product	False
MAM03101	R_MAR11097	product	False
MAM03723	R_MAR11098	substrate	False
MAM02360	R_MAR11098	product	False
MAM03135	R_MAR11098	product	False
MAM03738	R_MAR11099	substrate	False
MAM01365	R_MAR11099	product	False
MAM02360	R_MAR11099	product	False
MAM02426	R_MAR11099	product	False
MAM03739	R_MAR11100	substrate	False
MAM01628	R_MAR11100	product	False
MAM02125	R_MAR11100	product	False
MAM02426	R_MAR11100	product	False
MAM03740	R_MAR11101	substrate	False
MAM01975	R_MAR11101	product	False
MAM02426	R_MAR11101	product	False
MAM02724	R_MAR11101	product	False
MAM03741	R_MAR11102	substrate	False
MAM01974	R_MAR11102	product	False
MAM02426	R_MAR11102	product	False
MAM03742	R_MAR11103	substrate	False
MAM02426	R_MAR11103	product	False
MAM03743	R_MAR11104	substrate	False
MAM02184	R_MAR11104	product	False
MAM02426	R_MAR11104	product	False
MAM02724	R_MAR11104	product	False
MAM03744	R_MAR11105	substrate	False
MAM01365	R_MAR11105	product	False
MAM02426	R_MAR11105	product	False
MAM03089	R_MAR11105	product	False
MAM03745	R_MAR11106	substrate	False
MAM02184	R_MAR11106	product	False
MAM02426	R_MAR11106	product	False
MAM03101	R_MAR11106	product	False
MAM03746	R_MAR11107	substrate	False
MAM02426	R_MAR11107	product	False
MAM02724	R_MAR11107	product	False
MAM03135	R_MAR11107	product	False
MAM03747	R_MAR11108	substrate	False
MAM02426	R_MAR11108	product	False
MAM03089	R_MAR11108	product	False
MAM03135	R_MAR11108	product	False
MAM03760	R_MAR11109	substrate	False
MAM01365	R_MAR11109	product	False
MAM02360	R_MAR11109	product	False
MAM02471	R_MAR11109	product	False
MAM03761	R_MAR11110	substrate	False
MAM01369	R_MAR11110	product	False
MAM02471	R_MAR11110	product	False
MAM03101	R_MAR11110	product	False
MAM03762	R_MAR11111	substrate	False
MAM01975	R_MAR11111	product	False
MAM02471	R_MAR11111	product	False
MAM03101	R_MAR11111	product	False
MAM03763	R_MAR11112	substrate	False
MAM01365	R_MAR11112	product	False
MAM01986	R_MAR11112	product	False
MAM02471	R_MAR11112	product	False
MAM03764	R_MAR11113	substrate	False
MAM02125	R_MAR11113	product	False
MAM02426	R_MAR11113	product	False
MAM02471	R_MAR11113	product	False
MAM03767	R_MAR11114	substrate	False
MAM02184	R_MAR11114	product	False
MAM02471	R_MAR11114	product	False
MAM03768	R_MAR11115	substrate	False
MAM01365	R_MAR11115	product	False
MAM02471	R_MAR11115	product	False
MAM02724	R_MAR11115	product	False
MAM03769	R_MAR11116	substrate	False
MAM02471	R_MAR11116	product	False
MAM02724	R_MAR11116	product	False
MAM03089	R_MAR11116	product	False
MAM03864	R_MAR11117	substrate	False
MAM01369	R_MAR11117	product	False
MAM02471	R_MAR11117	product	False
MAM02724	R_MAR11117	product	False
MAM03865	R_MAR11118	substrate	False
MAM01370	R_MAR11118	product	False
MAM02724	R_MAR11118	product	False
MAM03866	R_MAR11119	substrate	False
MAM01975	R_MAR11119	product	False
MAM02724	R_MAR11119	product	False
MAM03867	R_MAR11120	substrate	False
MAM02360	R_MAR11120	product	False
MAM02724	R_MAR11120	product	False
MAM03868	R_MAR11121	substrate	False
MAM01370	R_MAR11121	product	False
MAM02360	R_MAR11121	product	False
MAM02724	R_MAR11121	product	False
MAM03869	R_MAR11122	substrate	False
MAM02125	R_MAR11122	product	False
MAM02360	R_MAR11122	product	False
MAM02724	R_MAR11122	product	False
MAM03870	R_MAR11123	substrate	False
MAM01307	R_MAR11123	product	False
MAM02426	R_MAR11123	product	False
MAM02724	R_MAR11123	product	False
MAM03871	R_MAR11124	substrate	False
MAM02426	R_MAR11124	product	False
MAM02724	R_MAR11124	product	False
MAM02770	R_MAR11124	product	False
MAM03872	R_MAR11125	substrate	False
MAM02724	R_MAR11125	product	False
MAM03873	R_MAR11126	substrate	False
MAM01369	R_MAR11126	product	False
MAM02724	R_MAR11126	product	False
MAM03874	R_MAR11127	substrate	False
MAM02724	R_MAR11127	product	False
MAM02993	R_MAR11127	product	False
MAM03875	R_MAR11128	substrate	False
MAM01365	R_MAR11128	product	False
MAM02724	R_MAR11128	product	False
MAM02770	R_MAR11128	product	False
MAM03876	R_MAR11129	substrate	False
MAM02724	R_MAR11129	product	False
MAM02896	R_MAR11129	product	False
MAM03089	R_MAR11129	product	False
MAM03877	R_MAR11130	substrate	False
MAM02426	R_MAR11130	product	False
MAM02724	R_MAR11130	product	False
MAM02993	R_MAR11130	product	False
MAM03878	R_MAR11131	substrate	False
MAM02360	R_MAR11131	product	False
MAM02724	R_MAR11131	product	False
MAM03089	R_MAR11131	product	False
MAM03879	R_MAR11132	substrate	False
MAM02724	R_MAR11132	product	False
MAM03101	R_MAR11132	product	False
MAM03880	R_MAR11133	substrate	False
MAM01975	R_MAR11133	product	False
MAM02724	R_MAR11133	product	False
MAM03101	R_MAR11133	product	False
MAM03881	R_MAR11134	substrate	False
MAM02426	R_MAR11134	product	False
MAM02724	R_MAR11134	product	False
MAM03101	R_MAR11134	product	False
MAM03888	R_MAR11135	substrate	False
MAM01365	R_MAR11135	product	False
MAM01370	R_MAR11135	product	False
MAM02770	R_MAR11135	product	False
MAM03889	R_MAR11136	substrate	False
MAM01365	R_MAR11136	product	False
MAM01628	R_MAR11136	product	False
MAM02770	R_MAR11136	product	False
MAM03890	R_MAR11137	substrate	False
MAM01369	R_MAR11137	product	False
MAM01628	R_MAR11137	product	False
MAM02770	R_MAR11137	product	False
MAM03891	R_MAR11138	substrate	False
MAM01628	R_MAR11138	product	False
MAM02770	R_MAR11138	product	False
MAM03894	R_MAR11139	substrate	False
MAM01975	R_MAR11139	product	False
MAM02770	R_MAR11139	product	False
MAM03895	R_MAR11140	substrate	False
MAM01974	R_MAR11140	product	False
MAM02426	R_MAR11140	product	False
MAM02770	R_MAR11140	product	False
MAM03897	R_MAR11141	substrate	False
MAM02125	R_MAR11141	product	False
MAM02770	R_MAR11141	product	False
MAM03898	R_MAR11142	substrate	False
MAM02125	R_MAR11142	product	False
MAM02770	R_MAR11142	product	False
MAM03101	R_MAR11142	product	False
MAM03899	R_MAR11143	substrate	False
MAM01365	R_MAR11143	product	False
MAM02360	R_MAR11143	product	False
MAM02770	R_MAR11143	product	False
MAM03900	R_MAR11144	substrate	False
MAM02426	R_MAR11144	product	False
MAM02770	R_MAR11144	product	False
MAM03901	R_MAR11145	substrate	False
MAM02724	R_MAR11145	product	False
MAM02770	R_MAR11145	product	False
MAM03902	R_MAR11146	substrate	False
MAM01365	R_MAR11146	product	False
MAM02770	R_MAR11146	product	False
MAM03903	R_MAR11147	substrate	False
MAM02770	R_MAR11147	product	False
MAM03904	R_MAR11148	substrate	False
MAM02426	R_MAR11148	product	False
MAM02770	R_MAR11148	product	False
MAM03089	R_MAR11148	product	False
MAM03905	R_MAR11149	substrate	False
MAM02770	R_MAR11149	product	False
MAM02993	R_MAR11149	product	False
MAM03089	R_MAR11149	product	False
MAM03906	R_MAR11150	substrate	False
MAM01975	R_MAR11150	product	False
MAM02770	R_MAR11150	product	False
MAM03135	R_MAR11150	product	False
MAM03925	R_MAR11151	substrate	False
MAM01307	R_MAR11151	product	False
MAM01365	R_MAR11151	product	False
MAM02896	R_MAR11151	product	False
MAM03926	R_MAR11152	substrate	False
MAM01365	R_MAR11152	product	False
MAM02896	R_MAR11152	product	False
MAM03089	R_MAR11152	product	False
MAM03927	R_MAR11153	substrate	False
MAM01365	R_MAR11153	product	False
MAM01628	R_MAR11153	product	False
MAM02896	R_MAR11153	product	False
MAM03928	R_MAR11154	substrate	False
MAM01974	R_MAR11154	product	False
MAM01986	R_MAR11154	product	False
MAM02896	R_MAR11154	product	False
MAM03929	R_MAR11155	substrate	False
MAM02125	R_MAR11155	product	False
MAM02426	R_MAR11155	product	False
MAM02896	R_MAR11155	product	False
MAM03930	R_MAR11156	substrate	False
MAM02426	R_MAR11156	product	False
MAM02724	R_MAR11156	product	False
MAM02896	R_MAR11156	product	False
MAM03931	R_MAR11157	substrate	False
MAM02125	R_MAR11157	product	False
MAM02896	R_MAR11157	product	False
MAM03089	R_MAR11157	product	False
MAM03983	R_MAR11158	substrate	False
MAM01365	R_MAR11158	product	False
MAM02993	R_MAR11158	product	False
MAM03101	R_MAR11158	product	False
MAM03984	R_MAR11159	substrate	False
MAM01369	R_MAR11159	product	False
MAM02993	R_MAR11159	product	False
MAM03101	R_MAR11159	product	False
MAM03986	R_MAR11160	substrate	False
MAM01974	R_MAR11160	product	False
MAM01975	R_MAR11160	product	False
MAM02993	R_MAR11160	product	False
MAM03987	R_MAR11161	substrate	False
MAM01975	R_MAR11161	product	False
MAM02993	R_MAR11161	product	False
MAM03101	R_MAR11161	product	False
MAM03988	R_MAR11162	substrate	False
MAM02125	R_MAR11162	product	False
MAM02993	R_MAR11162	product	False
MAM03989	R_MAR11163	substrate	False
MAM01365	R_MAR11163	product	False
MAM02184	R_MAR11163	product	False
MAM02993	R_MAR11163	product	False
MAM03990	R_MAR11164	substrate	False
MAM01365	R_MAR11164	product	False
MAM02471	R_MAR11164	product	False
MAM02993	R_MAR11164	product	False
MAM03991	R_MAR11165	substrate	False
MAM01365	R_MAR11165	product	False
MAM02724	R_MAR11165	product	False
MAM02993	R_MAR11165	product	False
MAM03992	R_MAR11166	substrate	False
MAM01365	R_MAR11166	product	False
MAM02896	R_MAR11166	product	False
MAM02993	R_MAR11166	product	False
MAM03993	R_MAR11167	substrate	False
MAM01365	R_MAR11167	product	False
MAM02993	R_MAR11167	product	False
MAM03994	R_MAR11168	substrate	False
MAM02471	R_MAR11168	product	False
MAM02993	R_MAR11168	product	False
MAM03101	R_MAR11168	product	False
MAM04008	R_MAR11169	substrate	False
MAM01307	R_MAR11169	product	False
MAM02770	R_MAR11169	product	False
MAM03089	R_MAR11169	product	False
MAM04009	R_MAR11170	substrate	False
MAM01307	R_MAR11170	product	False
MAM01365	R_MAR11170	product	False
MAM03089	R_MAR11170	product	False
MAM04010	R_MAR11171	substrate	False
MAM01370	R_MAR11171	product	False
MAM03089	R_MAR11171	product	False
MAM04011	R_MAR11172	substrate	False
MAM01975	R_MAR11172	product	False
MAM03089	R_MAR11172	product	False
MAM04012	R_MAR11173	substrate	False
MAM01974	R_MAR11173	product	False
MAM01986	R_MAR11173	product	False
MAM03089	R_MAR11173	product	False
MAM04013	R_MAR11174	substrate	False
MAM01974	R_MAR11174	product	False
MAM02360	R_MAR11174	product	False
MAM03089	R_MAR11174	product	False
MAM04014	R_MAR11175	substrate	False
MAM01974	R_MAR11175	product	False
MAM02770	R_MAR11175	product	False
MAM03089	R_MAR11175	product	False
MAM04015	R_MAR11176	substrate	False
MAM01974	R_MAR11176	product	False
MAM03089	R_MAR11176	product	False
MAM03101	R_MAR11176	product	False
MAM03089	R_MAR11177	substrate	False
MAM03626	R_MAR11177	substrate	False
MAM04017	R_MAR11177	product	False
MAM03089	R_MAR11178	substrate	False
MAM03629	R_MAR11178	substrate	False
MAM04018	R_MAR11178	product	False
MAM04019	R_MAR11179	substrate	False
MAM01986	R_MAR11179	product	False
MAM03089	R_MAR11179	product	False
MAM03135	R_MAR11179	product	False
MAM04020	R_MAR11180	substrate	False
MAM02125	R_MAR11180	product	False
MAM02471	R_MAR11180	product	False
MAM03089	R_MAR11180	product	False
MAM04021	R_MAR11181	substrate	False
MAM02184	R_MAR11181	product	False
MAM02426	R_MAR11181	product	False
MAM03089	R_MAR11181	product	False
MAM04022	R_MAR11182	substrate	False
MAM02184	R_MAR11182	product	False
MAM03089	R_MAR11182	product	False
MAM04023	R_MAR11183	substrate	False
MAM02360	R_MAR11183	product	False
MAM03089	R_MAR11183	product	False
MAM03135	R_MAR11183	product	False
MAM04024	R_MAR11184	substrate	False
MAM02426	R_MAR11184	product	False
MAM03089	R_MAR11184	product	False
MAM04025	R_MAR11185	substrate	False
MAM01365	R_MAR11185	product	False
MAM02471	R_MAR11185	product	False
MAM03089	R_MAR11185	product	False
MAM04026	R_MAR11186	substrate	False
MAM02471	R_MAR11186	product	False
MAM03089	R_MAR11186	product	False
MAM03135	R_MAR11186	product	False
MAM04027	R_MAR11187	substrate	False
MAM02724	R_MAR11187	product	False
MAM03089	R_MAR11187	product	False
MAM03089	R_MAR11188	substrate	False
MAM03896	R_MAR11188	substrate	False
MAM04028	R_MAR11188	product	False
MAM04029	R_MAR11189	substrate	False
MAM02360	R_MAR11189	product	False
MAM02770	R_MAR11189	product	False
MAM03089	R_MAR11189	product	False
MAM04030	R_MAR11190	substrate	False
MAM02770	R_MAR11190	product	False
MAM03089	R_MAR11190	product	False
MAM03135	R_MAR11190	product	False
MAM04031	R_MAR11191	substrate	False
MAM02896	R_MAR11191	product	False
MAM03089	R_MAR11191	product	False
MAM03101	R_MAR11191	product	False
MAM04032	R_MAR11192	substrate	False
MAM01974	R_MAR11192	product	False
MAM02993	R_MAR11192	product	False
MAM03089	R_MAR11192	product	False
MAM04033	R_MAR11193	substrate	False
MAM02184	R_MAR11193	product	False
MAM02993	R_MAR11193	product	False
MAM03089	R_MAR11193	product	False
MAM04034	R_MAR11194	substrate	False
MAM02993	R_MAR11194	product	False
MAM03089	R_MAR11194	product	False
MAM03101	R_MAR11194	product	False
MAM04035	R_MAR11195	substrate	False
MAM01975	R_MAR11195	product	False
MAM03089	R_MAR11195	product	False
MAM03101	R_MAR11195	product	False
MAM04036	R_MAR11196	substrate	False
MAM03089	R_MAR11196	product	False
MAM03101	R_MAR11196	product	False
MAM04037	R_MAR11197	substrate	False
MAM01370	R_MAR11197	product	False
MAM03089	R_MAR11197	product	False
MAM03135	R_MAR11197	product	False
MAM04043	R_MAR11198	substrate	False
MAM01307	R_MAR11198	product	False
MAM03101	R_MAR11198	product	False
MAM04044	R_MAR11199	substrate	False
MAM01307	R_MAR11199	product	False
MAM02724	R_MAR11199	product	False
MAM03101	R_MAR11199	product	False
MAM04045	R_MAR11200	substrate	False
MAM01365	R_MAR11200	product	False
MAM01974	R_MAR11200	product	False
MAM03101	R_MAR11200	product	False
MAM04046	R_MAR11201	substrate	False
MAM01365	R_MAR11201	product	False
MAM02896	R_MAR11201	product	False
MAM03101	R_MAR11201	product	False
MAM04047	R_MAR11202	substrate	False
MAM01365	R_MAR11202	product	False
MAM01370	R_MAR11202	product	False
MAM03101	R_MAR11202	product	False
MAM04048	R_MAR11203	substrate	False
MAM01628	R_MAR11203	product	False
MAM01986	R_MAR11203	product	False
MAM03101	R_MAR11203	product	False
MAM04049	R_MAR11204	substrate	False
MAM01628	R_MAR11204	product	False
MAM02993	R_MAR11204	product	False
MAM03101	R_MAR11204	product	False
MAM04050	R_MAR11205	substrate	False
MAM01974	R_MAR11205	product	False
MAM03101	R_MAR11205	product	False
MAM04051	R_MAR11206	substrate	False
MAM01365	R_MAR11206	product	False
MAM02360	R_MAR11206	product	False
MAM03101	R_MAR11206	product	False
MAM04052	R_MAR11207	substrate	False
MAM02724	R_MAR11207	product	False
MAM03101	R_MAR11207	product	False
MAM04053	R_MAR11208	substrate	False
MAM02993	R_MAR11208	product	False
MAM03101	R_MAR11208	product	False
MAM04054	R_MAR11209	substrate	False
MAM02724	R_MAR11209	product	False
MAM03089	R_MAR11209	product	False
MAM03101	R_MAR11209	product	False
MAM04055	R_MAR11210	substrate	False
MAM03101	R_MAR11210	product	False
MAM04056	R_MAR11211	substrate	False
MAM02471	R_MAR11211	product	False
MAM03101	R_MAR11211	product	False
MAM03135	R_MAR11211	product	False
MAM04062	R_MAR11212	substrate	False
MAM01365	R_MAR11212	product	False
MAM01986	R_MAR11212	product	False
MAM03135	R_MAR11212	product	False
MAM04063	R_MAR11213	substrate	False
MAM01369	R_MAR11213	product	False
MAM02125	R_MAR11213	product	False
MAM03135	R_MAR11213	product	False
MAM04064	R_MAR11214	substrate	False
MAM02360	R_MAR11214	product	False
MAM02724	R_MAR11214	product	False
MAM03135	R_MAR11214	product	False
MAM04065	R_MAR11215	substrate	False
MAM02426	R_MAR11215	product	False
MAM03101	R_MAR11215	product	False
MAM03135	R_MAR11215	product	False
MAM04066	R_MAR11216	substrate	False
MAM01365	R_MAR11216	product	False
MAM02724	R_MAR11216	product	False
MAM03135	R_MAR11216	product	False
MAM04067	R_MAR11217	substrate	False
MAM02770	R_MAR11217	product	False
MAM03089	R_MAR11217	product	False
MAM03135	R_MAR11217	product	False
MAM04068	R_MAR11218	substrate	False
MAM01365	R_MAR11218	product	False
MAM02896	R_MAR11218	product	False
MAM03135	R_MAR11218	product	False
MAM04069	R_MAR11219	substrate	False
MAM02724	R_MAR11219	product	False
MAM03089	R_MAR11219	product	False
MAM03135	R_MAR11219	product	False
MAM04070	R_MAR11220	substrate	False
MAM03089	R_MAR11220	product	False
MAM03135	R_MAR11220	product	False
MAM04071	R_MAR11221	substrate	False
MAM03135	R_MAR11221	product	False
MAM04016	R_MAR11222	substrate	False
MAM01370	R_MAR11222	product	False
MAM01986	R_MAR11222	product	False
MAM03089	R_MAR11222	product	False
MAM02718	R_MAR11224	substrate	False
MAM03099	R_MAR11224	product	False
MAM03099	R_MAR11225	substrate	False
MAM01736	R_MAR11225	product	False
MAM04040	R_MAR11294	substrate	False
MAM00128	R_MAR11294	product	False
MAM02720	R_MAR11295	substrate	False
MAM02721	R_MAR11295	product	False
MAM02026	R_MAR11299	substrate	True
MAM03394	R_MAR11299	substrate	True
MAM02027	R_MAR11299	product	True
MAM02133	R_MAR11299	product	True
MAM02444	R_MAR11305	substrate	False
MAM02674	R_MAR11305	substrate	False
MAM02938	R_MAR11305	product	False
MAM03481	R_MAR11309	substrate	True
MAM03482	R_MAR11309	product	True
MAM02804	R_MAR11316	substrate	False
MAM02803	R_MAR11316	product	False
MAM01396	R_MAR11321	substrate	True
MAM03109	R_MAR11321	substrate	True
MAM01398	R_MAR11321	product	True
MAM01787	R_MAR11368	substrate	False
MAM01788	R_MAR11368	product	False
MAM00400	R_MAR11369	substrate	False
MAM01788	R_MAR11369	product	False
MAM02772	R_MAR11394	substrate	False
MAM02774	R_MAR11394	product	False
MAM01756	R_MAR11398	substrate	False
MAM01755	R_MAR11398	product	False
MAM01306	R_MAR11399	substrate	False
MAM02358	R_MAR11399	substrate	False
MAM00989	R_MAR11399	product	False
MAM01974	R_MAR11399	product	False
MAM02803	R_MAR11406	substrate	False
MAM02049	R_MAR11406	product	False
MAM01806	R_MAR11408	substrate	False
MAM02187	R_MAR11408	substrate	False
MAM03590	R_MAR11408	product	False
MAM01806	R_MAR11409	substrate	False
MAM02187	R_MAR11409	substrate	False
MAM03026	R_MAR11409	product	False
MAM03626	R_MAR11411	substrate	False
MAM01986	R_MAR11411	product	False
MAM02360	R_MAR11411	product	False
MAM03629	R_MAR11413	substrate	False
MAM01986	R_MAR11413	product	False
MAM02724	R_MAR11413	product	False
MAM03630	R_MAR11414	substrate	False
MAM01986	R_MAR11414	product	False
MAM02770	R_MAR11414	product	False
MAM01628	R_MAR11416	substrate	False
MAM01636	R_MAR11416	substrate	False
MAM00163	R_MAR11416	product	False
MAM03193	R_MAR11429	substrate	True
MAM03771	R_MAR11429	product	True
MAM02633	R_MAR11430	substrate	False
MAM02819	R_MAR11430	product	False
MAM01261	R_MAR11458	substrate	False
MAM03101	R_MAR11458	substrate	False
MAM03407	R_MAR11458	product	False
MAM01863	R_MAR11462	substrate	False
MAM03956	R_MAR11462	product	False
MAM01010	R_MAR11463	substrate	False
MAM03956	R_MAR11463	product	False
MAM03956	R_MAR11464	substrate	False
MAM03957	R_MAR11464	product	False
MAM00830	R_MAR11467	substrate	True
MAM01306	R_MAR11467	substrate	True
MAM01974	R_MAR11467	product	True
MAM04073	R_MAR11467	product	True
MAM04073	R_MAR11468	substrate	True
MAM04072	R_MAR11468	product	True
MAM00830	R_MAR11470	substrate	False
MAM01261	R_MAR11470	substrate	False
MAM03778	R_MAR11470	product	False
MAM00669	R_MAR11476	substrate	True
MAM03176	R_MAR11476	product	True
MAM00824	R_MAR11479	substrate	True
MAM03186	R_MAR11479	product	True
MAM00171	R_MAR11482	substrate	False
MAM03189	R_MAR11482	product	False
MAM02774	R_MAR11486	substrate	True
MAM03192	R_MAR11486	product	True
MAM03192	R_MAR11487	substrate	False
MAM03191	R_MAR11487	product	False
MAM03191	R_MAR11489	substrate	True
MAM03190	R_MAR11489	product	True
MAM02131	R_MAR11492	substrate	False
MAM03212	R_MAR11492	product	False
MAM00827	R_MAR11495	substrate	False
MAM03245	R_MAR11495	product	False
MAM03245	R_MAR11499	substrate	False
MAM03246	R_MAR11499	product	False
MAM01986	R_MAR11502	substrate	True
MAM02774	R_MAR11502	substrate	True
MAM03886	R_MAR11502	product	True
MAM00167	R_MAR11506	substrate	False
MAM03777	R_MAR11506	product	False
MAM01986	R_MAR11509	substrate	True
MAM02999	R_MAR11509	substrate	True
MAM03997	R_MAR11509	product	True
MAM01977	R_MAR11513	substrate	False
MAM03964	R_MAR11513	product	False
MAM03964	R_MAR11514	substrate	False
MAM03222	R_MAR11514	product	False
MAM03222	R_MAR11515	substrate	False
MAM03257	R_MAR11515	product	False
MAM01977	R_MAR11520	substrate	False
MAM03613	R_MAR11520	product	False
MAM03613	R_MAR11521	substrate	False
MAM03615	R_MAR11521	product	False
MAM03242	R_MAR11525	substrate	False
MAM03227	R_MAR11525	product	False
MAM03409	R_MAR11529	substrate	False
MAM03213	R_MAR11529	product	False
MAM03213	R_MAR11530	substrate	False
MAM03214	R_MAR11530	product	False
MAM03924	R_MAR11534	substrate	False
MAM03259	R_MAR11534	product	False
MAM03259	R_MAR11535	substrate	False
MAM03258	R_MAR11535	product	False
MAM03922	R_MAR11539	substrate	False
MAM03261	R_MAR11539	product	False
MAM03261	R_MAR11540	substrate	False
MAM03260	R_MAR11540	product	False
MAM02122	R_MAR11544	substrate	False
MAM02120	R_MAR11544	product	False
MAM02120	R_MAR11545	substrate	False
MAM03287	R_MAR11545	product	False
MAM02642	R_MAR11548	substrate	False
MAM03314	R_MAR11548	product	False
MAM01412	R_MAR11551	substrate	False
MAM03576	R_MAR11551	product	False
MAM03576	R_MAR11552	substrate	False
MAM03575	R_MAR11552	product	False
MAM01986	R_MAR11555	substrate	False
MAM02122	R_MAR11555	substrate	False
MAM03660	R_MAR11555	product	False
MAM03576	R_MAR11558	substrate	False
MAM03766	R_MAR11558	product	False
MAM03766	R_MAR11559	substrate	False
MAM03765	R_MAR11559	product	False
MAM01986	R_MAR11562	substrate	False
MAM03922	R_MAR11562	substrate	False
MAM03955	R_MAR11562	product	False
MAM02942	R_MAR11565	substrate	False
MAM03277	R_MAR11565	product	False
MAM03982	R_MAR11736	substrate	False
MAM03981	R_MAR11736	product	False
MAM03658	R_MAR11740	substrate	False
MAM03657	R_MAR11740	product	False
MAM02101	R_MAR11744	substrate	False
MAM03683	R_MAR11744	product	False
MAM03683	R_MAR11745	substrate	False
MAM03682	R_MAR11745	product	False
MAM03007	R_MAR11749	substrate	False
MAM03568	R_MAR11749	product	False
MAM03284	R_MAR11752	substrate	False
MAM03283	R_MAR11752	product	False
MAM02124	R_MAR11777	substrate	False
MAM02601	R_MAR11777	product	False
MAM01736	R_MAR12001	substrate	False
MAM03565	R_MAR12001	product	False
MAM01736	R_MAR12002	substrate	False
MAM03109	R_MAR12002	substrate	False
MAM03564	R_MAR12002	product	False
MAM01736	R_MAR12003	substrate	False
MAM03109	R_MAR12003	substrate	False
MAM03563	R_MAR12003	product	False
MAM01736	R_MAR12004	substrate	False
MAM01738	R_MAR12004	product	False
MAM00728	R_MAR12005	substrate	False
MAM03197	R_MAR12005	product	False
MAM02355	R_MAR12012	substrate	False
MAM01739	R_MAR12012	product	False
MAM01139	R_MAR12014	substrate	True
MAM01974	R_MAR12014	product	True
MAM03282	R_MAR12014	product	True
MAM03282	R_MAR12015	substrate	False
MAM01134	R_MAR12015	product	False
MAM01986	R_MAR12015	product	False
MAM01738	R_MAR12017	substrate	False
MAM03295	R_MAR12017	product	False
MAM01628	R_MAR12018	substrate	False
MAM01738	R_MAR12018	substrate	False
MAM03281	R_MAR12018	product	False
MAM02361	R_MAR12019	substrate	False
MAM02160	R_MAR12019	product	False
MAM02160	R_MAR12020	substrate	False
MAM02361	R_MAR12020	product	False
MAM02160	R_MAR12021	substrate	False
MAM02361	R_MAR12021	product	False
MAM02160	R_MAR12022	substrate	True
MAM01739	R_MAR12022	product	True
MAM02026	R_MAR12023	substrate	True
MAM02160	R_MAR12023	substrate	True
MAM03270	R_MAR12023	product	True
MAM01739	R_MAR12024	substrate	False
MAM03163	R_MAR12024	product	False
MAM03586	R_MAR12035	substrate	False
MAM01910	R_MAR12035	product	False
MAM01972	R_MAR12035	product	False
MAM03635	R_MAR12036	substrate	False
MAM01910	R_MAR12036	product	False
MAM02011	R_MAR12036	product	False
MAM01904	R_MAR12037	substrate	False
MAM01905	R_MAR12037	product	False
MAM01910	R_MAR12037	product	False
MAM01943	R_MAR12038	substrate	False
MAM01910	R_MAR12038	product	False
MAM01946	R_MAR12038	product	False
MAM02009	R_MAR12039	substrate	False
MAM01910	R_MAR12039	product	False
MAM02014	R_MAR12039	product	False
MAM01699	R_MAR12041	substrate	False
MAM03863	R_MAR12041	product	False
MAM01972	R_MAR12050	substrate	False
MAM01430	R_MAR12050	product	False
MAM01965	R_MAR12050	product	False
MAM01960	R_MAR12053	substrate	False
MAM01910	R_MAR12053	product	False
MAM03586	R_MAR12053	product	False
MAM02011	R_MAR12061	substrate	False
MAM02015	R_MAR12061	product	False
MAM02525	R_MAR12061	product	False
MAM01946	R_MAR12062	substrate	False
MAM01947	R_MAR12062	product	False
MAM02525	R_MAR12062	product	False
MAM02011	R_MAR12063	substrate	False
MAM02015	R_MAR12063	product	False
MAM02525	R_MAR12063	product	False
MAM01905	R_MAR12064	substrate	False
MAM02525	R_MAR12064	product	False
MAM03586	R_MAR12064	product	False
MAM02015	R_MAR12065	substrate	False
MAM02543	R_MAR12065	product	False
MAM03586	R_MAR12065	product	False
MAM01941	R_MAR12066	substrate	False
MAM02543	R_MAR12066	product	False
MAM03635	R_MAR12066	product	False
MAM01943	R_MAR12067	substrate	False
MAM02543	R_MAR12067	product	False
MAM03635	R_MAR12067	product	False
MAM03635	R_MAR12068	substrate	False
MAM01904	R_MAR12068	product	False
MAM02543	R_MAR12068	product	False
MAM01945	R_MAR12069	substrate	False
MAM02010	R_MAR12069	product	False
MAM02543	R_MAR12069	product	False
MAM02015	R_MAR12070	substrate	False
MAM02543	R_MAR12070	product	False
MAM03586	R_MAR12070	product	False
MAM01941	R_MAR12071	substrate	False
MAM02543	R_MAR12071	product	False
MAM03635	R_MAR12071	product	False
MAM01943	R_MAR12072	substrate	False
MAM02543	R_MAR12072	product	False
MAM03635	R_MAR12072	product	False
MAM02030	R_MAR12073	substrate	False
MAM01943	R_MAR12073	product	False
MAM02543	R_MAR12073	product	False
MAM01947	R_MAR12074	substrate	False
MAM02015	R_MAR12074	product	False
MAM02543	R_MAR12074	product	False
MAM02023	R_MAR12075	substrate	False
MAM02030	R_MAR12075	product	False
MAM02543	R_MAR12075	product	False
MAM01946	R_MAR12076	substrate	False
MAM02011	R_MAR12076	product	False
MAM02543	R_MAR12076	product	False
MAM01941	R_MAR12077	substrate	False
MAM02543	R_MAR12077	product	False
MAM03635	R_MAR12077	product	False
MAM02010	R_MAR12078	substrate	False
MAM01904	R_MAR12078	product	False
MAM02543	R_MAR12078	product	False
MAM01430	R_MAR12079	substrate	False
MAM02684	R_MAR12079	substrate	False
MAM00235	R_MAR12079	product	False
MAM02908	R_MAR12079	product	False
MAM01430	R_MAR12080	substrate	False
MAM02684	R_MAR12080	substrate	False
MAM00235	R_MAR12080	product	False
MAM02908	R_MAR12080	product	False
MAM02749	R_MAR12081	substrate	False
MAM03883	R_MAR12081	product	False
MAM02929	R_MAR12082	substrate	False
MAM02930	R_MAR12082	product	False
MAM02927	R_MAR12083	substrate	False
MAM02928	R_MAR12083	product	False
MAM02908	R_MAR12086	substrate	False
MAM01430	R_MAR12086	product	False
MAM02738	R_MAR12086	product	False
MAM01592	R_MAR12087	substrate	False
MAM02015	R_MAR12087	substrate	False
MAM01947	R_MAR12087	product	False
MAM03883	R_MAR12111	substrate	False
MAM01798	R_MAR12111	product	False
MAM03661	R_MAR12111	product	False
MAM01445	R_MAR12145	substrate	False
MAM03207	R_MAR12145	product	False
MAM01435	R_MAR12146	substrate	False
MAM03206	R_MAR12146	product	False
MAM00745	R_MAR12154	substrate	False
MAM03208	R_MAR12154	product	False
MAM02402	R_MAR12158	substrate	False
MAM03209	R_MAR12158	product	False
MAM01445	R_MAR12167	substrate	False
MAM03109	R_MAR12167	substrate	False
MAM03503	R_MAR12167	product	False
MAM01445	R_MAR12168	substrate	False
MAM03109	R_MAR12168	substrate	False
MAM03503	R_MAR12168	product	False
MAM01445	R_MAR12173	substrate	False
MAM03504	R_MAR12173	product	False
MAM01435	R_MAR12174	substrate	False
MAM03109	R_MAR12174	substrate	False
MAM03508	R_MAR12174	product	False
MAM01435	R_MAR12175	substrate	False
MAM03109	R_MAR12175	substrate	False
MAM03508	R_MAR12175	product	False
MAM01435	R_MAR12178	substrate	False
MAM03109	R_MAR12178	substrate	False
MAM03509	R_MAR12178	product	False
MAM01435	R_MAR12179	substrate	False
MAM03109	R_MAR12179	substrate	False
MAM03509	R_MAR12179	product	False
MAM01435	R_MAR12183	substrate	False
MAM03685	R_MAR12183	product	False
MAM00745	R_MAR12187	substrate	False
MAM03109	R_MAR12187	substrate	False
MAM03536	R_MAR12187	product	False
MAM00745	R_MAR12188	substrate	False
MAM03109	R_MAR12188	substrate	False
MAM03536	R_MAR12188	product	False
MAM00745	R_MAR12191	substrate	False
MAM03109	R_MAR12191	substrate	False
MAM03537	R_MAR12191	product	False
MAM00745	R_MAR12192	substrate	False
MAM03109	R_MAR12192	substrate	False
MAM03537	R_MAR12192	product	False
MAM00745	R_MAR12197	substrate	False
MAM03538	R_MAR12197	product	False
MAM01988	R_MAR12236	substrate	False
MAM03587	R_MAR12236	product	False
MAM01987	R_MAR12239	substrate	False
MAM03588	R_MAR12239	product	False
MAM01989	R_MAR12242	substrate	False
MAM03589	R_MAR12242	product	False
MAM02004	R_MAR12245	substrate	False
MAM03637	R_MAR12245	product	False
MAM03109	R_MAR12246	substrate	False
MAM03685	R_MAR12246	substrate	False
MAM03642	R_MAR12246	product	False
MAM03109	R_MAR12247	substrate	False
MAM03685	R_MAR12247	substrate	False
MAM03642	R_MAR12247	product	False
MAM03109	R_MAR12250	substrate	False
MAM03685	R_MAR12250	substrate	False
MAM03643	R_MAR12250	product	False
MAM03109	R_MAR12251	substrate	False
MAM03685	R_MAR12251	substrate	False
MAM03643	R_MAR12251	product	False
MAM02155	R_MAR12254	substrate	False
MAM03109	R_MAR12254	substrate	False
MAM03644	R_MAR12254	product	False
MAM02155	R_MAR12255	substrate	False
MAM03109	R_MAR12255	substrate	False
MAM03644	R_MAR12255	product	False
MAM02155	R_MAR12258	substrate	False
MAM03109	R_MAR12258	substrate	False
MAM03645	R_MAR12258	product	False
MAM02155	R_MAR12259	substrate	False
MAM03109	R_MAR12259	substrate	False
MAM03645	R_MAR12259	product	False
MAM02402	R_MAR12272	substrate	False
MAM03109	R_MAR12272	substrate	False
MAM03707	R_MAR12272	product	False
MAM02402	R_MAR12273	substrate	False
MAM03109	R_MAR12273	substrate	False
MAM03707	R_MAR12273	product	False
MAM02402	R_MAR12276	substrate	False
MAM03109	R_MAR12276	substrate	False
MAM03708	R_MAR12276	product	False
MAM02402	R_MAR12277	substrate	False
MAM03109	R_MAR12277	substrate	False
MAM03708	R_MAR12277	product	False
MAM02402	R_MAR12282	substrate	False
MAM03709	R_MAR12282	product	False
MAM02963	R_MAR12286	substrate	False
MAM03962	R_MAR12286	product	False
MAM02962	R_MAR12289	substrate	False
MAM03996	R_MAR12289	product	False
MAM02962	R_MAR12290	substrate	False
MAM03963	R_MAR12290	product	False
MAM02964	R_MAR12293	substrate	False
MAM03965	R_MAR12293	product	False
MAM02966	R_MAR12299	substrate	False
MAM04042	R_MAR12299	product	False
MAM03129	R_MAR12305	substrate	False
MAM04058	R_MAR12305	product	False
MAM03959	R_MAR12308	substrate	False
MAM01817	R_MAR12308	product	False
MAM01875	R_MAR12311	substrate	False
MAM01818	R_MAR12311	product	False
MAM03196	R_MAR12312	substrate	False
MAM01818	R_MAR12312	product	False
MAM03959	R_MAR12315	substrate	False
MAM01875	R_MAR12315	product	False
MAM03278	R_MAR12318	substrate	False
MAM01888	R_MAR12318	product	False
MAM01903	R_MAR12319	substrate	False
MAM01888	R_MAR12319	product	False
MAM01891	R_MAR12321	substrate	False
MAM01889	R_MAR12321	product	False
MAM01875	R_MAR12322	substrate	False
MAM01889	R_MAR12322	product	False
MAM01891	R_MAR12325	substrate	False
MAM01890	R_MAR12325	product	False
MAM03196	R_MAR12328	substrate	False
MAM01890	R_MAR12328	product	False
MAM03959	R_MAR12329	substrate	False
MAM01891	R_MAR12329	product	False
MAM01894	R_MAR12333	substrate	False
MAM03109	R_MAR12333	substrate	False
MAM01901	R_MAR12333	product	False
MAM01903	R_MAR12335	substrate	False
MAM03109	R_MAR12335	substrate	False
MAM01902	R_MAR12335	product	False
MAM03756	R_MAR12337	substrate	False
MAM01903	R_MAR12337	product	False
MAM03177	R_MAR12339	substrate	False
MAM03179	R_MAR12339	product	False
MAM03109	R_MAR12340	substrate	False
MAM03177	R_MAR12340	substrate	False
MAM03178	R_MAR12340	product	False
MAM03476	R_MAR12342	substrate	False
MAM03177	R_MAR12342	product	False
MAM03179	R_MAR12343	substrate	False
MAM03177	R_MAR12343	product	False
MAM03109	R_MAR12347	substrate	False
MAM03179	R_MAR12347	substrate	False
MAM03180	R_MAR12347	product	False
MAM03479	R_MAR12349	substrate	False
MAM03179	R_MAR12349	product	False
MAM03109	R_MAR12355	substrate	False
MAM03184	R_MAR12355	substrate	False
MAM03185	R_MAR12355	product	False
MAM03959	R_MAR12357	substrate	False
MAM03196	R_MAR12357	product	False
MAM03916	R_MAR12360	substrate	False
MAM03198	R_MAR12360	product	False
MAM03934	R_MAR12363	substrate	False
MAM03199	R_MAR12363	product	False
MAM03109	R_MAR12367	substrate	False
MAM03224	R_MAR12367	substrate	False
MAM03225	R_MAR12367	product	False
MAM03228	R_MAR12369	substrate	False
MAM03229	R_MAR12369	product	False
MAM03236	R_MAR12371	substrate	False
MAM01261	R_MAR12371	product	False
MAM03238	R_MAR12371	product	False
MAM03236	R_MAR12372	substrate	False
MAM01261	R_MAR12372	product	False
MAM03238	R_MAR12372	product	False
MAM03916	R_MAR12375	substrate	False
MAM03235	R_MAR12375	product	False
MAM03239	R_MAR12379	substrate	False
MAM03240	R_MAR12379	product	False
MAM03300	R_MAR12381	substrate	False
MAM03239	R_MAR12381	product	False
MAM03916	R_MAR12382	substrate	False
MAM03241	R_MAR12382	product	False
MAM03256	R_MAR12386	substrate	False
MAM03244	R_MAR12386	product	False
MAM03402	R_MAR12387	substrate	False
MAM03256	R_MAR12387	product	False
MAM03634	R_MAR12390	substrate	False
MAM03269	R_MAR12390	product	False
MAM03476	R_MAR12392	substrate	False
MAM03271	R_MAR12392	product	False
MAM03272	R_MAR12393	substrate	False
MAM03271	R_MAR12393	product	False
MAM03479	R_MAR12397	substrate	False
MAM03272	R_MAR12397	product	False
MAM03271	R_MAR12398	substrate	False
MAM03272	R_MAR12398	product	False
MAM03109	R_MAR12403	substrate	False
MAM03278	R_MAR12403	substrate	False
MAM03275	R_MAR12403	product	False
MAM03756	R_MAR12404	substrate	False
MAM03278	R_MAR12404	product	False
MAM04007	R_MAR12406	substrate	False
MAM03279	R_MAR12406	product	False
MAM03241	R_MAR12409	substrate	False
MAM03280	R_MAR12409	product	False
MAM03109	R_MAR12412	substrate	False
MAM03285	R_MAR12412	substrate	False
MAM03286	R_MAR12412	product	False
MAM03579	R_MAR12414	substrate	False
MAM03285	R_MAR12414	product	False
MAM03634	R_MAR12417	substrate	False
MAM03289	R_MAR12417	product	False
MAM03109	R_MAR12421	substrate	False
MAM03290	R_MAR12421	substrate	False
MAM03291	R_MAR12421	product	False
MAM03634	R_MAR12423	substrate	False
MAM03290	R_MAR12423	product	False
MAM03292	R_MAR12425	substrate	False
MAM03293	R_MAR12425	product	False
MAM03304	R_MAR12427	substrate	False
MAM03292	R_MAR12427	product	False
MAM03916	R_MAR12430	substrate	False
MAM03294	R_MAR12430	product	False
MAM03296	R_MAR12432	substrate	False
MAM03297	R_MAR12432	product	False
MAM03298	R_MAR12434	substrate	False
MAM03299	R_MAR12434	product	False
MAM03304	R_MAR12436	substrate	False
MAM03298	R_MAR12436	product	False
MAM03300	R_MAR12437	substrate	False
MAM03301	R_MAR12437	product	False
MAM03934	R_MAR12439	substrate	False
MAM03300	R_MAR12439	product	False
MAM03303	R_MAR12440	substrate	False
MAM03302	R_MAR12440	product	False
MAM03934	R_MAR12443	substrate	False
MAM03304	R_MAR12443	product	False
MAM03109	R_MAR12444	substrate	False
MAM03285	R_MAR12444	substrate	False
MAM03306	R_MAR12444	product	False
MAM03579	R_MAR12446	substrate	False
MAM03305	R_MAR12446	product	False
MAM03634	R_MAR12449	substrate	False
MAM03307	R_MAR12449	product	False
MAM03109	R_MAR12453	substrate	False
MAM03308	R_MAR12453	substrate	False
MAM03309	R_MAR12453	product	False
MAM03634	R_MAR12455	substrate	False
MAM03308	R_MAR12455	product	False
MAM03241	R_MAR12457	substrate	False
MAM03312	R_MAR12457	product	False
MAM03109	R_MAR12462	substrate	False
MAM03402	R_MAR12462	substrate	False
MAM03403	R_MAR12462	product	False
MAM03402	R_MAR12468	substrate	False
MAM03958	R_MAR12468	product	False
MAM03418	R_MAR12472	substrate	False
MAM03801	R_MAR12472	product	False
MAM03429	R_MAR12474	substrate	False
MAM03420	R_MAR12474	product	False
MAM03432	R_MAR12475	substrate	False
MAM03420	R_MAR12475	product	False
MAM03423	R_MAR12477	substrate	False
MAM03421	R_MAR12477	product	False
MAM03427	R_MAR12479	substrate	False
MAM03422	R_MAR12479	product	False
MAM03424	R_MAR12481	substrate	False
MAM03423	R_MAR12481	product	False
MAM03429	R_MAR12484	substrate	False
MAM03424	R_MAR12484	product	False
MAM03426	R_MAR12487	substrate	False
MAM03425	R_MAR12487	product	False
MAM03427	R_MAR12489	substrate	False
MAM03426	R_MAR12489	product	False
MAM03520	R_MAR12492	substrate	False
MAM03427	R_MAR12492	product	False
MAM03109	R_MAR12495	substrate	False
MAM03427	R_MAR12495	substrate	False
MAM03428	R_MAR12495	product	False
MAM03520	R_MAR12497	substrate	False
MAM03429	R_MAR12497	product	False
MAM03432	R_MAR12499	substrate	False
MAM03430	R_MAR12499	product	False
MAM03431	R_MAR12500	substrate	False
MAM03430	R_MAR12500	product	False
MAM03520	R_MAR12503	substrate	False
MAM03431	R_MAR12503	product	False
MAM03520	R_MAR12506	substrate	False
MAM03432	R_MAR12506	product	False
MAM03479	R_MAR12511	substrate	False
MAM03476	R_MAR12511	product	False
MAM03478	R_MAR12512	substrate	False
MAM01973	R_MAR12512	product	False
MAM03476	R_MAR12512	product	False
MAM03109	R_MAR12515	substrate	False
MAM03476	R_MAR12515	substrate	False
MAM03477	R_MAR12515	product	False
MAM03109	R_MAR12516	substrate	False
MAM03476	R_MAR12516	substrate	False
MAM03478	R_MAR12516	product	False
MAM03109	R_MAR12517	substrate	False
MAM03479	R_MAR12517	substrate	False
MAM03480	R_MAR12517	product	False
MAM03477	R_MAR12519	substrate	False
MAM01973	R_MAR12519	product	False
MAM03479	R_MAR12519	product	False
MAM03476	R_MAR12520	substrate	False
MAM03479	R_MAR12520	product	False
MAM03480	R_MAR12521	substrate	False
MAM01973	R_MAR12521	product	False
MAM03479	R_MAR12521	product	False
MAM03109	R_MAR12528	substrate	False
MAM03506	R_MAR12528	substrate	False
MAM03507	R_MAR12528	product	False
MAM03770	R_MAR12531	substrate	False
MAM03513	R_MAR12531	product	False
MAM03515	R_MAR12533	substrate	False
MAM03518	R_MAR12533	product	False
MAM03517	R_MAR12535	substrate	False
MAM03518	R_MAR12535	product	False
MAM03516	R_MAR12538	substrate	False
MAM03515	R_MAR12538	product	False
MAM03514	R_MAR12539	substrate	False
MAM03515	R_MAR12539	product	False
MAM03523	R_MAR12540	substrate	False
MAM01973	R_MAR12540	product	False
MAM03515	R_MAR12540	product	False
MAM03523	R_MAR12542	substrate	False
MAM01973	R_MAR12542	product	False
MAM03516	R_MAR12542	product	False
MAM03514	R_MAR12543	substrate	False
MAM03517	R_MAR12543	product	False
MAM03524	R_MAR12544	substrate	False
MAM01973	R_MAR12544	product	False
MAM03517	R_MAR12544	product	False
MAM03524	R_MAR12549	substrate	False
MAM01973	R_MAR12549	product	False
MAM03519	R_MAR12549	product	False
MAM03520	R_MAR12552	substrate	False
MAM03521	R_MAR12552	product	False
MAM03109	R_MAR12557	substrate	False
MAM03515	R_MAR12557	substrate	False
MAM03523	R_MAR12557	product	False
MAM03109	R_MAR12558	substrate	False
MAM03517	R_MAR12558	substrate	False
MAM03524	R_MAR12558	product	False
MAM01261	R_MAR12559	substrate	False
MAM03526	R_MAR12559	substrate	False
MAM03759	R_MAR12559	product	False
MAM03519	R_MAR12561	substrate	False
MAM03517	R_MAR12561	product	False
MAM03579	R_MAR12562	substrate	False
MAM01261	R_MAR12562	product	False
MAM03546	R_MAR12562	product	False
MAM03579	R_MAR12564	substrate	False
MAM03547	R_MAR12564	product	False
MAM03634	R_MAR12567	substrate	False
MAM03549	R_MAR12567	product	False
MAM03916	R_MAR12569	substrate	False
MAM03566	R_MAR12569	product	False
MAM03959	R_MAR12572	substrate	False
MAM03572	R_MAR12572	product	False
MAM03109	R_MAR12720	substrate	False
MAM03579	R_MAR12720	substrate	False
MAM03581	R_MAR12720	product	False
MAM03109	R_MAR12721	substrate	False
MAM03582	R_MAR12721	substrate	False
MAM03583	R_MAR12721	product	False
MAM03998	R_MAR12724	substrate	False
MAM03579	R_MAR12724	product	False
MAM03109	R_MAR12728	substrate	False
MAM03244	R_MAR12728	substrate	False
MAM03594	R_MAR12728	product	False
MAM03109	R_MAR12732	substrate	False
MAM03999	R_MAR12732	substrate	False
MAM03636	R_MAR12732	product	False
MAM03109	R_MAR12736	substrate	False
MAM03687	R_MAR12736	substrate	False
MAM03690	R_MAR12736	product	False
MAM03686	R_MAR12737	substrate	False
MAM03688	R_MAR12737	product	False
MAM03686	R_MAR12738	substrate	False
MAM03183	R_MAR12738	product	False
MAM03686	R_MAR12739	substrate	False
MAM03223	R_MAR12739	product	False
MAM03223	R_MAR12740	substrate	False
MAM03505	R_MAR12740	product	False
MAM03688	R_MAR12741	substrate	True
MAM03689	R_MAR12741	product	True
MAM03689	R_MAR12744	substrate	False
MAM03687	R_MAR12744	product	False
MAM02961	R_MAR12745	substrate	False
MAM03689	R_MAR12745	substrate	False
MAM03961	R_MAR12745	product	False
MAM03687	R_MAR12746	substrate	False
MAM01894	R_MAR12746	product	False
MAM03687	R_MAR12747	substrate	False
MAM03184	R_MAR12747	product	False
MAM03687	R_MAR12748	substrate	False
MAM03224	R_MAR12748	product	False
MAM03224	R_MAR12749	substrate	False
MAM03506	R_MAR12749	product	False
MAM03297	R_MAR12753	substrate	False
MAM03705	R_MAR12753	product	False
MAM03729	R_MAR12756	substrate	False
MAM03728	R_MAR12756	product	False
MAM03109	R_MAR12758	substrate	False
MAM03729	R_MAR12758	substrate	False
MAM03730	R_MAR12758	product	False
MAM03729	R_MAR12761	substrate	False
MAM03731	R_MAR12761	product	False
MAM03729	R_MAR12763	substrate	False
MAM03732	R_MAR12763	product	False
MAM03109	R_MAR12765	substrate	False
MAM03728	R_MAR12765	substrate	False
MAM03733	R_MAR12765	product	False
MAM03729	R_MAR12767	substrate	False
MAM03734	R_MAR12767	product	False
MAM03109	R_MAR12770	substrate	False
MAM03729	R_MAR12770	substrate	False
MAM03735	R_MAR12770	product	False
MAM03737	R_MAR12774	substrate	False
MAM03736	R_MAR12774	product	False
MAM03736	R_MAR12775	substrate	False
MAM03737	R_MAR12775	product	False
MAM03737	R_MAR12777	substrate	False
MAM03297	R_MAR12777	product	False
MAM03737	R_MAR12778	substrate	False
MAM03302	R_MAR12778	product	False
MAM03736	R_MAR12779	substrate	False
MAM03228	R_MAR12779	product	False
MAM03736	R_MAR12780	substrate	False
MAM03296	R_MAR12780	product	False
MAM03736	R_MAR12781	substrate	False
MAM03303	R_MAR12781	product	False
MAM03634	R_MAR12790	substrate	False
MAM03770	R_MAR12790	product	False
MAM03918	R_MAR12792	substrate	False
MAM03780	R_MAR12792	product	False
MAM03781	R_MAR12794	substrate	False
MAM03784	R_MAR12794	product	False
MAM03783	R_MAR12796	substrate	False
MAM03781	R_MAR12796	product	False
MAM03784	R_MAR12797	substrate	True
MAM03782	R_MAR12797	product	True
MAM02587	R_MAR12801	substrate	False
MAM03783	R_MAR12801	product	False
MAM03801	R_MAR12802	substrate	False
MAM04059	R_MAR12802	substrate	False
MAM03799	R_MAR12802	product	False
MAM03801	R_MAR12803	substrate	False
MAM04059	R_MAR12803	substrate	False
MAM03800	R_MAR12803	product	False
MAM03580	R_MAR12808	substrate	False
MAM01261	R_MAR12808	product	False
MAM03893	R_MAR12808	product	False
MAM03893	R_MAR12809	substrate	False
MAM03892	R_MAR12809	product	False
MAM03109	R_MAR12812	substrate	False
MAM03911	R_MAR12812	substrate	False
MAM03912	R_MAR12812	product	False
MAM03912	R_MAR12813	substrate	False
MAM01973	R_MAR12813	product	False
MAM03913	R_MAR12813	product	False
MAM03911	R_MAR12815	substrate	False
MAM03914	R_MAR12815	product	False
MAM03911	R_MAR12817	substrate	False
MAM03915	R_MAR12817	product	False
MAM03913	R_MAR12818	substrate	False
MAM03911	R_MAR12818	product	False
MAM03109	R_MAR12822	substrate	False
MAM03916	R_MAR12822	substrate	False
MAM03917	R_MAR12822	product	False
MAM03109	R_MAR12829	substrate	False
MAM03918	R_MAR12829	substrate	False
MAM03919	R_MAR12829	product	False
MAM03919	R_MAR12830	substrate	False
MAM01973	R_MAR12830	product	False
MAM03920	R_MAR12830	product	False
MAM03920	R_MAR12832	substrate	False
MAM03918	R_MAR12832	product	False
MAM03919	R_MAR12833	substrate	False
MAM01973	R_MAR12833	product	False
MAM03918	R_MAR12833	product	False
MAM03244	R_MAR12836	substrate	False
MAM03921	R_MAR12836	product	False
MAM03932	R_MAR12839	substrate	False
MAM01973	R_MAR12839	product	False
MAM03935	R_MAR12839	product	False
MAM03932	R_MAR12842	substrate	False
MAM01973	R_MAR12842	product	False
MAM03934	R_MAR12842	product	False
MAM03109	R_MAR12843	substrate	False
MAM03935	R_MAR12843	substrate	False
MAM03932	R_MAR12843	product	False
MAM03934	R_MAR12844	substrate	False
MAM03935	R_MAR12844	product	False
MAM03935	R_MAR12845	substrate	False
MAM03934	R_MAR12845	product	False
MAM03999	R_MAR12848	substrate	False
MAM03952	R_MAR12848	product	False
MAM03579	R_MAR12854	substrate	False
MAM03985	R_MAR12854	product	False
MAM03999	R_MAR12856	substrate	False
MAM03995	R_MAR12856	product	False
MAM03581	R_MAR12857	substrate	False
MAM01973	R_MAR12857	product	False
MAM03998	R_MAR12857	product	False
MAM04000	R_MAR12860	substrate	False
MAM04001	R_MAR12860	product	False
MAM04000	R_MAR12862	substrate	False
MAM04002	R_MAR12862	product	False
MAM04001	R_MAR12864	substrate	False
MAM04003	R_MAR12864	product	False
MAM03916	R_MAR12869	substrate	False
MAM04007	R_MAR12869	product	False
MAM03109	R_MAR12873	substrate	False
MAM03995	R_MAR12873	substrate	False
MAM04038	R_MAR12873	product	False
MAM03995	R_MAR12874	substrate	False
MAM04039	R_MAR12874	product	False
MAM03235	R_MAR12991	substrate	False
MAM03236	R_MAR12991	product	False
MAM03238	R_MAR12992	substrate	False
MAM03237	R_MAR12992	product	False
MAM03404	R_MAR12993	substrate	False
MAM01974	R_MAR12993	product	False
MAM01986	R_MAR12993	product	False
MAM03526	R_MAR12993	product	False
MAM03579	R_MAR12994	substrate	False
MAM03580	R_MAR12994	product	False
MAM03109	R_MAR12995	substrate	False
MAM03756	R_MAR12995	substrate	False
MAM03757	R_MAR12995	product	False
MAM03779	R_MAR12996	substrate	False
MAM03999	R_MAR12996	product	False
MAM03402	R_MAR13001	substrate	False
MAM03779	R_MAR13001	product	False
MAM03109	R_MAR13003	substrate	False
MAM04059	R_MAR13003	product	False
MAM01307	R_MAR13078	substrate	False
MAM01365	R_MAR13078	substrate	False
MAM01369	R_MAR13078	substrate	False
MAM01370	R_MAR13078	substrate	False
MAM01628	R_MAR13078	substrate	False
MAM01974	R_MAR13078	substrate	False
MAM01975	R_MAR13078	substrate	False
MAM01986	R_MAR13078	substrate	False
MAM02125	R_MAR13078	substrate	False
MAM02184	R_MAR13078	substrate	False
MAM02360	R_MAR13078	substrate	False
MAM02426	R_MAR13078	substrate	False
MAM02471	R_MAR13078	substrate	False
MAM02724	R_MAR13078	substrate	False
MAM02770	R_MAR13078	substrate	False
MAM02896	R_MAR13078	substrate	False
MAM02993	R_MAR13078	substrate	False
MAM03089	R_MAR13078	substrate	False
MAM03101	R_MAR13078	substrate	False
MAM03135	R_MAR13078	substrate	False
MAM02157	R_MAR13083	substrate	False
MAM02961	R_MAR13083	product	False
MAM01580	R_MAR13087	substrate	False
MAM02191	R_MAR13087	product	False
MAM20001	R_MAR20001	substrate	False
MAM20002	R_MAR20001	product	False
MAM01232	R_MAR20003	substrate	False
MAM01230	R_MAR20003	product	False
MAM20003	R_MAR20005	substrate	False
MAM20004	R_MAR20005	product	False
MAM20005	R_MAR20006	substrate	False
MAM20006	R_MAR20006	product	False
MAM00270	R_MAR20007	substrate	False
MAM20003	R_MAR20007	product	False
MAM00270	R_MAR20008	substrate	False
MAM20005	R_MAR20008	product	False
MAM20007	R_MAR20009	substrate	False
MAM20008	R_MAR20009	product	False
MAM20009	R_MAR20010	substrate	False
MAM20010	R_MAR20010	product	False
MAM20002	R_MAR20011	substrate	False
MAM02833	R_MAR20011	product	False
MAM01306	R_MAR20013	substrate	False
MAM20011	R_MAR20013	substrate	False
MAM01253	R_MAR20013	product	False
MAM20012	R_MAR20013	product	False
MAM02674	R_MAR20016	substrate	False
MAM02113	R_MAR20016	product	False
MAM20013	R_MAR20017	substrate	False
MAM02642	R_MAR20017	product	False
MAM20015	R_MAR20018	substrate	False
MAM20014	R_MAR20018	product	False
MAM20017	R_MAR20019	substrate	False
MAM20016	R_MAR20019	product	False
MAM02457	R_MAR20021	substrate	False
MAM20019	R_MAR20021	substrate	False
MAM01828	R_MAR20021	product	False
MAM20018	R_MAR20021	product	False
MAM02457	R_MAR20022	substrate	False
MAM20019	R_MAR20022	substrate	False
MAM01828	R_MAR20022	product	False
MAM20021	R_MAR20022	product	False
MAM01784	R_MAR20023	substrate	False
MAM20019	R_MAR20023	substrate	False
MAM01828	R_MAR20023	product	False
MAM20024	R_MAR20023	product	False
MAM01784	R_MAR20024	substrate	False
MAM20019	R_MAR20024	substrate	False
MAM01828	R_MAR20024	product	False
MAM20025	R_MAR20024	product	False
MAM01689	R_MAR20025	substrate	False
MAM20019	R_MAR20025	substrate	False
MAM01828	R_MAR20025	product	False
MAM20026	R_MAR20025	product	False
MAM01689	R_MAR20026	substrate	False
MAM20019	R_MAR20026	substrate	False
MAM01828	R_MAR20026	product	False
MAM20027	R_MAR20026	product	False
MAM02344	R_MAR20027	substrate	False
MAM20019	R_MAR20027	substrate	False
MAM01828	R_MAR20027	product	False
MAM20028	R_MAR20027	product	False
MAM02344	R_MAR20028	substrate	False
MAM20019	R_MAR20028	substrate	False
MAM01828	R_MAR20028	product	False
MAM20029	R_MAR20028	product	False
MAM02494	R_MAR20029	substrate	False
MAM20019	R_MAR20029	substrate	False
MAM01828	R_MAR20029	product	False
MAM20030	R_MAR20029	product	False
MAM02494	R_MAR20030	substrate	False
MAM20019	R_MAR20030	substrate	False
MAM01828	R_MAR20030	product	False
MAM20031	R_MAR20030	product	False
MAM02754	R_MAR20031	substrate	False
MAM01019	R_MAR20031	product	False
MAM02754	R_MAR20032	substrate	False
MAM01019	R_MAR20032	product	False
MAM01910	R_MAR20033	substrate	False
MAM20032	R_MAR20033	product	False
MAM01910	R_MAR20034	substrate	False
MAM20033	R_MAR20034	product	False
MAM20034	R_MAR20035	substrate	False
MAM01388	R_MAR20035	product	False
MAM20035	R_MAR20036	substrate	False
MAM01388	R_MAR20036	product	False
MAM20013	R_MAR20037	substrate	False
MAM02642	R_MAR20037	product	False
MAM20036	R_MAR20038	substrate	False
MAM01380	R_MAR20038	product	False
MAM20036	R_MAR20039	substrate	False
MAM01380	R_MAR20039	product	False
MAM20037	R_MAR20040	substrate	False
MAM02120	R_MAR20040	product	False
MAM00988	R_MAR20041	substrate	False
MAM20038	R_MAR20041	product	False
MAM20040	R_MAR20042	substrate	False
MAM20039	R_MAR20042	product	False
MAM20040	R_MAR20043	substrate	False
MAM20039	R_MAR20043	product	False
MAM02152	R_MAR20044	substrate	False
MAM01837	R_MAR20044	product	False
MAM02116	R_MAR20046	substrate	False
MAM20041	R_MAR20046	product	False
MAM02116	R_MAR20047	substrate	False
MAM20042	R_MAR20047	product	False
MAM02674	R_MAR20048	substrate	False
MAM02113	R_MAR20048	product	False
MAM20043	R_MAR20049	substrate	False
MAM03560	R_MAR20049	product	False
MAM20044	R_MAR20050	substrate	False
MAM03560	R_MAR20050	product	False
MAM00564	R_MAR20051	substrate	False
MAM02766	R_MAR20051	product	False
MAM20045	R_MAR20053	substrate	False
MAM02938	R_MAR20053	product	False
MAM20046	R_MAR20054	substrate	False
MAM02938	R_MAR20054	product	False
MAM02344	R_MAR20055	substrate	False
MAM20047	R_MAR20055	product	False
MAM02344	R_MAR20056	substrate	False
MAM20048	R_MAR20056	product	False
MAM20049	R_MAR20057	substrate	False
MAM01648	R_MAR20057	product	False
MAM20050	R_MAR20058	substrate	False
MAM01648	R_MAR20058	product	False
MAM20051	R_MAR20059	substrate	False
MAM02494	R_MAR20059	product	False
MAM20052	R_MAR20060	substrate	False
MAM02494	R_MAR20060	product	False
MAM20053	R_MAR20061	substrate	False
MAM02642	R_MAR20061	product	False
MAM20054	R_MAR20062	substrate	False
MAM02108	R_MAR20062	product	False
MAM20055	R_MAR20063	substrate	False
MAM02108	R_MAR20063	product	False
MAM00677	R_MAR20064	substrate	False
MAM20056	R_MAR20064	product	False
MAM00677	R_MAR20065	substrate	False
MAM20057	R_MAR20065	product	False
MAM20058	R_MAR20067	substrate	False
MAM20059	R_MAR20067	product	False
MAM01032	R_MAR20068	substrate	False
MAM20060	R_MAR20068	product	False
MAM00561	R_MAR20069	substrate	False
MAM02393	R_MAR20069	substrate	False
MAM02869	R_MAR20069	product	False
MAM02984	R_MAR20069	product	False
MAM02883	R_MAR20070	substrate	False
MAM02884	R_MAR20070	product	False
MAM20061	R_MAR20071	substrate	False
MAM01127	R_MAR20071	product	False
MAM02426	R_MAR20071	product	False
MAM20061	R_MAR20072	substrate	False
MAM01127	R_MAR20072	product	False
MAM02426	R_MAR20072	product	False
MAM20071	R_MAR20073	substrate	False
MAM01362	R_MAR20073	product	False
MAM02927	R_MAR20073	product	False
MAM20071	R_MAR20074	substrate	False
MAM01362	R_MAR20074	product	False
MAM02927	R_MAR20074	product	False
MAM20070	R_MAR20075	substrate	False
MAM01362	R_MAR20075	product	False
MAM02749	R_MAR20075	product	False
MAM20070	R_MAR20076	substrate	False
MAM01362	R_MAR20076	product	False
MAM02749	R_MAR20076	product	False
MAM20068	R_MAR20077	substrate	False
MAM01584	R_MAR20077	product	False
MAM02929	R_MAR20077	product	False
MAM20068	R_MAR20078	substrate	False
MAM01584	R_MAR20078	product	False
MAM02929	R_MAR20078	product	False
MAM20069	R_MAR20079	substrate	False
MAM01584	R_MAR20079	product	False
MAM02927	R_MAR20079	product	False
MAM20069	R_MAR20080	substrate	False
MAM01584	R_MAR20080	product	False
MAM02927	R_MAR20080	product	False
MAM20067	R_MAR20081	substrate	False
MAM01584	R_MAR20081	product	False
MAM02749	R_MAR20081	product	False
MAM20067	R_MAR20082	substrate	False
MAM01584	R_MAR20082	product	False
MAM02749	R_MAR20082	product	False
MAM20073	R_MAR20083	substrate	False
MAM02646	R_MAR20083	product	False
MAM02929	R_MAR20083	product	False
MAM20073	R_MAR20084	substrate	False
MAM01778	R_MAR20084	product	False
MAM02929	R_MAR20084	product	False
MAM20074	R_MAR20085	substrate	False
MAM02646	R_MAR20085	product	False
MAM02927	R_MAR20085	product	False
MAM20074	R_MAR20086	substrate	False
MAM01778	R_MAR20086	product	False
MAM02927	R_MAR20086	product	False
MAM20072	R_MAR20087	substrate	False
MAM02646	R_MAR20087	product	False
MAM02749	R_MAR20087	product	False
MAM20072	R_MAR20088	substrate	False
MAM01778	R_MAR20088	product	False
MAM02749	R_MAR20088	product	False
MAM01806	R_MAR20090	substrate	False
MAM02049	R_MAR20090	substrate	False
MAM20064	R_MAR20090	product	False
MAM01806	R_MAR20091	substrate	False
MAM02049	R_MAR20091	substrate	False
MAM20064	R_MAR20091	product	False
MAM01806	R_MAR20092	substrate	False
MAM02049	R_MAR20092	substrate	False
MAM20064	R_MAR20092	product	False
MAM03652	R_MAR20093	substrate	False
MAM01797	R_MAR20093	product	False
MAM02674	R_MAR20093	product	False
MAM03550	R_MAR20094	substrate	False
MAM01797	R_MAR20094	product	False
MAM02344	R_MAR20094	product	False
MAM03977	R_MAR20095	substrate	False
MAM01797	R_MAR20095	product	False
MAM02494	R_MAR20095	product	False
MAM20076n	R_MAR20096	substrate	False
MAM02674	R_MAR20096	product	False
MAM02929	R_MAR20096	product	False
MAM20075	R_MAR20097	substrate	False
MAM02344	R_MAR20097	product	False
MAM02929	R_MAR20097	product	False
MAM01806	R_MAR20098	substrate	False
MAM02187	R_MAR20098	substrate	False
MAM01657	R_MAR20098	product	False
MAM20077	R_MAR20099	substrate	False
MAM01252	R_MAR20099	product	False
MAM01288	R_MAR20099	product	False
MAM20063	R_MAR20100	substrate	False
MAM01288	R_MAR20100	product	False
MAM02583	R_MAR20100	product	False
MAM20062	R_MAR20101	substrate	False
MAM01252	R_MAR20101	product	False
MAM01288	R_MAR20101	product	False
MAM03590	R_MAR20102	substrate	False
MAM20065	R_MAR20102	substrate	False
MAM20066	R_MAR20102	product	False
MAM03590	R_MAR20103	substrate	False
MAM20065	R_MAR20103	substrate	False
MAM20066	R_MAR20103	product	False
MAM03590	R_MAR20104	substrate	False
MAM20065	R_MAR20104	substrate	False
MAM20066	R_MAR20104	product	False
MAM03590	R_MAR20105	substrate	False
MAM20065	R_MAR20105	substrate	False
MAM20066	R_MAR20105	product	False
MAM00995	R_MAR20106	substrate	False
MAM01316	R_MAR20106	substrate	False
MAM00767	R_MAR20106	product	False
MAM00995	R_MAR20107	substrate	False
MAM01316	R_MAR20107	substrate	False
MAM00767	R_MAR20107	product	False
MAM00995	R_MAR20108	substrate	False
MAM01316	R_MAR20108	substrate	False
MAM00767	R_MAR20108	product	False
MAM00995	R_MAR20109	substrate	False
MAM01316	R_MAR20109	substrate	False
MAM00767	R_MAR20109	product	False
MAM02633	R_MAR20110	substrate	False
MAM02819	R_MAR20110	product	False
MAM01261	R_MAR20111	substrate	False
MAM02007	R_MAR20111	substrate	False
MAM02439	R_MAR20111	product	False
MAM01357	R_MAR20112	substrate	False
MAM01422	R_MAR20112	product	False
MAM01802	R_MAR20117	substrate	False
MAM01334	R_MAR20117	product	False
MAM01828	R_MAR20117	product	False
MAM20019	R_MAR20167	substrate	True
MAM01828	R_MAR20167	product	True
MAM00209	R_MAR20168	substrate	False
MAM02393	R_MAR20168	product	False
MAM01412	R_MAR20169	substrate	False
MAM01410	R_MAR20169	product	False
MAM02644	R_MAR20170	substrate	False
MAM02642	R_MAR20170	product	False
MAM01650	R_MAR20171	substrate	False
MAM01648	R_MAR20171	product	False
MAM03116	R_MAR20172	substrate	False
MAM03117	R_MAR20172	product	False
MAM00670	R_MAR20173	substrate	False
MAM02984	R_MAR20173	substrate	False
MAM20077	R_MAR20173	product	False
MAM00824	R_MAR20174	substrate	False
MAM02984	R_MAR20174	substrate	False
MAM20078	R_MAR20174	product	False
MAM00669	R_MAR20175	substrate	False
MAM02984	R_MAR20175	substrate	False
MAM20079	R_MAR20175	product	False
MAM01013	R_MAR20176	substrate	False
MAM02984	R_MAR20176	substrate	False
MAM20080	R_MAR20176	product	False
MAM02393	R_MAR20177	substrate	False
MAM20081	R_MAR20177	substrate	False
MAM02984	R_MAR20177	product	False
MAM20082	R_MAR20177	product	False
MAM20082	R_MAR20178	substrate	False
MAM01701	R_MAR20178	product	False
MAM02774	R_MAR20178	product	False
MAM20085	R_MAR20184	substrate	False
MAM20084	R_MAR20184	product	False
MAM01628	R_MAR20185	substrate	False
MAM01307	R_MAR20185	product	False
MAM20085	R_MAR20185	product	False
MAM02026	R_MAR20186	substrate	False
MAM02042	R_MAR20186	substrate	False
MAM20086	R_MAR20186	product	False
MAM20086	R_MAR20187	substrate	False
MAM02026	R_MAR20187	product	False
MAM02949	R_MAR20187	product	False
MAM01329	R_MAR20189	substrate	False
MAM01824	R_MAR20189	substrate	False
MAM01328	R_MAR20189	product	False
MAM01826	R_MAR20189	product	False
MAM01329	R_MAR20190	substrate	False
MAM01328	R_MAR20190	product	False
MAM01974	R_MAR20191	substrate	False
MAM01975	R_MAR20191	product	False
